[1,["d87c5ZGhZJAJij1syZPATT","3aa0ljqvlGpY52ZrMoGrb6","09ph9H2qxJaIi2xeJKq5D0","8c9r8VukhKW7qv/hADE3rd","82UICgup9Ny79TuaZRz++a","90kAlvUoRLros8/jYXGjlg","13P1U5+URE1IUusVCJtDKT","540MoItSpBZKrw4RXOBIaP","55ypvlzO1IHrqjuS2+OZOu","bare7gyuNDZ4rNe2DUMEPr","39cSoCflNFkpxZd7t0cXQl","8fmVhcdDJECLI8z1PXwxBn","a0PQc0C01NCbIA6OSNIHeS","b4lVAry2ZPNYHSAjWxdkGi","cfBgxfwHpGEZFjY9YHz1Pg","1bEO7jW8JDcJy1swG8Nfbb","f7SVsj09ZEkox2Ir2fEtiB","10R8b9TBJHqadJ4vZAxno9","6bLM1e4nZOSpkVjbGDFEqL","ddMlf8D/VDdrcphoVeOuwe","bfwelQEdhPo4E7fBd1Owxd","22vk9HLQpFtJBK3vTamqdA","0fZPLTuINBXJEkz0ZXlObk","42W0+Ig91DY62JK5tH8dcj","73/rVRW5tKAorAbYIR1GUx","690+0Cy8tF5oQmNW1cACoL","a28v86ktdBtolw1XKzgOe5","45ABISHdJFRpPRB5kdWlC4","023BlOTq9MP4GvRtbZQMBB","19fzqV2/VG+bFcWm6YQChE","21c1s4li1NnJmyhM2F+pln","af7JeIUNdD9JYzTcF01x5K","85P0Q6Cl5MAY2rLbPMsNAI","dew6stBfJNvaoAy6hNuBTH","18gL/PVeBGL4O0u2dro0qH","ce3wWRFPtLAY2tvVxrvx/b","fazNtLCglL8JEGHTPa0m77","6e9Ap8Su5Nh5+/RWQZOMgQ","dbnaNg5j9KvKoWHcEzARr8","00MjDk7olEjrL0JrGDkFaZ","60rTxIVTJL1auG/62H+bV/","23kPfRxsVIr7+L8+lfcBwy","23JalBnrZOzL6TI0arnb2O","6cEfh359BDLa/L6uvKPV1c","d20HYNKD1LTpb3h+0UJyjX","61FXJEhhdI35q/1/ZBbRD2"],["_textureSetter","value","node","_spriteFrame","root","autoSpinBaseNode","autoSpinHoverNode","externalEffectNode","internalEffectSprite","clickParticleAnimator","arrowSprite","autoSpinNumberDisplayNode","autoSpinHolder","spinArrowBg","spinArrow","spinArrowHolder","spinButton","numberContainer","data","arrowSF","arrowBlurSF","arrowGreySF","arrowGreyBlurSF","_defaultClip"],["cc.SpriteFrame",["cc.Node",["_name","_active","_prefab","_trs","_children","_parent","_components","_contentSize","_anchorPoint"],1,4,7,2,1,12,5,5],["cc.Sprite",["_sizeMode","_isTrimmedMode","_dstBlendFactor","node","_spriteFrame"],0,1,6],["cc.Node",["_name","_opacity","_parent","_components","_prefab","_contentSize","_trs"],1,1,9,4,5,7],["cc.Node",["_name","_opacity","_parent","_components","_prefab","_contentSize","_trs"],1,1,2,4,5,7],["cc.Prefab",["_name"],2],["ecebbdAe75GKbR1RaIN+9wD",["node","spinButton","spinArrowHolder","spinArrow","spinArrowBg","autoSpinHolder","autoSpinNumberDisplayNode","arrowSprite","clickParticleAnimator","arrowBgSpriteFrameList","arrowSpriteFrameList","arrowBlurSpriteFrameList","specialEffectSpriteFrameList","internalEffectSprite","externalEffectNode","autoSpinHoverNode","autoSpinBaseNode","arrowSF","arrowBlurSF","arrowGreySF","arrowGreyBlurSF"],3,1,1,1,1,1,1,1,1,1,3,3,3,3,1,1,1,1,6,6,6,6],["cc.PrefabInfo",["fileId","root"],2,1],["e13cc9FLShL66GevrFVSv5p",["maxContainerSize","enableComma","enableDecimal","nodeNumberWidth","nodeNumberScale","decimalNumberScale","node","numberContainer","numberSprite"],-3,1,1,3],["cc.Animation",["node","_clips"],3,1,3],["cc.Button",["node","clickEvents","_N$normalColor","_N$target"],3,1,9,5,1],["cc.ClickEvent",["_componentId","handler","target"],1,1],["cc.AnimationClip",["_name","_duration","sample","curveData"],0,11]],[[7,0,1,2],[3,0,1,2,3,4,5,6,3],[2,2,0,1,3,4],[3,0,2,3,4,5,6,2],[2,0,1,3,4,3],[2,2,0,3,4,3],[5,0,2],[1,0,4,6,2,7,8,3,2],[1,0,5,4,2,3,2],[1,0,1,5,4,2,3,3],[1,0,5,6,2,7,3,2],[3,0,2,3,4,5,2],[4,0,2,3,4,5,2],[4,0,1,2,3,4,5,6,3],[6,0,1,2,3,4,5,6,7,8,9,10,11,12,13,14,15,16,17,18,19,20,1],[8,0,1,2,3,4,5,6,7,8,7],[2,2,0,1,3,4,4],[9,0,1,1],[10,0,1,2,3,1],[11,0,1,2,3],[12,0,1,2,3,4]],[[[{"name":"spin_button_vfx_a_09","rect":[137,142,130,133],"offset":[-1,-1],"originalSize":[134,139],"capInsets":[0,0,0,0]}],[0],0,[0],[0],[0]],[[{"name":"mh_vfx_dragon","rect":[248,167,197,164],"offset":[0,0],"originalSize":[197,164],"capInsets":[0,0,0,0]}],[0],0,[0],[0],[1]],[[{"name":"spin_arrow_grey_blur","rect":[1,840,172,172],"offset":[0,0],"originalSize":[172,172],"capInsets":[0,0,0,0]}],[0],0,[0],[0],[1]],[[{"name":"7","rect":[244,1,116,139],"offset":[0,0],"originalSize":[116,139],"capInsets":[0,0,0,0]}],[0],0,[0],[0],[2]],[[{"name":"mh_autospin","rect":[1,552,181,112],"offset":[0,0],"originalSize":[181,112],"capInsets":[0,0,0,0]}],[0],0,[0],[0],[1]],[[{"name":"spin_button_vfx_a_04","rect":[381,389,96,93],"offset":[-2,-2],"originalSize":[134,139],"rotated":1,"capInsets":[0,0,0,0]}],[0],0,[0],[0],[0]],[[{"name":"mh_vfx_tiger_dragon","rect":[225,499,197,164],"offset":[0,0],"originalSize":[197,164],"capInsets":[0,0,0,0]}],[0],0,[0],[0],[1]],[[{"name":"5","rect":[424,142,109,139],"offset":[0,0],"originalSize":[109,139],"rotated":1,"capInsets":[0,0,0,0]}],[0],0,[0],[0],[2]],[[[6,"spin_button_controller"],[7,"spin_button_controller",[-16,-17,-18,-19,-20,-21,-22],[[-2,[14,-15,-14,-13,-12,-11,-10,-9,-8,-7,[20,21],[22,23,24],[25,26,27],[28,29,30],-6,-5,-4,-3,16,17,18,19]],1,4],[0,"d05D5Fh25N2pqe//BLFKRM",-1],[5,245,190],[0,0.5,0.4],[0,-750,0,0,0,0,1,1,1,1]],[8,"arrow_holder",1,[-23,-24],[0,"06/6urQB1MWrr2zDnEo6XR",1],[0,32,0,0,0,0,1,1.6,1.3,1]],[9,"auto_spin_holder",false,1,[-25,-26],[0,"9a5iA6xidJc5gEhSKfuUSc",1],[0,5,0,0,0,0,1,1,1,1]],[3,"number",3,[[15,140,false,false,48,0.48,0,-28,-27,[3,4,5,6,7,8,9,10,11,12]]],[0,"b8ZmnViQxATbDfGelVa9B7",1],[5,0,40],[0,30,0,0,0,0,1,1,1,1]],[3,"button_bg",1,[[4,2,false,-29,0]],[0,"acEIJ4XHZENK1PoVqE4mI4",1],[5,248,190],[0,0,0,0,0,0,1,1.25,1.25,1]],[12,"arrow",2,[-30],[0,"28Ur2lTa5CAI6s/C0nCVnw",1],[5,172,172]],[10,"click_particle_animation",2,[[[2,1,2,false,-31],-32],4,1],[0,"bdC5L3AhVIqbL0LAwbt0k4",1],[5,40,40],[0,-9.2307692,0,0,0,0,1,1.5625,1.9230769,1]],[1,"external_expand_effect",0,1,[[16,1,0,false,-33,13]],[0,"b0Ee37Ym1LW7mySRCpRqFA",1],[5,281,234],[2.08,27.58,0,0,0,0,1,1,1,1]],[1,"auto_spin_hover_node",0,1,[[5,1,0,-34,14]],[0,"6fKC70DbZN1qVaPg3UNfK9",1],[5,259,160],[2,24,0,0,0,0,1,1,1,1]],[1,"auto_spin_base_node",0,1,[[5,1,0,-35,15]],[0,"05CUdbtohORrZh7oWQz5K4",1],[5,259,160],[2,24,0,0,0,0,1,1,1,1]],[2,1,2,false,6],[17,7,[1]],[11,"auto_spin",3,[[4,0,false,-36,2]],[0,"63sf18NZREHrYNYO+vkfYZ",1],[5,344,241]],[13,"internal_shine_effect",0,1,[-37],[0,"3eAdz7qsNIhJCeiNIWfZNr",1],[5,281,234],[1.6,32,0,0,0,0,1,1,1,1]],[2,1,0,false,14],[18,1,[[19,"ecebbdAe75GKbR1RaIN+9wD","clickSpinButton",1]],[4,4292269782],1]],0,[0,4,1,0,-1,16,0,5,10,0,6,9,0,7,8,0,8,15,0,9,12,0,10,11,0,11,4,0,12,3,0,13,5,0,14,6,0,15,2,0,16,16,0,2,1,0,-1,5,0,-2,2,0,-3,3,0,-4,14,0,-5,8,0,-6,9,0,-7,10,0,-1,6,0,-2,7,0,-1,13,0,-2,4,0,17,4,0,2,4,0,2,5,0,-1,11,0,2,7,0,-2,12,0,2,8,0,2,9,0,2,10,0,2,13,0,-1,15,0,18,1,37],[0,0,0,0,0,0,0,0,0,0,0,0,0,0,0,0,0,0,0,0,0,0,0,0,0,0,0,0,0,0,0,11,12,15],[3,-1,3,-1,-2,-3,-4,-5,-6,-7,-8,-9,-10,3,3,3,19,20,21,22,-1,-2,-1,-2,-3,-1,-2,-3,-1,-2,-3,3,23,3],[4,5,9,10,11,12,13,14,15,16,17,18,19,20,6,6,3,7,21,22,4,23,3,24,25,7,26,27,8,28,29,3,5,8]],[[{"name":"spin_button_vfx_a_00","rect":[1,501,3,3],"offset":[-65.5,68],"originalSize":[134,139],"capInsets":[0,0,0,0]}],[0],0,[0],[0],[0]],[[{"name":"spin_arrow_grey","rect":[175,839,172,172],"offset":[0,0],"originalSize":[172,172],"capInsets":[0,0,0,0]}],[0],0,[0],[0],[1]],[[{"name":"spin_button_vfx_a_12","rect":[1,142,134,139],"offset":[0,0],"originalSize":[134,139],"capInsets":[0,0,0,0]}],[0],0,[0],[0],[0]],[[{"name":"spin_button_vfx_a_11","rect":[1,1,134,139],"offset":[0,0],"originalSize":[134,139],"capInsets":[0,0,0,0]}],[0],0,[0],[0],[0]],[[{"name":"0","rect":[126,1,116,139],"offset":[0,0],"originalSize":[116,139],"capInsets":[0,0,0,0]}],[0],0,[0],[0],[2]],[[{"name":"spin_button_press","rect":[1,364,222,186],"offset":[0,0],"originalSize":[248,190],"capInsets":[0,0,0,0]}],[0],0,[0],[0],[1]],[[{"name":"spin_arrow_pink_blue_blur","rect":[1,1188,172,172],"offset":[0,0],"originalSize":[172,172],"capInsets":[0,0,0,0]}],[0],0,[0],[0],[1]],[[{"name":"spin_arrow_blue_blur","rect":[1,666,172,172],"offset":[0,0],"originalSize":[172,172],"capInsets":[0,0,0,0]}],[0],0,[0],[0],[1]],[[{"name":"mh_vfx_tiger","rect":[225,333,197,164],"offset":[0,0],"originalSize":[197,164],"capInsets":[0,0,0,0]}],[0],0,[0],[0],[1]],[[{"name":"spin_button_vfx_a_10","rect":[1,283,132,137],"offset":[-1,0],"originalSize":[134,139],"capInsets":[0,0,0,0]}],[0],0,[0],[0],[0]],[[{"name":"spin_button_vfx_a_15","rect":[273,130,134,127],"offset":[0,-6],"originalSize":[134,139],"capInsets":[0,0,0,0]}],[0],0,[0],[0],[0]],[[{"name":"spin_arrow_pink_blue","rect":[1,1014,172,172],"offset":[0,0],"originalSize":[172,172],"capInsets":[0,0,0,0]}],[0],0,[0],[0],[1]],[[{"name":"8","rect":[362,1,115,139],"offset":[0,0],"originalSize":[115,139],"capInsets":[0,0,0,0]}],[0],0,[0],[0],[2]],[[{"name":"spin_button_vfx_a_13","rect":[137,1,134,139],"offset":[0,0],"originalSize":[134,139],"capInsets":[0,0,0,0]}],[0],0,[0],[0],[0]],[[{"name":"spin_button_vfx_a_07","rect":[137,277,124,123],"offset":[0,-1],"originalSize":[134,139],"capInsets":[0,0,0,0]}],[0],0,[0],[0],[0]],[[{"name":"spin_arrow_pink","rect":[175,1013,172,172],"offset":[0,0],"originalSize":[172,172],"capInsets":[0,0,0,0]}],[0],0,[0],[0],[1]],[[{"name":"spin_button_nopress","rect":[1,172,222,190],"offset":[0,0],"originalSize":[248,190],"capInsets":[0,0,0,0]}],[0],0,[0],[0],[1]],[[{"name":"spin_button_vfx_a_02","rect":[409,1,68,59],"offset":[0,-3],"originalSize":[134,139],"rotated":1,"capInsets":[0,0,0,0]}],[0],0,[0],[0],[0]],[[{"name":"spin_arrow_blue","rect":[184,665,172,172],"offset":[0,0],"originalSize":[172,172],"capInsets":[0,0,0,0]}],[0],0,[0],[0],[1]],[[{"name":"1","rect":[588,1,71,139],"offset":[0,0],"originalSize":[71,139],"capInsets":[0,0,0,0]}],[0],0,[0],[0],[2]],[[[20,"button_click_particle",1,16,[{},"comps",11,[{},"cc.Sprite",11,[{},"spriteFrame",12,[[[{"frame":0},"value",6,0],[{"frame":0.0625},"value",6,1],[{"frame":0.125},"value",6,2],[{"frame":0.1875},"value",6,3],[{"frame":0.25},"value",6,4],[{"frame":0.3125},"value",6,5],[{"frame":0.375},"value",6,6],[{"frame":0.4375},"value",6,7],[{"frame":0.5},"value",6,8],[{"frame":0.5625},"value",6,9],[{"frame":0.625},"value",6,10],[{"frame":0.6875},"value",6,11],[{"frame":0.75},"value",6,12],[{"frame":0.8125},"value",6,13],[{"frame":0.875},"value",6,14],[{"frame":0.9375},"value",6,15]],11,11,11,11,11,11,11,11,11,11,11,11,11,11,11,11]]]]]],0,0,[0,0,0,0,0,0,0,0,0,0,0,0,0,0,0,0],[1,1,1,1,1,1,1,1,1,1,1,1,1,1,1,1],[30,31,32,33,34,35,36,37,38,39,40,41,42,43,44,45]],[[{"name":"2","rect":[283,142,109,139],"offset":[0,0],"originalSize":[109,139],"rotated":1,"capInsets":[0,0,0,0]}],[0],0,[0],[0],[2]],[[{"name":"spin_arrow_pink_blur","rect":[175,1187,172,172],"offset":[0,0],"originalSize":[172,172],"capInsets":[0,0,0,0]}],[0],0,[0],[0],[1]],[[{"name":"spin_button_vfx_a_01","rect":[85,422,42,45],"offset":[-1,0],"originalSize":[134,139],"capInsets":[0,0,0,0]}],[0],0,[0],[0],[0]],[[{"name":"3","rect":[479,1,107,139],"offset":[0,0],"originalSize":[107,139],"capInsets":[0,0,0,0]}],[0],0,[0],[0],[2]],[[{"name":"auto_spin","rect":[1,1,245,169],"offset":[0,4],"originalSize":[275,193],"capInsets":[0,0,0,0]}],[0],0,[0],[0],[1]],[[{"name":"mh_vfx_02","rect":[248,1,197,164],"offset":[0,0],"originalSize":[197,164],"capInsets":[0,0,0,0]}],[0],0,[0],[0],[1]],[[{"name":"spin_button_vfx_a_05","rect":[135,402,108,107],"offset":[-1,-2],"originalSize":[134,139],"capInsets":[0,0,0,0]}],[0],0,[0],[0],[0]],[[{"name":"4","rect":[1,1,123,139],"offset":[0,0],"originalSize":[123,139],"capInsets":[0,0,0,0]}],[0],0,[0],[0],[2]],[[{"name":"spin_button_vfx_a_14","rect":[273,1,134,127],"offset":[0,-6],"originalSize":[134,139],"capInsets":[0,0,0,0]}],[0],0,[0],[0],[0]],[[{"name":"spin_button_vfx_a_08","rect":[269,259,128,129],"offset":[1,-1],"originalSize":[134,139],"rotated":1,"capInsets":[0,0,0,0]}],[0],0,[0],[0],[0]],[[{"name":"9","rect":[142,142,113,139],"offset":[0,0],"originalSize":[113,139],"rotated":1,"capInsets":[0,0,0,0]}],[0],0,[0],[0],[2]],[[{"name":"spin_button_vfx_a_03","rect":[1,422,82,77],"offset":[-1,-2],"originalSize":[134,139],"capInsets":[0,0,0,0]}],[0],0,[0],[0],[0]],[[{"name":"6","rect":[1,142,113,139],"offset":[0,0],"originalSize":[113,139],"rotated":1,"capInsets":[0,0,0,0]}],[0],0,[0],[0],[2]],[[{"name":"spin_button_vfx_a_06","rect":[263,389,116,115],"offset":[0,-2],"originalSize":[134,139],"capInsets":[0,0,0,0]}],[0],0,[0],[0],[0]]]]