[1,["15avV7x9pGN5Yrzt/M9z3c","28hWakGJNDUrNCbXrarXyY","6558ltuABN0boGJbReig3D","3bCCna+LFEGbpn+U6NzNkt","c66MILas9M/5SiENkaRLEz","21b9L05uRI15WBeuus3ROB","6anWXPsBtIPpG17notkhDN"],["_textureSetter","dragon_copper_blur","dragon_gold_blur","dragon_silver_blur","tiger_copper_blur","tiger_gold_blur","tiger_silver_blur"],["cc.SpriteFrame",["cc.SpriteAtlas",["_name","_spriteFrames"],2,11]],[[1,0,1,2]],[[[{"name":"tiger_gold_blur","rect":[663,1,214,244],"offset":[0,0],"originalSize":[224,244],"capInsets":[0,0,0,0]}],[0],0,[0],[0],[0]],[[{"name":"dragon_copper_blur","rect":[879,1,214,242],"offset":[0,1],"originalSize":[224,244],"capInsets":[0,0,0,0]}],[0],0,[0],[0],[0]],[[{"name":"dragon_silver_blur","rect":[1,1,222,244],"offset":[0,0],"originalSize":[224,244],"capInsets":[0,0,0,0]}],[0],0,[0],[0],[0]],[[{"name":"dragon_gold_blur","rect":[447,1,214,244],"offset":[0,0],"originalSize":[224,244],"capInsets":[0,0,0,0]}],[0],0,[0],[0],[0]],[[{"name":"tiger_silver_blur","rect":[225,1,220,244],"offset":[0,0],"originalSize":[224,244],"capInsets":[0,0,0,0]}],[0],0,[0],[0],[0]],[[[0,"symbol_blur.plist",[{},"dragon_copper_blur",6,0,"dragon_gold_blur",6,1,"dragon_silver_blur",6,2,"tiger_copper_blur",6,3,"tiger_gold_blur",6,4,"tiger_silver_blur",6,5]]],0,0,[0,0,0,0,0,0],[1,2,3,4,5,6],[1,2,3,4,5,6]],[[{"name":"tiger_copper_blur","rect":[1095,1,214,242],"offset":[0,1],"originalSize":[224,244],"capInsets":[0,0,0,0]}],[0],0,[0],[0],[0]]]]