{"version":2,"assets":{"locale/game-rule-localized-card/card_rules_localized.json":["a0411","44a5c04d9f"],"locale/game-rule-localized-card/common_rules_localized.json":["a9c55","0b2f174aae"],"locale/game-rule-localized-card/da/card_rules_localized.json":["ae4fd","af4b2219b1"],"locale/game-rule-localized-card/da/common_rules_localized.json":["b3c84","2064e8fa65"],"locale/game-rule-localized-card/de/card_rules_localized.json":["b5216","3c27f2cd09"],"locale/game-rule-localized-card/de/common_rules_localized.json":["5fa6f","b3f54bf738"],"locale/game-rule-localized-card/es/card_rules_localized.json":["19932","7a80e98b16"],"locale/game-rule-localized-card/es/common_rules_localized.json":["a5217","04e5f6c882"],"locale/game-rule-localized-card/fi/card_rules_localized.json":["2e4e7","3b6f8ee8d7"],"locale/game-rule-localized-card/fi/common_rules_localized.json":["5561c","8b0550df22"],"locale/game-rule-localized-card/fr/card_rules_localized.json":["4d624","eb96e63231"],"locale/game-rule-localized-card/fr/common_rules_localized.json":["da8b9","d621821701"],"locale/game-rule-localized-card/id/card_rules_localized.json":["fe35b","69184273ee"],"locale/game-rule-localized-card/id/common_rules_localized.json":["dc40e","4ab2d2d258"],"locale/game-rule-localized-card/it/card_rules_localized.json":["5f942","b6e5c6675e"],"locale/game-rule-localized-card/it/common_rules_localized.json":["cc64f","257e0453fc"],"locale/game-rule-localized-card/ja/card_rules_localized.json":["ce3f5","a2aeba48d6"],"locale/game-rule-localized-card/ja/common_rules_localized.json":["3d979","fe4a770660"],"locale/game-rule-localized-card/ko/card_rules_localized.json":["8833a","d0445e6a71"],"locale/game-rule-localized-card/ko/common_rules_localized.json":["7fc60","faed585e2e"],"locale/game-rule-localized-card/my/card_rules_localized.json":["7cb5f","3715216fd2"],"locale/game-rule-localized-card/my/common_rules_localized.json":["6c3ef","108406acfc"],"locale/game-rule-localized-card/nl/card_rules_localized.json":["972c9","da31f778b3"],"locale/game-rule-localized-card/nl/common_rules_localized.json":["0f78a","0f823905d2"],"locale/game-rule-localized-card/no/card_rules_localized.json":["6cd72","de765b44f5"],"locale/game-rule-localized-card/no/common_rules_localized.json":["eddf4","af592e9133"],"locale/game-rule-localized-card/pl/card_rules_localized.json":["e1566","e30529c8a7"],"locale/game-rule-localized-card/pl/common_rules_localized.json":["c1db0","d391b72206"],"locale/game-rule-localized-card/pt/card_rules_localized.json":["9b6a7","587ad7a2bd"],"locale/game-rule-localized-card/pt/common_rules_localized.json":["f8e9b","d05c228652"],"locale/game-rule-localized-card/ro/card_rules_localized.json":["0127e","4e4342c607"],"locale/game-rule-localized-card/ro/common_rules_localized.json":["58715","a4c6c9f76e"],"locale/game-rule-localized-card/ru/card_rules_localized.json":["86a01","3bf65200bd"],"locale/game-rule-localized-card/ru/common_rules_localized.json":["d4399","6b92d004d0"],"locale/game-rule-localized-card/sv/card_rules_localized.json":["9da5f","bd1516832b"],"locale/game-rule-localized-card/sv/common_rules_localized.json":["7eba5","e899592801"],"locale/game-rule-localized-card/th/card_rules_localized.json":["30ab6","9a3b33578d"],"locale/game-rule-localized-card/th/common_rules_localized.json":["5f6ea","77b52c8967"],"locale/game-rule-localized-card/tr/card_rules_localized.json":["7bc2e","9e7feaf536"],"locale/game-rule-localized-card/tr/common_rules_localized.json":["14962","a2cb42b200"],"locale/game-rule-localized-card/uk/card_rules_localized.json":["f72cd","c8662c03fa"],"locale/game-rule-localized-card/uk/common_rules_localized.json":["42109","5fcf32d447"],"locale/game-rule-localized-card/vi/card_rules_localized.json":["3221a","e25392935e"],"locale/game-rule-localized-card/vi/common_rules_localized.json":["59408","7b040775ff"],"locale/game-rule-localized-card/zh/card_rules_localized.json":["a27a3","1b8cedc6da"],"locale/game-rule-localized-card/zh/common_rules_localized.json":["61b7a","f7a7296973"],"locale/game-rule-localized-legacy/common_rules_localized.json":["a9c55","42960a9857"],"locale/game-rule-localized-legacy/da/common_rules_localized.json":["b3c84","244a292d9a"],"locale/game-rule-localized-legacy/da/slot_rules_localized.json":["259fd","c62796c90d"],"locale/game-rule-localized-legacy/de/common_rules_localized.json":["5fa6f","c32534201e"],"locale/game-rule-localized-legacy/de/slot_rules_localized.json":["f0541","f350406c87"],"locale/game-rule-localized-legacy/es/common_rules_localized.json":["a5217","f7a80fa9ee"],"locale/game-rule-localized-legacy/es/slot_rules_localized.json":["c701c","607bc1281a"],"locale/game-rule-localized-legacy/fi/common_rules_localized.json":["5561c","90016af53d"],"locale/game-rule-localized-legacy/fi/slot_rules_localized.json":["03d27","6d9e2c4f0b"],"locale/game-rule-localized-legacy/fr/common_rules_localized.json":["da8b9","02c4d7bf03"],"locale/game-rule-localized-legacy/fr/slot_rules_localized.json":["83011","e9b9e7c8d8"],"locale/game-rule-localized-legacy/id/common_rules_localized.json":["dc40e","83ca22c0ea"],"locale/game-rule-localized-legacy/id/slot_rules_localized.json":["38ae7","6a0c6683e2"],"locale/game-rule-localized-legacy/it/common_rules_localized.json":["cc64f","b6603b1712"],"locale/game-rule-localized-legacy/it/slot_rules_localized.json":["3d923","c9338ebebd"],"locale/game-rule-localized-legacy/ja/common_rules_localized.json":["3d979","5420feccb6"],"locale/game-rule-localized-legacy/ja/slot_rules_localized.json":["c783a","dafd4b8d5f"],"locale/game-rule-localized-legacy/ko/common_rules_localized.json":["7fc60","2897e6f2fe"],"locale/game-rule-localized-legacy/ko/slot_rules_localized.json":["52ae6","bc4127ba36"],"locale/game-rule-localized-legacy/my/common_rules_localized.json":["6c3ef","17efdc0394"],"locale/game-rule-localized-legacy/my/slot_rules_localized.json":["420d5","0a6d00b3c8"],"locale/game-rule-localized-legacy/nl/common_rules_localized.json":["0f78a","b84e47fa9b"],"locale/game-rule-localized-legacy/nl/slot_rules_localized.json":["ce856","fff5d015c3"],"locale/game-rule-localized-legacy/no/common_rules_localized.json":["eddf4","df12f7c1ff"],"locale/game-rule-localized-legacy/no/slot_rules_localized.json":["43915","df1f111320"],"locale/game-rule-localized-legacy/pl/common_rules_localized.json":["c1db0","ed8cd87037"],"locale/game-rule-localized-legacy/pl/slot_rules_localized.json":["b55cf","32a7d92d57"],"locale/game-rule-localized-legacy/pt/common_rules_localized.json":["f8e9b","cc044b511e"],"locale/game-rule-localized-legacy/pt/slot_rules_localized.json":["82e9f","e1b31de84c"],"locale/game-rule-localized-legacy/ro/common_rules_localized.json":["58715","d30f8133d2"],"locale/game-rule-localized-legacy/ro/slot_rules_localized.json":["9a6e1","66a7fc8b38"],"locale/game-rule-localized-legacy/ru/common_rules_localized.json":["d4399","b45bfda9d2"],"locale/game-rule-localized-legacy/ru/slot_rules_localized.json":["69b86","7ab9cf5b80"],"locale/game-rule-localized-legacy/slot_rules_localized.json":["93cc3","bc6e4ea7d5"],"locale/game-rule-localized-legacy/sv/common_rules_localized.json":["7eba5","8b2bfb9e18"],"locale/game-rule-localized-legacy/sv/slot_rules_localized.json":["0d528","d48397fc82"],"locale/game-rule-localized-legacy/th/common_rules_localized.json":["5f6ea","7034294a7f"],"locale/game-rule-localized-legacy/th/slot_rules_localized.json":["7c5c1","fc2dda9759"],"locale/game-rule-localized-legacy/tr/common_rules_localized.json":["14962","0981895169"],"locale/game-rule-localized-legacy/tr/slot_rules_localized.json":["6a344","bf541f7201"],"locale/game-rule-localized-legacy/uk/common_rules_localized.json":["42109","f8809312da"],"locale/game-rule-localized-legacy/uk/slot_rules_localized.json":["042de","d14d146d09"],"locale/game-rule-localized-legacy/vi/common_rules_localized.json":["59408","cfec8b1441"],"locale/game-rule-localized-legacy/vi/slot_rules_localized.json":["88912","849048e973"],"locale/game-rule-localized-legacy/zh/common_rules_localized.json":["61b7a","340f70715d"],"locale/game-rule-localized-legacy/zh/slot_rules_localized.json":["9b147","f030b23f28"],"locale/game-rule-localized/common_rules_localized.json":["a9c55","3590beeb6d"],"locale/game-rule-localized/da/common_rules_localized.json":["b3c84","4365c9a8d6"],"locale/game-rule-localized/da/slot_rules_localized.json":["ef05c","bf51d0292a"],"locale/game-rule-localized/de/common_rules_localized.json":["5fa6f","9fc9cc8b51"],"locale/game-rule-localized/de/slot_rules_localized.json":["1129c","e4f20cb412"],"locale/game-rule-localized/es/common_rules_localized.json":["a5217","f863bd079c"],"locale/game-rule-localized/es/slot_rules_localized.json":["80802","7bf4ff26fd"],"locale/game-rule-localized/fi/common_rules_localized.json":["5561c","a7ec115303"],"locale/game-rule-localized/fi/slot_rules_localized.json":["b4a9f","f47e6aeb3c"],"locale/game-rule-localized/fr/common_rules_localized.json":["da8b9","c91578d5e7"],"locale/game-rule-localized/fr/slot_rules_localized.json":["bd61a","f6b1c007de"],"locale/game-rule-localized/id/common_rules_localized.json":["dc40e","ace2d6306c"],"locale/game-rule-localized/id/slot_rules_localized.json":["76c99","bb0fd9ba24"],"locale/game-rule-localized/it/common_rules_localized.json":["cc64f","28a94c2454"],"locale/game-rule-localized/it/slot_rules_localized.json":["c4379","52b94a2238"],"locale/game-rule-localized/ja/common_rules_localized.json":["3d979","b65fc33ba6"],"locale/game-rule-localized/ja/slot_rules_localized.json":["7e9a0","5eae5caf91"],"locale/game-rule-localized/ko/common_rules_localized.json":["7fc60","b97651eb71"],"locale/game-rule-localized/ko/slot_rules_localized.json":["7645e","ebc2829de1"],"locale/game-rule-localized/my/common_rules_localized.json":["6c3ef","9a02cbeea0"],"locale/game-rule-localized/my/slot_rules_localized.json":["660bb","a3d1ea09ee"],"locale/game-rule-localized/nl/common_rules_localized.json":["0f78a","abee162e36"],"locale/game-rule-localized/nl/slot_rules_localized.json":["6f1b9","8b8f460238"],"locale/game-rule-localized/no/common_rules_localized.json":["eddf4","8be5856ed5"],"locale/game-rule-localized/no/slot_rules_localized.json":["6e74c","94fb92fa49"],"locale/game-rule-localized/pl/common_rules_localized.json":["c1db0","570d6e7947"],"locale/game-rule-localized/pl/slot_rules_localized.json":["7f7b4","e7b363a017"],"locale/game-rule-localized/pt/common_rules_localized.json":["f8e9b","0afd35faf2"],"locale/game-rule-localized/pt/slot_rules_localized.json":["1262d","f3d639eb37"],"locale/game-rule-localized/ro/common_rules_localized.json":["58715","ab5d26b10a"],"locale/game-rule-localized/ro/slot_rules_localized.json":["6cc9d","9b08fb352c"],"locale/game-rule-localized/ru/common_rules_localized.json":["d4399","44ef4f2d8b"],"locale/game-rule-localized/ru/slot_rules_localized.json":["73a39","f3ae6960ed"],"locale/game-rule-localized/slot_rules_localized.json":["2675a","2ca7fa3d32"],"locale/game-rule-localized/sv/common_rules_localized.json":["7eba5","659701daa1"],"locale/game-rule-localized/sv/slot_rules_localized.json":["b6d8f","38d07620b0"],"locale/game-rule-localized/th/common_rules_localized.json":["5f6ea","bb574a17f5"],"locale/game-rule-localized/th/slot_rules_localized.json":["0686e","daae959f08"],"locale/game-rule-localized/tr/common_rules_localized.json":["14962","c3f40d8e88"],"locale/game-rule-localized/tr/slot_rules_localized.json":["491fa","35dc56e643"],"locale/game-rule-localized/uk/common_rules_localized.json":["42109","fd9e55de4e"],"locale/game-rule-localized/uk/slot_rules_localized.json":["35f07","362d5843b5"],"locale/game-rule-localized/vi/common_rules_localized.json":["59408","091ce6dfee"],"locale/game-rule-localized/vi/slot_rules_localized.json":["11d15","70e6df6b2f"],"locale/game-rule-localized/zh/common_rules_localized.json":["61b7a","6610b873a9"],"locale/game-rule-localized/zh/slot_rules_localized.json":["5674b","20b10b9dff"],"rules/config/legacy/sharedRules.json":["39bb3","9b867a8eac"],"rules/config/sharedRules.json":["79e6b","783cc5fa60"],"rules/texture/game_rules.css":["91d99","7037b0c899"],"rules/texture/game_rules.png":["3d8b2","ee7b8f25bb"],"rules/texture/legacy/game_rules.css":["eb59b","d0fb67c669"],"rules/texture/legacy/game_rules.png":["1fce4","ecf116e4a4"],"rules/texture/zh/game_rules.png":["69a44","be0526b6bd"],"shell-game-res/locale/da/locale.json":["c9835","a38a8ecf75"],"shell-game-res/locale/de/locale.json":["b5dc6","eb3c42d2f9"],"shell-game-res/locale/es/locale.json":["5905f","5854902ba2"],"shell-game-res/locale/fi/locale.json":["1900b","284f82d559"],"shell-game-res/locale/fr/locale.json":["f4e89","b0fb4876cb"],"shell-game-res/locale/id/locale.json":["f2065","73636538cf"],"shell-game-res/locale/it/locale.json":["01b9f","0092f907fd"],"shell-game-res/locale/ja/locale.json":["51bc5","d09a707632"],"shell-game-res/locale/ko/locale.json":["650bb","5fcc2d5334"],"shell-game-res/locale/locale.json":["9612e","2b3209ff81"],"shell-game-res/locale/my/locale.json":["39897","843274221b"],"shell-game-res/locale/nl/locale.json":["18e66","85bf597e8e"],"shell-game-res/locale/no/locale.json":["b3211","ab1d7f6bc4"],"shell-game-res/locale/pl/locale.json":["dd3c9","4b893b5ecb"],"shell-game-res/locale/pt/locale.json":["3993b","bedc654b9a"],"shell-game-res/locale/ro/locale.json":["81431","1855fd5d0b"],"shell-game-res/locale/ru/locale.json":["cbc61","63ba2c24e5"],"shell-game-res/locale/sv/locale.json":["6ff52","dd2c451dcc"],"shell-game-res/locale/th/locale.json":["6100d","091e1b3243"],"shell-game-res/locale/tr/locale.json":["7fbb6","57c8176f71"],"shell-game-res/locale/uk/locale.json":["2f54d","9c32197893"],"shell-game-res/locale/vi/locale.json":["84b2c","9a6f648891"],"shell-game-res/locale/zh/locale.json":["a3f8a","901c96cfb3"]}}