[1,["ecpdLyjvZBwrvm+cedCcQy","a3w66nIgxK2bo5j+MSGPoz","f4S1We/qFC/b2X6GIGZP1W","c3ytrgSltFF6os9uyuXTvp","bf5Nikv9dO1I6udsDti50h","393E3xGRJB6JlOeZ1lhWR0","08TaJZFSFCTpKM6/2/8Pyp","aehRTVPVNHfJ+I3C8T1eE5","c2Jmi3BXFGkqcqVAqHyNsd","2496Zs7z1GxKBlO1/VxYVz"],["node","_spriteFrame","root","turboButtonEffect","spriteLightShadowEffectNode","spriteLightEffectNode","lightingEffectAnim","turboSpinEffectAnim","titleLabel","spriteEffect","sprite","buttonTheme","collider","iconSprite","data","turboSpinEffectOn","turboSpinEffectOff"],[["cc.Node",["_name","_active","_opacity","_components","_prefab","_contentSize","_parent","_children","_anchorPoint","_trs"],0,12,4,5,1,2,5,7],["cc.Node",["_name","_parent","_components","_prefab","_contentSize","_children","_color"],2,1,2,4,5,2,5],["cc.PrefabInfo",["fileId","root","asset"],2,1,1],["cc.Sprite",["_sizeMode","_isTrimmedMode","node","_materials","_spriteFrame"],1,1,3,6],["cc.Prefab",["_name"],2],["cc.Node",["_name","_opacity","_parent","_components","_prefab","_contentSize"],1,1,9,4,5],["eaed475bBBLf69c2AHexgPy",["node","iconSprite","collider","buttonTheme","sprite","spriteEffect","titleLabel","turboSpinEffectAnim","lightingEffectAnim","spriteLightEffectNode","spriteLightShadowEffectNode","turboButtonEffect","turboSpinEffectOn","turboSpinEffectOff"],3,1,1,1,1,1,1,1,1,1,1,1,1,6,6],["05b6c8yPn1LZIH3AnSTBq8U",["followFont","domainKey","fontKey","node"],0,1],["cc.Label",["_string","_fontSize","_N$horizontalAlign","_N$verticalAlign","_N$overflow","node"],-2,1],["cc.Animation",["node","_clips"],3,1,3],["5e837vEECVAj4O05haO7Gt+",["node"],3,1],["2a5d1nUeQZE9KCVbljwPCZP",["domainKey","_N$transition","_N$colorKey","node"],0,1],["cc.AnimationClip",["_name","_duration","sample","curveData"],0,11]],[[2,0,1,2,2],[3,0,1,2,3,3],[9,0,1,1],[4,0,2],[0,0,7,3,4,5,2],[0,0,6,3,4,5,2],[0,0,1,2,6,3,4,5,8,9,4],[1,0,1,5,2,3,4,2],[1,0,1,2,3,6,4,2],[1,0,1,2,3,4,2],[5,0,1,2,3,4,5,3],[6,0,1,2,3,4,5,6,7,8,9,10,11,12,13,1],[2,1,2,1],[3,0,1,2,3,4,3],[7,0,1,2,3,4],[8,0,1,2,3,4,5,6],[10,0,1],[11,0,1,2,3,4],[12,0,1,2,3,4]],[[[[3,"turbo_spin_button"],[4,"ReturnLobbyButton",[-15,-16],[[-2,[11,-14,-13,-12,-11,-10,-9,-8,-7,-6,-5,-4,-3,11,12]],1,4],[12,-1,0],[5,170.4347792,170.4347792]],[7,"effect",1,[-19,-20,-21,-22],[-17,-18],[0,"deZjs15f5O3pfK98BnHbr6",1,0],[5,56,82]],[5,"lighthing_effect_sprite",2,[[[1,2,false,-23,[4]],-24],4,1],[0,"abfl1Y7MZMQZOeo80sJrpn",1,0],[5,60,60]],[6,"title_label",false,128,1,[[-25,[14,true,"setting","theme_font",-26]],1,4],[0,"62rgpx3sVHJ5sYGAZfawkR",1,0],[5,200,40],[0,0.5,1],[0,-60,0,0,0,0,1,1,1,1]],[8,"ReturnLobbySprite",2,[-27],[0,"cchcHCrDROUI+NEATfhE+5",1,0],[4,4284572139],[5,90,90]],[10,"turbo_effect_shadow_sprite",0,2,[[13,2,false,-28,[2],3]],[0,"070PFOGXBHoYqUJW5Gxr1i",1,0],[5,70,70]],[15,"Paytableg",30,1,1,2,4],[1,2,false,5,[0]],[9,"turbo_effect_sprite",2,[-29],[0,"151eByYUdAW6JjPKhYcBma",1,0],[5,90,90]],[1,2,false,9,[1]],[2,3,[5,6,7]],[2,2,[8,9,10]],[16,2],[17,"setting",1,"white_button_transition_a",1]],0,[0,2,1,0,-1,14,0,3,13,0,4,6,0,5,3,0,6,11,0,7,12,0,8,7,0,9,10,0,10,8,0,11,14,0,12,1,0,13,5,0,0,1,0,-1,4,0,-2,2,0,-1,12,0,-2,13,0,-1,5,0,-2,9,0,-3,6,0,-4,3,0,0,3,0,-2,11,0,-1,7,0,0,4,0,-1,8,0,0,6,0,-1,10,0,14,1,29],[0,0,0,0,0,0,0,0,0,0,0,0,0,10],[-1,-1,-1,1,-1,-1,-2,-3,-1,-2,-3,15,16,1],[0,0,0,2,0,3,4,5,6,7,8,1,9,1]],[[[18,"turbo_icon_loop",1.5,20,[{},"paths",11,[{},"turbo_effect_shadow_sprite",11,[{},"props",11,[{"active":[{"frame":0,"value":false},{"frame":0.1,"value":true},{"frame":1.5,"value":false}],"opacity":[{"frame":0.05,"value":0},{"frame":0.1,"value":180},{"frame":1.5,"value":0}]},"scale",12,[[[{"frame":0.1},"value",8,[0,1,1]],[{"frame":0.75},"value",8,[0,1.5,1.5]]],11,11]]]]]]],0,0,[],[],[]]]]