[1,["30UcjoOrNE/aYfhosHL+Ha","1dZA14AOhC7L27NIOP7RSB","f4llbLl/tA2r+3mxrZVaLP"],["_textureSetter","s_wild_1x1","s_wild_1x1_blur"],["cc.SpriteFrame",["cc.SpriteAtlas",["_name","_spriteFrames"],2,11]],[[1,0,1,2]],[[[{"name":"s_wild_1x1","rect":[1,1,238,280],"offset":[0,9],"originalSize":[322,336],"rotated":1,"capInsets":[0,0,0,0]}],[0],0,[0],[0],[0]],[[{"name":"s_wild_1x1_blur","rect":[283,1,170,204],"offset":[0,7],"originalSize":[230,240],"capInsets":[0,0,0,0]}],[0],0,[0],[0],[0]],[[[0,"wild_symbol.plist",[{},"s_wild_1x1",6,0,"s_wild_1x1_blur",6,1]]],0,0,[0,0],[1,2],[1,2]]]]