[1,["51ONkHE5ZGGqGBVAXJa9Ky","1fEPfQFmRH/ZX7KdeOgSGb","17s5YLHFhJJpzaBNnarz3X","99wFCT4cBCgb2VwabOtPdv"],["_textureSetter","bw","mw","smw"],["cc.SpriteFrame",["cc.SpriteAtlas",["_name","_spriteFrames"],2,11]],[[1,0,1,2]],[[[{"name":"mw","rect":[1,213,483,124],"offset":[0,0],"originalSize":[483,124],"capInsets":[0,0,0,0]}],[0],0,[0],[0],[0]],[[{"name":"bw","rect":[1,339,369,124],"offset":[0,0],"originalSize":[369,124],"capInsets":[0,0,0,0]}],[0],0,[0],[0],[0]],[[[0,"bigwin_text.plist",[{},"bw",6,0,"mw",6,1,"smw",6,2]]],0,0,[0,0,0],[1,2,3],[1,2,3]],[[{"name":"smw","rect":[1,1,468,210],"offset":[0,0],"originalSize":[468,210],"capInsets":[0,0,0,0]}],[0],0,[0],[0],[0]]]]