[1,["dbhU9CMzNHPKvN4Ho0gxbl","69Zr61y2NDDLfLpEBqzDuZ","dfi9CwcJNO9avvNE046+iZ","18K+2cjhtB3pBDjk9N2ToT","83P0mZBr1LTIRFUElMXx12","76qtFDmBpGS7St1/ASGH7T","51Jj3hNUxMNbZhqIB11YWe","97iqTL8CpA/LRvp+ztQyq/","4ae4K67eNICbbM99F7uFGc","49YEJxpWNENISZydrNT+nY","8b5PtIo75N4Zsqi8t8dT6F","e34pfKUvZBiLhshCUP705d","b09SWgXv5K74iazCIL6Ul0","bfKtLKZJ5JcJey6TdVH63x","a5fwYsVORMULJJBxebrkeZ","b2SgVMFWpGRKwf/kC1yqg4","f0A4ADUrtDYoZ/GsODAtNW","c85OJu2rJJeqi978JSlAZy","38HFR24zNHxoXkM/yke7Pf","b0PHi6pkJP6rMKIb/4NKUl","0fKhCwYeRET7qDloYxtIfA","44eKOEzctHDq8SwmEq07Hh","bduaHK33JLh5CVonuIX5//","f1bvgnU2dNSZ2LC/U1HWK0","eeO9+j6aZKPrliM7ULdLuX","e2PRyYYGdPyJZsDJ7g588B","93mHPnzONDLbHf3esKIc3K","0ajBdIjbJMP6iE9n+iDQg6","b12dVxkD1GuZGhU3HrIVDZ","3fpKS9qCZCmIOB6DW2FgIh","08KthG9MVBHqbAFUeU91RC","38n++KjqxGsoddUeVb1Tst","dbCrIcC95HuJzddbyuvL5C","90JP521TlAVa7KBk0euoSp","7eZA56jYlH8o3pl6N3IKP1","8eB1hzSoxOC6a9nS5zae4e","11rcnVXblMJL6SbM+2Fwa7","237FqcRxFCiqToBThCKdR+","b15yI/T6dGV4yycnGCJmiT","9bXK3Rxy1AWYNwzLixKRef","e2Qh2sM8lDl49jH1ahiLF9","0fSws87jdEVJE1l+1/4Ouw","7asBeVriRCBa92r18cIX+U","3aNLXekkVBwaQ1Mdy+sWfs","73DHNTdilBKaTou/uNh9Nk","d5CqXMr6ZBz5mhMMFZWcEv","0ciwvjA8JPqqssaAo/B+GR","bfX0mqrSZC/7a/+oR1lDD/","08KA12vulPbqW4hXR9+saz","faMzE6K7lOibi3yGAFsXZq","2ayYnc2phJU5Pue6OpZYES","a2nNJD+GBLBKOpHtMBM2bB","31XxhjHqJEZa5x56OaI0qj","a8Snisjp1P9LPiyAx6opC4","c0gMYhcRNOlLTHJgJ/yDwn","3cJUNlgldIb5KR4MJoU6Oj","257o/0SItORaN78nVMbd2X","a3+C33rYlGO6H9WlHfdCR9","9fdPa6t4NGh7SHdQCdv6ju","7885Fw685IVIkC49bx1g98","6dUEX6uftD3p97KGneMi2B","efKQCN9FZPwrcAiaX6viTB","0dkbAMokdARpz2V5u/GuxN","584eVOPIlHPakIKM1Dm7g4","d6cXcmCxhCEZ6BeyGQzbks","7coJQMGKxPNaJj8XS7yTVA","59CQG1B55ISqLxMXB6fVoz","937Fxh8pZNjZByUdzagUJ5","baXa8SiRFB5qHitzn5jmA7","deH/JCuYVIT45urXRUbUBY","68Sz8iWG9B3Y9JxDp3SfLf","c99dQ3mG1CDaL2R94c1g+q","34wdksKnFDtrLm/HABDisK","81NGc9jTNCr74+g7eMNcON","2auNs+o1lJtLQaviJhIAhk","28mq51xR5EHLNKkyWKjgXu","41Hp1NemdHrrhcxhf1M5P1","40H57mUGlFeJ4zkAIGRLGO","feHikjVXBFV7RJ36oNzwUK","ebaP3famhFxqvsLd/0tNyT","90EhJwVKdPNasXRbOK7Ar0","d5yoZXQzpDS7z52KjsUGAf","51klU+quNMKY9jDpARzKmt","c4rYfczZ1F4reZ6aOEH4qv","6bGAdna6FPb4eCNQKdg8uD","644MEfgTJG1oR7PK44OgT0","77f61NM3JOw4bborcv3qD2","a6rLZl2mxHu6y3+Bd8nNxP","47f1L9uTJDWbKZupymda1y","35CcMqKoRMq6KoVpYAlPl/"],["_textureSetter","value","node","root","data","_spriteFrame","paySelectFrameItem","symbolMaskAnimation"],["cc.SpriteFrame",["cc.Node",["_name","_components","_prefab","_contentSize","_trs"],2,9,4,5,7],["cc.Sprite",["_dstBlendFactor","_sizeMode","_isTrimmedMode","node","_spriteFrame"],0,1,6],["cc.Prefab",["_name"],2],["0f2ed3+ci1AWaniwoslx7pt",["node"],3,1],["cc.PrefabInfo",["fileId","root"],2,1],["cc.Animation",["node","_clips"],3,1,3],["cc.AnimationClip",["_name","_duration","sample","wrapMode","curveData"],-1,11],["f37b720RD1JBJurvUQ5nQo+",["node","paySelectFrameSpriteFrameList","paySelectFrameItem","symbolMaskAnimation"],3,1,3,6,6]],[[7,0,1,2,3,4,5],[3,0,2],[5,0,1,2],[1,0,1,2,3,2],[1,0,1,2,4,2],[1,0,1,2,2],[2,0,1,2,3,4,4],[2,0,1,2,3,4],[4,0,1],[6,0,1,1],[8,0,1,2,3,1]],[[[{"name":"wh_vfx_b_tiger_01_09","rect":[1,145,142,146],"offset":[0,0],"originalSize":[146,146],"capInsets":[0,0,0,0]}],[0],0,[0],[0],[0]],[[{"name":"wh_vfx_b_dragon_02_04","rect":[273,279,129,113],"offset":[0,0],"originalSize":[143,143],"rotated":1,"capInsets":[0,0,0,0]}],[0],0,[0],[0],[1]],[[{"name":"wh_vfx_b_dragon_02_01","rect":[388,275,123,117],"offset":[-4,7],"originalSize":[143,143],"rotated":1,"capInsets":[0,0,0,0]}],[0],0,[0],[0],[1]],[[{"name":"wh_vfx_b_tiger_01_07","rect":[1,1,142,146],"offset":[0,0],"originalSize":[146,146],"rotated":1,"capInsets":[0,0,0,0]}],[0],0,[0],[0],[0]],[[{"name":"wh_vfx_b_dragon_01_11","rect":[281,364,137,139],"offset":[0,2],"originalSize":[143,143],"capInsets":[0,0,0,0]}],[0],0,[0],[0],[2]],[[{"name":"wh_vfx_b_dragon_03_06","rect":[132,134,125,131],"offset":[0,3],"originalSize":[143,143],"capInsets":[0,0,0,0]}],[0],0,[0],[0],[3]],[[{"name":"wh_vfx_b_tiger_01_02","rect":[437,1,120,50],"offset":[-1,36],"originalSize":[146,146],"rotated":1,"capInsets":[0,0,0,0]}],[0],0,[0],[0],[0]],[[{"name":"wh_vfx_b_dragon_02_10","rect":[1,142,137,139],"offset":[0,1],"originalSize":[143,143],"capInsets":[0,0,0,0]}],[0],0,[0],[0],[1]],[[{"name":"wh_vfx_b_dragon_02_11","rect":[140,1,137,137],"offset":[-1,2],"originalSize":[143,143],"capInsets":[0,0,0,0]}],[0],0,[0],[0],[1]],[[{"name":"wh_vfx_b_dragon_01_05","rect":[142,287,137,139],"offset":[0,2],"originalSize":[143,143],"capInsets":[0,0,0,0]}],[0],0,[0],[0],[2]],[[[1,"win_select_frame"],[3,"win_select_frame",[[6,1,0,false,-2,0],[8,-3]],[2,"21qtZYdm5L5Z4jn34dOCru",-1],[5,1022.5,542.5]]],0,[0,3,1,0,2,1,0,2,1,0,4,1,3],[0],[5],[6]],[[{"name":"wh_vfx_b_tiger_03_11","rect":[281,1,114,58],"offset":[-1,42],"originalSize":[146,146],"rotated":1,"capInsets":[0,0,0,0]}],[0],0,[0],[0],[4]],[[{"name":"wh_vfx_b_tiger_01_11","rect":[289,291,140,142],"offset":[0,2],"originalSize":[146,146],"rotated":1,"capInsets":[0,0,0,0]}],[0],0,[0],[0],[0]],[[{"name":"wh_vfx_b_dragon_01_01","rect":[283,257,115,105],"offset":[1,9],"originalSize":[143,143],"capInsets":[0,0,0,0]}],[0],0,[0],[0],[2]],[[{"name":"wh_vfx_b_tiger_03_09","rect":[141,1,134,138],"offset":[0,4],"originalSize":[146,146],"rotated":1,"capInsets":[0,0,0,0]}],[0],0,[0],[0],[4]],[[{"name":"wh_vfx_b_tiger_02_11","rect":[1,287,136,138],"offset":[-1,2],"originalSize":[146,146],"capInsets":[0,0,0,0]}],[0],0,[0],[0],[5]],[[{"name":"wh_vfx_b_dragon_03_04","rect":[259,134,117,115],"offset":[0,3],"originalSize":[143,143],"rotated":1,"capInsets":[0,0,0,0]}],[0],0,[0],[0],[3]],[[{"name":"wh_vfx_b_dragon_02_05","rect":[277,140,133,119],"offset":[-1,1],"originalSize":[143,143],"rotated":1,"capInsets":[0,0,0,0]}],[0],0,[0],[0],[1]],[[{"name":"wh_vfx_b_tiger_01_04","rect":[293,145,126,126],"offset":[0,-2],"originalSize":[146,146],"capInsets":[0,0,0,0]}],[0],0,[0],[0],[0]],[[{"name":"wh_vfx_b_dragon_01_04","rect":[283,134,125,121],"offset":[0,-2],"originalSize":[143,143],"capInsets":[0,0,0,0]}],[0],0,[0],[0],[2]],[[{"name":"wh_vfx_b_dragon_02_03","rect":[416,1,9,11],"offset":[-61,10],"originalSize":[143,143],"capInsets":[0,0,0,0]}],[0],0,[0],[0],[1]],[[[1,"symbol_mask_anim"],[4,"symbol_mask_anim",[[7,1,2,false,-2],[9,-3,[0,1,2,3,4,5]]],[2,"5fyccQQ3hOYodnwJO9lL8E",-1],[0,0,0,0,0,0,1,1.54,1.54,1]]],0,[0,3,1,0,2,1,0,2,1,0,4,1,3],[0,0,0,0,0,0],[-1,-2,-3,-4,-5,-6],[7,8,9,10,11,12]],[[{"name":"reel_vfx_b","rect":[0,0,409,217],"offset":[0,0],"originalSize":[409,217],"capInsets":[0,0,0,0]}],[0],0,[0],[0],[13]],[[{"name":"wh_vfx_b_dragon_03_07","rect":[1,134,129,133],"offset":[0,3],"originalSize":[143,143],"capInsets":[0,0,0,0]}],[0],0,[0],[0],[3]],[[{"name":"wh_vfx_b_tiger_02_10","rect":[139,1,138,140],"offset":[0,1],"originalSize":[146,146],"capInsets":[0,0,0,0]}],[0],0,[0],[0],[5]],[[[0,"dragon_copper_vfx",0.75,16,"2",[{},"comps",11,[{},"cc.Sprite",11,[{},"spriteFrame",12,[[[{"frame":0},"value",6,0],[{"frame":0.0625},"value",6,1],[{"frame":0.125},"value",6,2],[{"frame":0.1875},"value",6,3],[{"frame":0.25},"value",6,4],[{"frame":0.3125},"value",6,5],[{"frame":0.375},"value",6,6],[{"frame":0.4375},"value",6,7],[{"frame":0.5},"value",6,8],[{"frame":0.5625},"value",6,9],[{"frame":0.625},"value",6,10],[{"frame":0.6875},"value",6,11]],11,11,11,11,11,11,11,11,11,11,11,11]]]]]],0,0,[0,0,0,0,0,0,0,0,0,0,0,0],[1,1,1,1,1,1,1,1,1,1,1,1],[14,15,16,17,18,19,20,21,22,23,24,25]],[[[0,"dragon_silver_vfx",0.75,16,"2",[{},"comps",11,[{},"cc.Sprite",11,[{},"spriteFrame",12,[[[{"frame":0},"value",6,0],[{"frame":0.0625},"value",6,1],[{"frame":0.125},"value",6,2],[{"frame":0.1875},"value",6,3],[{"frame":0.25},"value",6,4],[{"frame":0.3125},"value",6,5],[{"frame":0.375},"value",6,6],[{"frame":0.4375},"value",6,7],[{"frame":0.5},"value",6,8],[{"frame":0.5625},"value",6,9],[{"frame":0.625},"value",6,10],[{"frame":0.6875},"value",6,11]],11,11,11,11,11,11,11,11,11,11,11,11]]]]]],0,0,[0,0,0,0,0,0,0,0,0,0,0,0],[1,1,1,1,1,1,1,1,1,1,1,1],[26,27,28,29,30,31,32,33,34,35,36,37]],[[{"name":"reel_vfx_a","rect":[0,0,409,217],"offset":[0,0],"originalSize":[409,217],"capInsets":[0,0,0,0]}],[0],0,[0],[0],[38]],[[{"name":"wh_vfx_b_tiger_02_04","rect":[279,119,124,110],"offset":[2,-1],"originalSize":[146,146],"capInsets":[0,0,0,0]}],[0],0,[0],[0],[5]],[[{"name":"wh_vfx_b_tiger_03_00","rect":[341,1,3,3],"offset":[-71.5,71.5],"originalSize":[146,146],"capInsets":[0,0,0,0]}],[0],0,[0],[0],[4]],[[{"name":"wh_vfx_b_tiger_03_03","rect":[341,1,3,3],"offset":[-71.5,71.5],"originalSize":[146,146],"capInsets":[0,0,0,0]}],[0],0,[0],[0],[4]],[[{"name":"wh_vfx_b_tiger_02_07","rect":[139,143,132,138],"offset":[0,0],"originalSize":[146,146],"rotated":1,"capInsets":[0,0,0,0]}],[0],0,[0],[0],[5]],[[{"name":"wh_vfx_b_tiger_03_07","rect":[1,137,132,138],"offset":[0,3],"originalSize":[146,146],"capInsets":[0,0,0,0]}],[0],0,[0],[0],[4]],[[{"name":"wh_vfx_b_tiger_02_06","rect":[271,347,130,136],"offset":[1,-1],"originalSize":[146,146],"rotated":1,"capInsets":[0,0,0,0]}],[0],0,[0],[0],[5]],[[{"name":"wh_vfx_b_dragon_01_09","rect":[1,291,139,143],"offset":[0,0],"originalSize":[143,143],"capInsets":[0,0,0,0]}],[0],0,[0],[0],[2]],[[{"name":"wh_vfx_b_tiger_01_05","rect":[145,291,140,142],"offset":[0,2],"originalSize":[146,146],"rotated":1,"capInsets":[0,0,0,0]}],[0],0,[0],[0],[0]],[[{"name":"wh_vfx_b_tiger_02_08","rect":[1,145,134,140],"offset":[0,0],"originalSize":[146,146],"capInsets":[0,0,0,0]}],[0],0,[0],[0],[5]],[[{"name":"wh_vfx_b_dragon_01_08","rect":[142,1,139,143],"offset":[0,0],"originalSize":[143,143],"capInsets":[0,0,0,0]}],[0],0,[0],[0],[2]],[[{"name":"wh_vfx_b_tiger_01_03","rect":[433,271,100,14],"offset":[-1,55],"originalSize":[146,146],"rotated":1,"capInsets":[0,0,0,0]}],[0],0,[0],[0],[0]],[[{"name":"wh_vfx_b_tiger_03_02","rect":[341,1,3,3],"offset":[-71.5,71.5],"originalSize":[146,146],"capInsets":[0,0,0,0]}],[0],0,[0],[0],[4]],[[{"name":"wh_vfx_b_dragon_02_08","rect":[140,140,135,137],"offset":[-1,0],"originalSize":[143,143],"capInsets":[0,0,0,0]}],[0],0,[0],[0],[1]],[[{"name":"wh_vfx_b_tiger_03_10","rect":[1,277,130,132],"offset":[-1,7],"originalSize":[146,146],"rotated":1,"capInsets":[0,0,0,0]}],[0],0,[0],[0],[4]],[[[0,"tiger_gold_vfx",0.75,16,"2",[{},"comps",11,[{},"cc.Sprite",11,[{},"spriteFrame",12,[[[{"frame":0},"value",6,0],[{"frame":0.0625},"value",6,1],[{"frame":0.125},"value",6,2],[{"frame":0.1875},"value",6,3],[{"frame":0.25},"value",6,4],[{"frame":0.3125},"value",6,5],[{"frame":0.375},"value",6,6],[{"frame":0.4375},"value",6,7],[{"frame":0.5},"value",6,8],[{"frame":0.5625},"value",6,9],[{"frame":0.625},"value",6,10],[{"frame":0.6875},"value",6,11]],11,11,11,11,11,11,11,11,11,11,11,11]]]]]],0,0,[0,0,0,0,0,0,0,0,0,0,0,0],[1,1,1,1,1,1,1,1,1,1,1,1],[39,40,41,42,43,44,45,46,47,48,49,50]],[[{"name":"wh_vfx_b_dragon_02_09","rect":[1,1,137,139],"offset":[-1,1],"originalSize":[143,143],"capInsets":[0,0,0,0]}],[0],0,[0],[0],[1]],[[{"name":"wh_vfx_b_tiger_02_02","rect":[405,119,3,3],"offset":[-71.5,71.5],"originalSize":[146,146],"capInsets":[0,0,0,0]}],[0],0,[0],[0],[5]],[[{"name":"wh_vfx_b_dragon_02_07","rect":[279,1,135,135],"offset":[-1,0],"originalSize":[143,143],"capInsets":[0,0,0,0]}],[0],0,[0],[0],[1]],[[{"name":"wh_vfx_b_dragon_02_00","rect":[138,283,133,133],"offset":[-1,2],"originalSize":[143,143],"capInsets":[0,0,0,0]}],[0],0,[0],[0],[1]],[[{"name":"wh_vfx_b_tiger_03_04","rect":[261,267,118,118],"offset":[0,1],"originalSize":[146,146],"capInsets":[0,0,0,0]}],[0],0,[0],[0],[4]],[[[0,"dragon_gold_vfx",0.75,16,"2",[{},"comps",11,[{},"cc.Sprite",11,[{},"spriteFrame",12,[[[{"frame":0},"value",6,0],[{"frame":0.0625},"value",6,1],[{"frame":0.125},"value",6,2],[{"frame":0.1875},"value",6,3],[{"frame":0.25},"value",6,4],[{"frame":0.3125},"value",6,5],[{"frame":0.375},"value",6,6],[{"frame":0.4375},"value",6,7],[{"frame":0.5},"value",6,8],[{"frame":0.5625},"value",6,9],[{"frame":0.625},"value",6,10],[{"frame":0.6875},"value",6,11]],11,11,11,11,11,11,11,11,11,11,11,11]]]]]],0,0,[0,0,0,0,0,0,0,0,0,0,0,0],[1,1,1,1,1,1,1,1,1,1,1,1],[51,52,53,54,55,56,57,58,59,60,61,62]],[[{"name":"wh_vfx_b_tiger_01_00","rect":[1,293,132,136],"offset":[-1,5],"originalSize":[146,146],"rotated":1,"capInsets":[0,0,0,0]}],[0],0,[0],[0],[0]],[[{"name":"wh_vfx_b_dragon_01_07","rect":[1,146,139,143],"offset":[0,0],"originalSize":[143,143],"capInsets":[0,0,0,0]}],[0],0,[0],[0],[2]],[[{"name":"wh_vfx_b_dragon_01_00","rect":[283,1,131,131],"offset":[-1,6],"originalSize":[143,143],"capInsets":[0,0,0,0]}],[0],0,[0],[0],[2]],[[{"name":"wh_vfx_b_dragon_01_06","rect":[1,1,139,143],"offset":[0,0],"originalSize":[143,143],"capInsets":[0,0,0,0]}],[0],0,[0],[0],[2]],[[{"name":"wh_vfx_b_dragon_03_00","rect":[275,1,17,81],"offset":[-41,10],"originalSize":[143,143],"rotated":1,"capInsets":[0,0,0,0]}],[0],0,[0],[0],[3]],[[{"name":"wh_vfx_b_tiger_02_09","rect":[1,1,136,142],"offset":[0,1],"originalSize":[146,146],"capInsets":[0,0,0,0]}],[0],0,[0],[0],[5]],[[{"name":"wh_vfx_b_dragon_01_02","rect":[400,257,95,19],"offset":[1,51],"originalSize":[143,143],"rotated":1,"capInsets":[0,0,0,0]}],[0],0,[0],[0],[2]],[[{"name":"wh_vfx_b_dragon_03_05","rect":[136,267,121,127],"offset":[0,2],"originalSize":[143,143],"capInsets":[0,0,0,0]}],[0],0,[0],[0],[3]],[[[0,"tiger_copper_vfx",0.75,16,"2",[{},"comps",11,[{},"cc.Sprite",11,[{},"spriteFrame",12,[[[{"frame":0},"value",6,0],[{"frame":0.0625},"value",6,1],[{"frame":0.125},"value",6,2],[{"frame":0.1875},"value",6,3],[{"frame":0.25},"value",6,4],[{"frame":0.3125},"value",6,5],[{"frame":0.375},"value",6,6],[{"frame":0.4375},"value",6,7],[{"frame":0.5},"value",6,8],[{"frame":0.5625},"value",6,9],[{"frame":0.625},"value",6,10],[{"frame":0.6875},"value",6,11]],11,11,11,11,11,11,11,11,11,11,11,11]]]]]],0,0,[0,0,0,0,0,0,0,0,0,0,0,0],[1,1,1,1,1,1,1,1,1,1,1,1],[63,64,65,66,67,68,69,70,71,72,73,74]],[[{"name":"wh_vfx_b_dragon_02_02","rect":[398,138,101,111],"offset":[-15,6],"originalSize":[143,143],"capInsets":[0,0,0,0]}],[0],0,[0],[0],[1]],[[{"name":"wh_vfx_b_dragon_03_01","rect":[358,1,3,3],"offset":[-70,70],"originalSize":[143,143],"capInsets":[0,0,0,0]}],[0],0,[0],[0],[3]],[[{"name":"wh_vfx_b_tiger_03_05","rect":[135,267,124,130],"offset":[-1,1],"originalSize":[146,146],"capInsets":[0,0,0,0]}],[0],0,[0],[0],[4]],[[{"name":"wh_vfx_b_dragon_03_08","rect":[1,1,131,135],"offset":[0,4],"originalSize":[143,143],"rotated":1,"capInsets":[0,0,0,0]}],[0],0,[0],[0],[3]],[[{"name":"wh_vfx_b_tiger_01_08","rect":[149,1,142,146],"offset":[0,0],"originalSize":[146,146],"capInsets":[0,0,0,0]}],[0],0,[0],[0],[0]],[[{"name":"wh_vfx_b_dragon_01_03","rect":[410,134,91,9],"offset":[2,50],"originalSize":[143,143],"rotated":1,"capInsets":[0,0,0,0]}],[0],0,[0],[0],[2]],[[{"name":"wh_vfx_b_tiger_02_05","rect":[279,1,128,116],"offset":[1,0],"originalSize":[146,146],"capInsets":[0,0,0,0]}],[0],0,[0],[0],[5]],[[{"name":"wh_vfx_b_dragon_03_03","rect":[358,1,3,3],"offset":[-70,70],"originalSize":[143,143],"capInsets":[0,0,0,0]}],[0],0,[0],[0],[3]],[[{"name":"wh_vfx_b_tiger_03_08","rect":[1,1,134,138],"offset":[0,4],"originalSize":[146,146],"rotated":1,"capInsets":[0,0,0,0]}],[0],0,[0],[0],[4]],[[{"name":"wh_vfx_b_tiger_01_06","rect":[145,149,140,146],"offset":[0,0],"originalSize":[146,146],"rotated":1,"capInsets":[0,0,0,0]}],[0],0,[0],[0],[0]],[[{"name":"wh_vfx_b_tiger_02_03","rect":[405,119,3,3],"offset":[-71.5,71.5],"originalSize":[146,146],"capInsets":[0,0,0,0]}],[0],0,[0],[0],[5]],[[{"name":"wh_vfx_b_tiger_03_01","rect":[341,1,3,3],"offset":[-71.5,71.5],"originalSize":[146,146],"capInsets":[0,0,0,0]}],[0],0,[0],[0],[4]],[[{"name":"wh_vfx_b_dragon_02_06","rect":[1,283,135,133],"offset":[-1,-1],"originalSize":[143,143],"capInsets":[0,0,0,0]}],[0],0,[0],[0],[1]],[[[1,"pay_select_effect_controller"],[5,"pay_select_effect_controller",[[10,-2,[1,2],0,3]],[2,"ebT2OwaNdLMpLz1OozUkhC",-1]]],0,[0,3,1,0,2,1,0,4,1,2],[0,0,0,0],[6,-1,-2,7],[75,6,76,77]],[[{"name":"wh_vfx_b_tiger_03_06","rect":[135,137,128,134],"offset":[0,2],"originalSize":[146,146],"rotated":1,"capInsets":[0,0,0,0]}],[0],0,[0],[0],[4]],[[{"name":"wh_vfx_b_dragon_03_11","rect":[259,253,109,119],"offset":[-1,5],"originalSize":[143,143],"capInsets":[0,0,0,0]}],[0],0,[0],[0],[3]],[[{"name":"wh_vfx_b_tiger_01_01","rect":[421,145,124,70],"offset":[-1,28],"originalSize":[146,146],"rotated":1,"capInsets":[0,0,0,0]}],[0],0,[0],[0],[0]],[[[0,"tiger_silver_vfx",0.75,16,"2",[{},"comps",11,[{},"cc.Sprite",11,[{},"spriteFrame",12,[[[{"frame":0},"value",6,0],[{"frame":0.0625},"value",6,1],[{"frame":0.125},"value",6,2],[{"frame":0.1875},"value",6,3],[{"frame":0.25},"value",6,4],[{"frame":0.3125},"value",6,5],[{"frame":0.375},"value",6,6],[{"frame":0.4375},"value",6,7],[{"frame":0.5},"value",6,8],[{"frame":0.5625},"value",6,9],[{"frame":0.625},"value",6,10],[{"frame":0.6875},"value",6,11]],11,11,11,11,11,11,11,11,11,11,11,11]]]]]],0,0,[0,0,0,0,0,0,0,0,0,0,0,0],[1,1,1,1,1,1,1,1,1,1,1,1],[78,79,80,81,82,83,84,85,86,87,88,89]],[[{"name":"wh_vfx_b_tiger_02_01","rect":[279,231,122,114],"offset":[0,11],"originalSize":[146,146],"capInsets":[0,0,0,0]}],[0],0,[0],[0],[5]],[[{"name":"wh_vfx_b_dragon_03_10","rect":[1,269,127,133],"offset":[0,5],"originalSize":[143,143],"rotated":1,"capInsets":[0,0,0,0]}],[0],0,[0],[0],[3]],[[{"name":"wh_vfx_b_dragon_01_10","rect":[142,146,139,139],"offset":[0,2],"originalSize":[143,143],"capInsets":[0,0,0,0]}],[0],0,[0],[0],[2]],[[{"name":"wh_vfx_b_dragon_03_02","rect":[358,1,3,3],"offset":[-70,70],"originalSize":[143,143],"capInsets":[0,0,0,0]}],[0],0,[0],[0],[3]],[[{"name":"wh_vfx_b_dragon_03_09","rect":[138,1,131,135],"offset":[0,4],"originalSize":[143,143],"rotated":1,"capInsets":[0,0,0,0]}],[0],0,[0],[0],[3]],[[{"name":"wh_vfx_b_tiger_01_10","rect":[293,1,142,142],"offset":[0,2],"originalSize":[146,146],"capInsets":[0,0,0,0]}],[0],0,[0],[0],[0]],[[{"name":"wh_vfx_b_tiger_02_00","rect":[139,277,130,136],"offset":[-1,2],"originalSize":[146,146],"capInsets":[0,0,0,0]}],[0],0,[0],[0],[5]]]]