[1,["b7YvGOKq1KhoovxGrU3evF","2aG/nG5ORG1Ita5KaMH07F","5eHGa0jdRAWrl/XCC2l8qX","23sqrcesVC26iq7trCR2o3","ce46sKvuRMsb7bnbWsKeBk","b6mdcfuXZMsYKHwedOD65x"],["node","_spriteFrame","_textureSetter","root","neonLightAnimator","data","_defaultClip"],["cc.SpriteFrame",["cc.Node",["_name","_parent","_components","_prefab","_contentSize","_trs"],2,1,9,4,5,7],["cc.Sprite",["_sizeMode","_isTrimmedMode","_dstBlendFactor","node","_spriteFrame"],0,1,6],["cc.AnimationClip",["_name","_duration","sample","wrapMode","curveData"],-2],["cc.Prefab",["_name"],2],["cc.Node",["_name","_children","_components","_prefab"],2,2,12,4],["da9ffpNd2ZP/baAu3BEvDlK",["node","neonLightAnimator"],3,1,1],["cc.PrefabInfo",["fileId","root"],2,1],["cc.Animation",["node","_clips"],3,1,3]],[[7,0,1,2],[1,0,1,2,3,4,5,2],[2,2,0,1,3,4,4],[2,0,1,3,4,3],[3,0,1,2,3,4,6],[4,0,2],[5,0,1,2,3,2],[1,0,1,2,3,4,2],[6,0,1,1],[8,0,1,1]],[[[[4,"neon_lights",2.5,10,"2",{"paths":{"red_ring_3":{"comps":{},"props":{"active":[{"frame":0,"value":true},{"frame":1,"value":false},{"frame":1.5,"value":true}]}},"blue_ring_2":{"props":{"active":[{"frame":0,"value":true},{"frame":1.5,"value":false},{"frame":2,"value":true}]}},"blue_ring_5":{"props":{"active":[{"frame":0,"value":false},{"frame":0.5,"value":true}]}},"blue_ring_4":{"props":{"active":[{"frame":0,"value":true},{"frame":0.5,"value":false},{"frame":1,"value":true}]}},"red_ring_1":{"comps":{},"props":{"active":[{"frame":0,"value":true},{"frame":2,"value":false},{"frame":2.5,"value":true}]}}}}]],0,0,[],[],[]],[[{"name":"neon_ring_04","rect":[543,816,421,421],"offset":[0,0],"originalSize":[421,421],"capInsets":[0,0,0,0]}],[0],0,[0],[2],[0]],[[{"name":"neon_ring_05","rect":[543,1239,399,399],"offset":[0,0],"originalSize":[399,399],"capInsets":[0,0,0,0]}],[0],0,[0],[2],[0]],[[[5,"background_controller"],[6,"background_controller",[-5,-6,-7,-8,-9,-10,-11],[[[8,-3,-2],-4],4,1],[0,"eazPz/71tMJq8Iy/RtAiFD",-1]],[7,"neon_background",1,[[3,0,false,-12,0]],[0,"49evjoCApB2YphO6C4/GHb",1],[5,1080,2340]],[1,"ring_off",1,[[3,2,false,-13,1]],[0,"23wGePI2dAu5PsGkcLON/s",1],[5,814,813],[0,607,0,0,0,0,1,1.25,1.25,1]],[1,"red_ring_1",1,[[2,1,2,false,-14,2]],[0,"eb98sQHWJOPpnptt2+MG4J",1],[5,399,399],[0,587,0,0,0,0,1,2,2,1]],[1,"blue_ring_2",1,[[2,1,2,false,-15,3]],[0,"87UqgfYeBM1aghi0P1V0NU",1],[5,421,421],[0,597,0,0,0,0,1,2,2,1]],[1,"red_ring_3",1,[[2,1,2,false,-16,4]],[0,"f7VJb/Pk1Pur+pQdWmNeYU",1],[5,399,399],[0,602,0,0,0,0,1,2.25,2.25,1]],[1,"blue_ring_4",1,[[2,1,2,false,-17,5]],[0,"a7QvoSEsBJgLjcp8BcdUz9",1],[5,421,421],[0,599,0,0,0,0,1,2.3,2.3,1]],[1,"blue_ring_5",1,[[2,1,2,false,-18,6]],[0,"2cFLBc2d1EtLjRJ8QJxTUm",1],[5,421,421],[0,603,0,0,0,0,1,2.45,2.45,1]],[9,1,[7]]],0,[0,3,1,0,4,9,0,0,1,0,-2,9,0,-1,2,0,-2,3,0,-3,4,0,-4,5,0,-5,6,0,-6,7,0,-7,8,0,0,2,0,0,3,0,0,4,0,0,5,0,0,6,0,0,7,0,0,8,0,5,1,18],[0,0,0,0,0,0,0,0,9],[1,1,1,1,1,1,1,-1,6],[4,5,2,1,2,1,1,3,3]],[[{"name":"neon_ring_off","rect":[1,1,814,813],"offset":[0,0],"originalSize":[814,813],"capInsets":[0,0,0,0]}],[0],0,[0],[2],[0]],[[{"name":"bg","rect":[1,816,540,1170],"offset":[0,0],"originalSize":[540,1170],"capInsets":[0,0,0,0]}],[0],0,[0],[2],[0]]]]