[1,["1f0QA1X0RKyLMMbZG3b5rO","b9ug2q6c5KxbNtpZmnHwMS","fbP6Z8u+pEwJLsD1gYXxkP","bdbrqIiX5Ha4TUSZnr4EPE","f4neoP2j1PHJS0cczhHBPi","25qmntGkJA9LB2koiiPLfn","62Sh8eXGxC6aHtokoJSxoV","99xLu+lwpOmqsD/aRO0plM","92PjJDYipGlZWJc1UEFJj2","93VyvH7bZFiYE39weEnWkm","552BO0jvpDVJHI0DcXEYQz","3eKxzMUgRG1Ik3knXSfOfP","15A+K+ppFF05i249Vy0kcl","feyyKXsg1Ln5fua9UAdHVc","92VO3pA6pPnpwUk0B5hD1O","280I4xsQFHibNyok7F3oca","88WOStbdNJBottCDuxcWJo","3bSvhIRXBE/rIFybZ5uqmi","3a9sUpKsFLJIOOLn/u8NqT","494ZT8Of5AK5eFwQg8gdWe","fcNb7VlbxOQ7RTdAk58z+4","f39/NS2/5Lr5imHIzAmhlt","10Q3gJXwhP94/UGcWrkrRB","b5PifrGAFP4q1LLHTKXaBy","b68p2ITUhEnYEUY1YPFzda","f8EsNSVDpIiq0EIVZv9gAi","05zYVCFrtOHqWR8w+bdYSD","90I9LH/h1BdoD4YG8f+kOp","6235EhxBpMibpThqy9rmnf","95jOMnMjhEl7RZnRFBRFE2","ddKWvH4XRAdIkBmPL2AaIu","13Ktp17KRCdpxAtbK3/Zq/","73IfSwz2BMLYYCLQkUkPbr","08ommyhFdMOZSBSxYEM6LI","76/maU+1dKNoG7jwOIb/HO","f2JdiLkm1Cdp4vpbRi0ki/","dfVdarTvBBaZnjAVLYZfea","89A1ShY6ZJ6pUFITl0X0XX","cb55xB/6NHTKQI9JRL3OS4","4foVbHkoJA2q6kpI+/76CO","ebVrcc+aBE3L7SMzfEN74O","9d6QUWeqlPHbtzzJFy60p/","52mEcDxuZCsZ+bV0Nlb5lK","22GYjBEv5AXaNRJK4ccPTQ","e2O7+WIw9BUJlnfMtBEO37","18XOrCoxlPSbfFBxT5762b","38JSRYrCBMaLpRLC3ZRZ1v","e8O7o1nupCqrTTAa2PUatA","8fdCc+yrZCsZ3cQIWTeE6H","07QE1UefdCFLzD8N9tbIg+","3fgMu1x7FOa7wt/m+lgXow","0ef484PFNH1oaYDZjnqOkm","12pxs9IONCTpfmz2D/Pn/x","2bky/dDp9O6LPMcO2odhXn","5atftsiZZHQbfKOdf3IE1c","a2MjXRFdtLlYQ5ouAFv/+R","2b6K3qTXFBGK6zsdpWs9Oj","1emHhX7tlMGpLhEdFfnGF9","30LsyMLgNEAr40dpWWtuXK","97XZWHoWhAtq3gsWHNf937","18VU3NZ79Jk6ijfhUvZe5Y","1fhwizZ6lD2Y7A9qAPpqf3","5bNdRL8V9IbpiaBrc9l5c7","ab5+eGkBZIQYtntM56pGmD","52nvEo29lF+7An7z6/2ene","7aJoveQVRG05ZrjZXIujgS","d7bND8f/ZCXIluJQ3iEVWW","9f+hK7p0lEW5CkBpbqJtmN","86tqAuEttIAqsm/yWPHO6+","58KqnAUdBNdaYpqtdLm/08","0edixXbWBC160ZqJjBWZ+S","dbliQ45XtBA5dOZQGDSLHK","31JwWVN9RPsrzRvrQ3TFNy","3dpvE8f4BNbZcwt89jpiNx"],["_textureSetter","value","node","_spriteFrame","_defaultClip","_parent","root","data","particlePrefab","redFlareNode","flareLineNode","fireworkAnimator","baseBackgroundNode","purpleCoinParticleSystemNode","blueCoinParticleSystemNode","sparkleParticleSystem","rightFlareEffectNode","leftFlareEffectNode","rightLightNode","leftLightNode","rotatingVFXHolder","symbolOutlineSpriteMask","symbolSprite","rotatingSymbolHolder","whiteFlareEffectNode","rotatingFlareHolder","blueOutlineNode","purpleOutlineNode","background","numberAnimNode","numberDisplayNode","timedNumberRollNode","titleSpriteNode","titleNode","circularBigWinHolder","backgroundFlareNode","displayController","numberContainer"],["cc.SpriteFrame",["cc.Node",["_name","_opacity","_active","_prefab","_components","_contentSize","_parent","_trs","_children","_anchorPoint","_color","_eulerAngles"],0,4,9,5,1,7,2,5,5,5],["cc.Sprite",["_sizeMode","_isTrimmedMode","_dstBlendFactor","_type","_fillType","_fillStart","_fillRange","node","_spriteFrame"],-4,1,6],["cc.Node",["_name","_opacity","_parent","_components","_prefab","_trs","_children","_contentSize","_eulerAngles"],1,1,2,4,7,2,5,5],["cc.Animation",["node","_clips","_defaultClip"],3,1,3,6],["cc.AnimationClip",["_name","_duration","sample","wrapMode","curveData"],-2],["cc.AnimationClip",["_name","_duration","sample","wrapMode","curveData"],-1,11],["cc.Prefab",["_name"],2],["cc.Node",["_name","_components","_prefab"],2,12,4],["cc.PrefabInfo",["fileId","root"],2,1],["6c0507t5R5ICbDBGMu7i2ol",["node","backgroundFlareNode","circularBigWinHolder","titleNode","titleSpriteNode","timedNumberRollNode","numberDisplayNode","numberAnimNode","background","purpleOutlineNode","blueOutlineNode","rotatingFlareHolder","whiteFlareEffectNode","rotatingSymbolHolder","symbolSprite","symbolOutlineSpriteMask","rotatingVFXHolder","leftLightNode","rightLightNode","leftFlareEffectNode","rightFlareEffectNode","sparkleParticleSystem","blueCoinParticleSystemNode","purpleCoinParticleSystemNode","baseBackgroundNode","fireworkAnimator","flareLineNode","redFlareNode","symbolSpriteFrame","symbolOutlineSpriteFrame","cloudNodes"],3,1,1,1,1,1,1,1,1,1,1,1,1,1,1,1,1,1,1,1,1,1,1,1,1,1,1,1,1,3,3,2],["bbc6c4tBJdFQ76rTU5OtO2a",["node","displayController"],3,1,1],["e13cc9FLShL66GevrFVSv5p",["maxContainerSize","nodeNumberWidth","commaWidth","commaY","decimalWidth","decimalY","decimalNumberWidth","decimalNumberScale","multiplySpriteWidth","multiplySpriteScale","node","numberContainer","numberSprite","numberBlurSprite"],-7,1,1,3,3],["3142aQR/shASo2uVaU35yUL",["emissionRate","particleCount","endAlpha","speed","speedVar","angle","angleVar","startScale","endScale","startSpin","startSpinVar","endSpin","endSpinVar","emitterMode","node","startColor","endColor","sourcePosVar","particlePrefab"],-11,1,5,5,5,6],["cc.Mask",["_type","_N$alphaThreshold","node"],1,1],["cc.ParticleSystem",["_dstBlendFactor","_custom","_stopped","playOnLoad","emissionRate","angle","angleVar","endSize","endSizeVar","_positionType","speed","speedVar","node","_startColor","_startColorVar","_endColor","_endColorVar"],-9,1,8,8,8,8]],[[9,0,1,2],[2,0,1,7,8,3],[1,0,1,6,4,3,5,7,3],[1,0,6,8,3,7,2],[2,2,0,1,7,8,4],[2,2,0,1,7,4],[2,2,7,8,2],[4,0,1,2,1],[5,0,1,2,3,4,6],[6,0,1,2,3,4,5],[7,0,2],[1,0,4,3,2],[1,0,6,4,3,5,2],[1,0,1,6,4,3,5,9,3],[1,0,1,6,4,3,5,9,7,3],[1,0,6,4,3,5,9,7,2],[1,0,6,4,3,7,2],[1,0,6,4,3,5,9,11,2],[2,0,1,7,3],[12,0,1,2,3,4,5,6,7,8,9,10,11,12,13,11],[13,0,1,2,3,4,5,6,7,8,9,10,11,12,13,14,15,16,17,18,15],[1,0,2,8,4,3,10,5,3],[1,0,1,8,4,3,5,7,3],[1,0,6,8,4,3,5,2],[1,0,8,3,2],[1,0,1,6,4,3,10,5,3],[1,0,6,4,3,5,9,7,11,2],[1,0,6,4,3,5,7,2],[8,0,1,2,2],[3,0,2,6,3,4,5,8,2],[3,0,2,6,3,4,7,5,2],[3,0,1,2,3,4,7,5,3],[3,0,2,3,4,5,2],[2,0,7,8,2],[2,2,3,0,4,5,6,1,7,8,8],[4,0,1,1],[10,0,1,2,3,4,5,6,7,8,9,10,11,12,13,14,15,16,17,18,19,20,21,22,23,24,25,26,27,28,29,30,1],[11,0,1,1],[14,0,1,2,3],[15,0,1,2,3,4,5,6,7,8,9,10,11,12,13,14,15,16,13]],[[[{"name":"bw_vfx_a_11","rect":[456,158,131,392],"offset":[-1,21],"originalSize":[157,448],"capInsets":[0,0,0,0]}],[0],0,[0],[0],[0]],[[{"name":"bw_coin_07","rect":[1,139,66,68],"offset":[1,0],"originalSize":[80,80],"capInsets":[0,0,0,0]}],[0],0,[0],[0],[2]],[[[8,"bw_base_shine",1,16,"2",{"paths":{"bw_base_outline":{"comps":{"cc.Sprite":{"fillStart":[{"frame":0,"value":-0.2},{"frame":1,"value":1}]}}}}}]],0,0,[],[],[]],[[{"name":"bw_dragon","rect":[1,1,758,633],"offset":[0,0],"originalSize":[758,633],"capInsets":[0,0,0,0]}],[0],0,[0],[0],[14]],[[{"name":"bw_coin_09","rect":[213,71,24,70],"offset":[0,0],"originalSize":[80,80],"capInsets":[0,0,0,0]}],[0],0,[0],[0],[2]],[[{"name":"bw_vfx_a_07","rect":[158,1,155,420],"offset":[1,-3],"originalSize":[157,448],"rotated":1,"capInsets":[0,0,0,0]}],[0],0,[0],[0],[0]],[[{"name":"bw_coin_10","rect":[213,1,28,68],"offset":[-6,0],"originalSize":[80,80],"capInsets":[0,0,0,0]}],[0],0,[0],[0],[2]],[[{"name":"8","rect":[1,300,124,147],"offset":[0,0],"originalSize":[124,147],"capInsets":[0,0,0,0]}],[0],0,[0],[0],[3]],[[{"name":"bw_ring_blue","rect":[1,772,732,732],"offset":[0,0],"originalSize":[732,732],"capInsets":[0,0,0,0]}],[0],0,[0],[0],[1]],[[{"name":"bw_coin_03","rect":[141,63,18,70],"offset":[3,0],"originalSize":[80,80],"rotated":1,"capInsets":[0,0,0,0]}],[0],0,[0],[0],[2]],[[{"name":"bw_flare_b","rect":[735,1398,432,272],"offset":[0,0],"originalSize":[432,272],"capInsets":[0,0,0,0]}],[0],0,[0],[0],[1]],[[{"name":"bw_ring_pink","rect":[790,1,708,708],"offset":[0,0],"originalSize":[708,708],"capInsets":[0,0,0,0]}],[0],0,[0],[0],[1]],[[{"name":"bw_coin_01","rect":[71,71,62,66],"offset":[4,0],"originalSize":[80,80],"capInsets":[0,0,0,0]}],[0],0,[0],[0],[2]],[[{"name":"1","rect":[149,595,98,146],"offset":[0,0],"originalSize":[98,146],"capInsets":[0,0,0,0]}],[0],0,[0],[0],[3]],[[{"name":"bw_vfx_a_00","rect":[631,724,157,350],"offset":[0,-2],"originalSize":[157,448],"rotated":1,"capInsets":[0,0,0,0]}],[0],0,[0],[0],[0]],[[{"name":"bw_coin_11","rect":[69,139,54,68],"offset":[-7,0],"originalSize":[80,80],"capInsets":[0,0,0,0]}],[0],0,[0],[0],[2]],[[{"name":"bw_flare","rect":[721,1672,216,272],"offset":[0,0],"originalSize":[216,272],"rotated":1,"capInsets":[0,0,0,0]}],[0],0,[0],[0],[1]],[[{"name":"bw_flare_f","rect":[1500,490,432,294],"offset":[0,0],"originalSize":[432,294],"rotated":1,"capInsets":[0,0,0,0]}],[0],0,[0],[0],[1]],[[{"name":"bw_dragon_line","rect":[1,636,757,631],"offset":[0,0],"originalSize":[757,631],"capInsets":[0,0,0,0]}],[0],0,[0],[0],[14]],[[{"name":"bw_coin_04","rect":[173,137,36,70],"offset":[-3,0],"originalSize":[80,80],"capInsets":[0,0,0,0]}],[0],0,[0],[0],[2]],[[{"name":"bw_vfx_a_03","rect":[243,723,157,386],"offset":[0,-2],"originalSize":[157,448],"rotated":1,"capInsets":[0,0,0,0]}],[0],0,[0],[0],[0]],[[{"name":"bw_vfx_a_02","rect":[639,158,157,374],"offset":[0,-2],"originalSize":[157,448],"rotated":1,"capInsets":[0,0,0,0]}],[0],0,[0],[0],[0]],[[{"name":"bw_particle_a","rect":[735,772,38,37],"offset":[0,0],"originalSize":[38,37],"capInsets":[0,0,0,0]}],[0],0,[0],[0],[1]],[[{"name":"7","rect":[123,449,128,144],"offset":[0,0],"originalSize":[128,144],"capInsets":[0,0,0,0]}],[0],0,[0],[0],[3]],[[{"name":"bw_coin_08","rect":[135,83,52,70],"offset":[3,0],"originalSize":[80,80],"rotated":1,"capInsets":[0,0,0,0]}],[0],0,[0],[0],[2]],[[{"name":"bw_vfx_a_04","rect":[243,564,157,394],"offset":[0,-3],"originalSize":[157,448],"rotated":1,"capInsets":[0,0,0,0]}],[0],0,[0],[0],[0]],[[[9,"bw_vfx_a",0.9375,16,"1",[{},"paths",11,[{},"bw_vfx_a_left",11,[{"props":{}},"comps",11,[{},"cc.Sprite",11,[{},"spriteFrame",12,[[[{"frame":0},"value",6,0],[{"frame":0.0625},"value",6,1],[{"frame":0.125},"value",6,2],[{"frame":0.1875},"value",6,3],[{"frame":0.25},"value",6,4],[{"frame":0.3125},"value",6,5],[{"frame":0.375},"value",6,6],[{"frame":0.4375},"value",6,7],[{"frame":0.5},"value",6,8],[{"frame":0.5625},"value",6,9],[{"frame":0.625},"value",6,10],[{"frame":0.6875},"value",6,11],[{"frame":0.75},"value",6,12],[{"frame":0.8125},"value",6,13],[{"frame":0.875},"value",6,14]],11,11,11,11,11,11,11,11,11,11,11,11,11,11,11]]]],"bw_vfx_a_right",11,[{"props":{}},"comps",11,[{},"cc.Sprite",11,[{},"spriteFrame",12,[[[{"frame":0},"value",6,15],[{"frame":0.0625},"value",6,16],[{"frame":0.125},"value",6,17],[{"frame":0.1875},"value",6,18],[{"frame":0.25},"value",6,19],[{"frame":0.3125},"value",6,20],[{"frame":0.375},"value",6,21],[{"frame":0.4375},"value",6,22],[{"frame":0.5},"value",6,23],[{"frame":0.5625},"value",6,24],[{"frame":0.625},"value",6,25],[{"frame":0.6875},"value",6,26],[{"frame":0.75},"value",6,27],[{"frame":0.8125},"value",6,28],[{"frame":0.875},"value",6,29]],11,11,11,11,11,11,11,11,11,11,11,11,11,11,11]]]]]]]],0,0,[0,0,0,0,0,0,0,0,0,0,0,0,0,0,0,0,0,0,0,0,0,0,0,0,0,0,0,0,0,0],[1,1,1,1,1,1,1,1,1,1,1,1,1,1,1,1,1,1,1,1,1,1,1,1,1,1,1,1,1,1],[15,16,17,18,19,20,21,22,23,24,25,26,27,28,29,15,16,17,18,19,20,21,22,23,24,25,26,27,28,29]],[[{"name":"bw_coin_00","rect":[1,71,68,66],"offset":[-1,0],"originalSize":[80,80],"capInsets":[0,0,0,0]}],[0],0,[0],[0],[2]],[[{"name":"bw_cloud_c","rect":[459,1506,260,309],"offset":[0,0],"originalSize":[260,309],"capInsets":[0,0,0,0]}],[0],0,[0],[0],[1]],[[{"name":"6","rect":[1,449,120,147],"offset":[0,0],"originalSize":[120,147],"capInsets":[0,0,0,0]}],[0],0,[0],[0],[3]],[[{"name":"bw_tiger","rect":[1,1,818,735],"offset":[0,0],"originalSize":[818,735],"capInsets":[0,0,0,0]}],[0],0,[0],[0],[30]],[[{"name":"bw_coin_12","rect":[73,1,66,66],"offset":[-3,0],"originalSize":[80,80],"capInsets":[0,0,0,0]}],[0],0,[0],[0],[2]],[[{"name":"bw_cloud_a","rect":[1,1506,456,393],"offset":[0,0],"originalSize":[456,393],"capInsets":[0,0,0,0]}],[0],0,[0],[0],[1]],[[{"name":"2","rect":[133,149,120,145],"offset":[0,0],"originalSize":[120,145],"capInsets":[0,0,0,0]}],[0],0,[0],[0],[3]],[[{"name":"bw_vfx_a_13","rect":[639,317,123,372],"offset":[5,9],"originalSize":[157,448],"rotated":1,"capInsets":[0,0,0,0]}],[0],0,[0],[0],[0]],[[[9,"coin_animation",0.8125,16,"2",[{},"comps",11,[{},"cc.Sprite",11,[{},"spriteFrame",12,[[[{"frame":0},"value",6,0],[{"frame":0.0625},"value",6,1],[{"frame":0.125},"value",6,2],[{"frame":0.1875},"value",6,3],[{"frame":0.25},"value",6,4],[{"frame":0.3125},"value",6,5],[{"frame":0.375},"value",6,6],[{"frame":0.4375},"value",6,7],[{"frame":0.5},"value",6,8],[{"frame":0.5625},"value",6,9],[{"frame":0.625},"value",6,10],[{"frame":0.6875},"value",6,11],[{"frame":0.75},"value",6,12]],11,11,11,11,11,11,11,11,11,11,11,11,11]]]]]],0,0,[0,0,0,0,0,0,0,0,0,0,0,0,0],[1,1,1,1,1,1,1,1,1,1,1,1,1],[42,43,44,45,46,47,48,49,50,51,52,53,54]],[[{"name":"bw_cloud_d","rect":[1601,1758,227,91],"offset":[0,0],"originalSize":[227,91],"capInsets":[0,0,0,0]}],[0],0,[0],[0],[1]],[[{"name":"bw_flare_d","rect":[1169,1398,430,247],"offset":[0,0],"originalSize":[430,247],"capInsets":[0,0,0,0]}],[0],0,[0],[0],[1]],[[{"name":"bw_vfx_a_01","rect":[639,565,157,362],"offset":[0,-2],"originalSize":[157,448],"rotated":1,"capInsets":[0,0,0,0]}],[0],0,[0],[0],[0]],[[{"name":"comma","rect":[1,732,63,71],"offset":[0,0],"originalSize":[63,71],"rotated":1,"capInsets":[0,0,0,0]}],[0],0,[0],[0],[3]],[[{"name":"bw_coin_06","rect":[1,1,70,68],"offset":[-1,0],"originalSize":[80,80],"capInsets":[0,0,0,0]}],[0],0,[0],[0],[2]],[[{"name":"bw_vfx_a_12","rect":[639,442,121,370],"offset":[5,9],"originalSize":[157,448],"rotated":1,"capInsets":[0,0,0,0]}],[0],0,[0],[0],[0]],[[{"name":"4","rect":[1,598,132,146],"offset":[0,0],"originalSize":[132,146],"rotated":1,"capInsets":[0,0,0,0]}],[0],0,[0],[0],[3]],[[{"name":"5","rect":[124,1,127,146],"offset":[0,0],"originalSize":[127,146],"capInsets":[0,0,0,0]}],[0],0,[0],[0],[3]],[[{"name":"bw_vfx_a_14","rect":[158,564,83,228],"offset":[-13,-64],"originalSize":[157,448],"capInsets":[0,0,0,0]}],[0],0,[0],[0],[0]],[[{"name":"bw_base_outline","rect":[790,711,687,685],"offset":[0,0],"originalSize":[687,685],"capInsets":[0,0,0,0]}],[0],0,[0],[0],[1]],[[{"name":"3","rect":[1,151,130,147],"offset":[0,0],"originalSize":[130,147],"capInsets":[0,0,0,0]}],[0],0,[0],[0],[3]],[[{"name":"bw_dragon_tiger_line","rect":[1,728,778,685],"offset":[-9,-13],"originalSize":[818,735],"capInsets":[0,0,0,0]}],[0],0,[0],[0],[31]],[[{"name":"bw_flare_c","rect":[1479,924,400,400],"offset":[0,0],"originalSize":[400,400],"capInsets":[0,0,0,0]}],[0],0,[0],[0],[1]],[[{"name":"bw_cloud_b","rect":[1500,1,487,331],"offset":[0,0],"originalSize":[487,331],"rotated":1,"capInsets":[0,0,0,0]}],[0],0,[0],[0],[1]],[[{"name":"bw_vfx_a_08","rect":[1,435,155,426],"offset":[1,-4],"originalSize":[157,448],"capInsets":[0,0,0,0]}],[0],0,[0],[0],[0]],[[{"name":"bw_vfx_a_09","rect":[1,1,155,432],"offset":[1,-3],"originalSize":[157,448],"capInsets":[0,0,0,0]}],[0],0,[0],[0],[0]],[[{"name":"dot","rect":[74,732,63,64],"offset":[0,0],"originalSize":[63,64],"rotated":1,"capInsets":[0,0,0,0]}],[0],0,[0],[0],[3]],[[{"name":"bw_base_a","rect":[1,1,787,769],"offset":[0,0],"originalSize":[787,769],"capInsets":[0,0,0,0]}],[0],0,[0],[0],[1]],[[{"name":"bw_tiger_line","rect":[1,738,793,708],"offset":[0,0],"originalSize":[793,708],"capInsets":[0,0,0,0]}],[0],0,[0],[0],[30]],[[[10,"coin_animation"],[11,"coin_animation",[[5,1,2,false,-2],[7,-3,[1],0]],[0,"ffaDWRrU9EiqsHn7j9iyU1",-1]]],0,[0,6,1,0,2,1,0,2,1,0,7,1,3],[0,0],[4,-1],[32,32]],[[{"name":"bw_coin_02","rect":[125,139,46,68],"offset":[6,0],"originalSize":[80,80],"capInsets":[0,0,0,0]}],[0],0,[0],[0],[2]],[[{"name":"bw_coin_05","rect":[141,1,60,70],"offset":[-3,0],"originalSize":[80,80],"rotated":1,"capInsets":[0,0,0,0]}],[0],0,[0],[0],[2]],[[[10,"big_win_controller"],[21,"big_win_controller",false,[-34,-35,-36,-37,-38,-39],[[36,-33,-32,-31,-30,-29,-28,-27,-26,-25,-24,-23,-22,-21,-20,-19,-18,-17,-16,-15,-14,-13,-12,-11,-10,-9,-8,-7,-6,[67,68,69],[70,71,72],[-2,-3,-4,-5]]],[0,"1esjBCRt1MiKRjFhnh6dd0",-1],[4,4294875135],[5,1080,2340]],[22,"bw_base_a",0,[-42,-43,-44,-45,-46,-47,-48],[[1,2,false,-40,11],[7,-41,[13],12]],[0,"d1dldxnVtI4oA+osFchf8n",1],[5,787,769],[0,0,0,0,0,0,1,1.428,1.428,1]],[3,"circular_holder",1,[2,-49,-50,-51,-52,-53,-54,-55],[0,"5cwQkEA1FBQpL0A1Zq2/iy",1],[0,135,0,0,0,0,1,1,1,1]],[28,"number_display_node",[[-56,[37,-58,-57]],1,4],[0,"18NM/KcHpKkIRE0LJw2S9D",1]],[23,"rotating_symbols_holder",3,[-60,-61],[[7,-59,[17],16]],[0,"43w2U2rvtBGpSgFNG+4/i0",1],[5,227,91]],[3,"title_holder",3,[-62,-63,-64],[0,"4eiXeTwttE6bsThdnrp9B1",1],[0,45,0,0,0,0,1,1,1,1]],[24,"vfx_holder",[-65,-66],[0,"cfzPhtCe1GL51XeY0RkPTk",1]],[11,"number_anim_node",[[19,750,90,35,-45,35,-42,90,1,0,0,-68,-67,[44,45,46,47,48,49,50,51,52,53,54,55],[56,57,58,59,60,61,62,63,64,65]]],[0,"42DNeTA8RFO5633Kj+dInJ",1]],[29,"bw_vfx_a_holder",1,[-70,-71],[-69],[0,"6bXpe0XkRAn51NmNTiFO/2",1],[0,135,0,0,0,0,1,4,4,1],[1,0,0,90]],[25,"background",0,1,[[33,0,-72,0]],[0,"2emMqzBXVBi606w/HJ0iyy",1],[4,4278190080],[5,1080,2340]],[2,"bw_flare",0,1,[[4,1,2,false,-73,1]],[0,"8dKPvhLj9FTZZ2gYjoY2St",1],[5,216,272],[0,97,0,0,0,0,1,5,5,1]],[2,"bw_flare_b",0,1,[[6,1,-74,2]],[0,"a6PtK72bBNPZZvfPe+s4BY",1],[5,432,272],[22,97,0,0,0,0,1,5,5,1]],[2,"bw_flare_f",0,1,[[4,1,2,false,-75,3]],[0,"41GqKja2hFBrIX6Zx6j6PO",1],[5,432,294],[0,97,0,0,0,0,1,3,3,1]],[12,"bw_ring_blue",2,[[1,2,false,-76,5]],[0,"e8JFq8eM5HbquG+/TTGiiL",1],[5,732,732]],[12,"bw_ring_pink",2,[[1,2,false,-77,6]],[0,"22Kk5StQNARZjx/NhS3xlF",1],[5,708,708]],[13,"top_right_cloud",0,2,[[1,2,false,-78,7]],[0,"09oS/FkatBp4mtGUoL4jc+",1],[5,456,393],[0,0,0]],[13,"bottom_right_cloud",0,2,[[1,2,false,-79,8]],[0,"d3SFZkTfhEXJvcvCKVdTf9",1],[5,487,331],[0,0,1]],[14,"top_left_cloud",0,2,[[1,2,false,-80,9]],[0,"bflZ7WgiBP0b58bJWhBudS",1],[5,260,309],[0,1,0],[-140.0560224,0,0,0,0,0,1,1,1,1]],[14,"bottom_left_cloud",0,2,[[1,2,false,-81,10]],[0,"33CnH3OPNA8by7Q2JL9TNv",1],[5,227,91],[0,1,1],[-140.0560224,-140.0560224,0,0,0,0,1,1,1,1]],[30,"both_symbols_outline_mask",5,[7],[-82],[0,"ccs6cRnOxOsKtPmoF/0HHA",1],[5,776,683],[0,0,0,0,0,0,1,1.428,1.428,1]],[15,"right_vfx_light",7,[[6,1,-83,14]],[0,"7bGiTvpXFCcJ0NOSPVj6sE",1],[5,35,250],[0,0.5,0],[10,-10,0,0,0,0,1,11.5,2.5,1]],[26,"left_vfx_light",7,[[6,1,-84,15]],[0,"06YwMGF29Is6FSvo85+uSj",1],[5,35,250],[0,0.5,0],[10,-10,0,0,0,0,1,-11.5,2.5,1],[1,0,0,-180]],[16,"blue_coin_particle_anim_system",3,[[20,25,50,0,500,200,0,360,0.8,0.8,180,180,180,180,1,-85,[4,4294962341],[4,4294962341],[0,50,50],18]],[0,"33qPa0F41N3Ylo4+/Ft4yM",1],[-18,-61,0,0,0,0,1,1,1,1]],[16,"purple_coin_particle_anim_system",3,[[20,25,50,0,500,200,0,360,0.8,0.8,180,180,180,180,1,-86,[4,4294935253],[4,4294935253],[0,50,50],19]],[0,"6f948gIX5IQIRndmIenrhv",1],[-22,-67,0,0,0,0,1,1,1,1]],[2,"bw_flare_c_sprite",0,3,[[4,1,2,false,-87,20]],[0,"c9afh4KI5Kbo3MeFfjCziP",1],[5,400,400],[-14,-28,0,0,0,0,1,5.5,5.5,1]],[2,"bw_flare_d",0,3,[[4,1,2,false,-88,21]],[0,"acWMzLDAdCzbfpR29vCi2W",1],[5,430,247],[0,-80,0,0,0,0,1,5,5,1]],[15,"title_sprite",6,[[18,2,false,-89]],[0,"35TiV7DClC1Ymfg6mv3uJm",1],[5,459,136],[0,0.5,0],[0,0,0,0,0,0,1,1.428,1.428,1]],[17,"bw_vfx_a_left",9,[[5,1,2,false,-90]],[0,"bdFZxCzuhMt5rHA3cMaE11",1],[5,40,40],[0,0,0.5],[1,0,0,90]],[17,"bw_vfx_a_right",9,[[5,1,2,false,-91]],[0,"aeVuzrmVNDvIXD5hXDODot",1],[5,40,40],[0,0,0.5],[1,0,0,-90]],[27,"bw_base_outline",2,[[34,1,3,2,1,-0.2,0.2,false,-92,4]],[0,"2549V3SZxC1olHVE1ctHHu",1],[5,687,685],[0,-5,0,0,0,0,1,1,1,1]],[31,"both_symbols_sprite",0,5,[-93],[0,"d1RuPR0aFLjo//HndsoYST",1],[5,818,735],[0,0,0,0,0,0,1,1.428,1.428,1]],[18,2,false,31],[38,2,0.4,20],[32,"sparkle_particle_system",3,[-94],[0,"58gX12tUNNUaCQ/QXWorBX",1],[-19,-56,0,0,0,0,1,1,1,1]],[39,1,true,false,false,100,0,360,40,40,1,500,300,34,[4,4293488330],[4,0],[4,15298250],[4,0]],[3,"number_display_holder",6,[4],[0,"00kj6sVnBKoak56Bu5Xg51",1],[0,-100,0,0,0,0,1,1.428,1.428,1]],[19,750,90,35,-45,35,-42,90,1,0,0,4,4,[22,23,24,25,26,27,28,29,30,31,32,33],[34,35,36,37,38,39,40,41,42,43]],[3,"number_anim_holder",6,[8],[0,"bfJCpSE+FDP7sBuRf7YQoI",1],[0,-100,0,0,0,0,1,1.428,1.428,1]],[35,9,[66]]],0,[0,6,1,0,-1,16,0,-2,17,0,-3,18,0,-4,19,0,9,13,0,10,12,0,11,39,0,12,2,0,13,24,0,14,23,0,15,35,0,16,29,0,17,28,0,18,21,0,19,22,0,20,7,0,21,33,0,22,32,0,23,5,0,24,26,0,25,25,0,26,14,0,27,15,0,28,10,0,29,8,0,30,4,0,31,4,0,32,27,0,33,6,0,34,3,0,35,11,0,2,1,0,-1,10,0,-2,11,0,-3,12,0,-4,13,0,-5,3,0,-6,9,0,2,2,0,2,2,0,-1,30,0,-2,14,0,-3,15,0,-4,16,0,-5,17,0,-6,18,0,-7,19,0,-2,5,0,-3,23,0,-4,24,0,-5,34,0,-6,25,0,-7,26,0,-8,6,0,-1,37,0,36,37,0,2,4,0,2,5,0,-1,31,0,-2,20,0,-1,27,0,-2,36,0,-3,38,0,-1,21,0,-2,22,0,37,8,0,2,8,0,-1,39,0,-1,28,0,-2,29,0,2,10,0,2,11,0,2,12,0,2,13,0,2,14,0,2,15,0,2,16,0,2,17,0,2,18,0,2,19,0,-1,33,0,2,21,0,2,22,0,2,23,0,2,24,0,2,25,0,2,26,0,2,27,0,2,28,0,2,29,0,2,30,0,-1,32,0,-1,35,0,7,1,2,5,3,4,5,36,7,5,20,8,5,38,94],[0,0,0,0,0,0,0,0,0,0,0,0,0,0,0,0,0,0,0,0,0,0,0,0,0,0,0,0,0,0,0,0,0,0,0,0,0,0,0,0,0,0,0,0,0,0,0,0,0,0,0,0,0,0,0,0,0,0,0,0,0,0,0,0,0,0,0,0,0,0,0,0,0,32,33,35,39],[3,3,3,3,3,3,3,3,3,3,3,3,4,-1,3,3,4,-1,8,8,3,3,-1,-2,-3,-4,-5,-6,-7,-8,-9,-10,-11,-12,-1,-2,-3,-4,-5,-6,-7,-8,-9,-10,-1,-2,-3,-4,-5,-6,-7,-8,-9,-10,-11,-12,-1,-2,-3,-4,-5,-6,-7,-8,-9,-10,-1,-1,-2,-3,-1,-2,-3,3,3,3,4],[55,56,57,58,59,60,61,62,63,64,65,66,33,33,34,34,35,35,36,36,67,68,4,5,6,7,8,9,10,11,12,13,37,38,4,5,6,7,8,9,10,11,12,13,4,5,6,7,8,9,10,11,12,13,37,38,4,5,6,7,8,9,10,11,12,13,39,69,70,40,71,72,41,40,41,73,39]],[[{"name":"bw_dragon_tiger","rect":[1,1,790,725],"offset":[-14,-5],"originalSize":[818,735],"capInsets":[0,0,0,0]}],[0],0,[0],[0],[31]],[[[8,"symbols_shine",1.125,16,"2",{"paths":{"right_mask":{"comps":{},"props":{"anchorY":[{"frame":0,"value":-2},{"frame":1.125,"value":3}]}},"left_mask":{"props":{"anchorY":[{"frame":0,"value":3},{"frame":1.125,"value":-2}]}}}}]],0,0,[],[],[]],[[{"name":"bw_vfx_a_06","rect":[580,1,155,412],"offset":[1,-3],"originalSize":[157,448],"rotated":1,"capInsets":[0,0,0,0]}],[0],0,[0],[0],[0]],[[{"name":"0","rect":[127,300,121,146],"offset":[0,0],"originalSize":[121,146],"capInsets":[0,0,0,0]}],[0],0,[0],[0],[3]],[[{"name":"bw_vfx_a_10","rect":[315,158,139,394],"offset":[-6,18],"originalSize":[157,448],"capInsets":[0,0,0,0]}],[0],0,[0],[0],[0]],[[{"name":"bw_vfx_a_05","rect":[158,158,155,404],"offset":[1,-3],"originalSize":[157,448],"capInsets":[0,0,0,0]}],[0],0,[0],[0],[0]],[[{"name":"9","rect":[1,1,121,148],"offset":[0,0],"originalSize":[121,148],"capInsets":[0,0,0,0]}],[0],0,[0],[0],[3]]]]