{"name":"ad52f8ee3c","version":"9.1.1-rc.1","main":"4593634d3d.afeaf.js","assets":{"version":2,"assets":{"shell-res/da/footer_lobby.png":["4bb56","09b6a9f510"],"shell-res/da/footer.png":["207b8","18eba1f059"],"shell-res/da/locale.json":["11fb3","e2bcc73ae0"],"shell-res/de/footer_lobby.png":["f00c9","31e46e7bee"],"shell-res/de/footer.png":["bb3da","2527941db7"],"shell-res/de/locale.json":["027c3","639ab04d0b"],"shell-res/es/footer_lobby.png":["bda31","a11da72ed2"],"shell-res/es/footer.png":["b475e","9492eb0163"],"shell-res/es/locale.json":["8c58e","574a408934"],"shell-res/favicon.ico":["9148f","64d3ccca9f"],"shell-res/fi/footer_lobby.png":["97866","26b1c7b15b"],"shell-res/fi/footer.png":["6e7f3","0e145ee8c4"],"shell-res/fi/locale.json":["78e93","c3a3151c51"],"shell-res/footer_lobby.png":["af597","fe3993efb6"],"shell-res/footer.png":["0b047","36f8ac687e"],"shell-res/fr/footer_lobby.png":["c24ca","8857c6f3b3"],"shell-res/fr/footer.png":["2b693","897ca77b54"],"shell-res/fr/locale.json":["40e11","4e26f2ad7c"],"shell-res/id/footer_lobby.png":["25427","a66e67063a"],"shell-res/id/footer.png":["87dc5","87787b3640"],"shell-res/id/locale.json":["8970b","e1dfb598a3"],"shell-res/it/footer_lobby.png":["129fe","fd1fde1440"],"shell-res/it/footer.png":["5c7a2","ce1c8184ef"],"shell-res/it/locale.json":["1c1a8","9bf46d3373"],"shell-res/ja/footer_lobby.png":["00d64","2692b14813"],"shell-res/ja/footer.png":["30525","f3e45461fd"],"shell-res/ja/locale.json":["c60cf","0a66adb103"],"shell-res/ko/footer_lobby.png":["346f4","0302dc094c"],"shell-res/ko/footer.png":["8dc4e","e5aa3fff40"],"shell-res/ko/locale.json":["8c71d","0ef3797ac1"],"shell-res/land-da/footer.png":["1aad6","a39ab58e0d"],"shell-res/land-de/footer.png":["1bcc0","6da6089a00"],"shell-res/land-es/footer.png":["4e18e","8569a6040a"],"shell-res/land-fi/footer.png":["8a337","76d85760cc"],"shell-res/land-fr/footer.png":["3c508","e36678f7a0"],"shell-res/land-id/footer.png":["a1b02","7773d6dc4c"],"shell-res/land-it/footer.png":["197a2","4c36d7602c"],"shell-res/land-ja/footer.png":["197f1","01470fa40d"],"shell-res/land-ko/footer.png":["d8d40","a80bf5eeef"],"shell-res/land-mobile/land-da/footer.png":["32eb5","2f006d45ce"],"shell-res/land-mobile/land-de/footer.png":["29d0e","5c5f71577c"],"shell-res/land-mobile/land-es/footer.png":["b49d7","f4b4dd4623"],"shell-res/land-mobile/land-fi/footer.png":["6b7f7","050e11700c"],"shell-res/land-mobile/land-fr/footer.png":["5fe7f","c3ab56dea9"],"shell-res/land-mobile/land-id/footer.png":["29e74","7af9df6c3a"],"shell-res/land-mobile/land-it/footer.png":["00c13","8f41bc9ec6"],"shell-res/land-mobile/land-ja/footer.png":["7c693","8e552f50c5"],"shell-res/land-mobile/land-ko/footer.png":["c7d5d","9a3c5444e8"],"shell-res/land-mobile/land-my/footer.png":["a2e8a","c44bc01c32"],"shell-res/land-mobile/land-nl/footer.png":["31011","0ffdb51ec2"],"shell-res/land-mobile/land-no/footer.png":["9cd49","6cddfd79b4"],"shell-res/land-mobile/land-pl/footer.png":["906bb","2804928211"],"shell-res/land-mobile/land-pt/footer.png":["b3908","6e034160e3"],"shell-res/land-mobile/land-ro/footer.png":["4fe58","c30ec39b60"],"shell-res/land-mobile/land-ru/footer.png":["9bd31","0be0947e8e"],"shell-res/land-mobile/land-sv/footer.png":["6a405","d3fb4225eb"],"shell-res/land-mobile/land-th/footer.png":["fcfaa","59ac0702ab"],"shell-res/land-mobile/land-tr/footer.png":["d3ea7","0454b19cc3"],"shell-res/land-mobile/land-vi/footer.png":["39a5b","38d44efe75"],"shell-res/land-mobile/land-zh/footer.png":["31698","7182476239"],"shell-res/land-mobile/land/footer.png":["bf889","f24ed003fc"],"shell-res/land-my/footer.png":["1b43c","7b2b5d9885"],"shell-res/land-nl/footer.png":["b4e90","f7cbd4a762"],"shell-res/land-no/footer.png":["a4773","8475ed9125"],"shell-res/land-pl/footer.png":["fd2ea","e0594138cf"],"shell-res/land-pt/footer.png":["509bf","20bad5d66e"],"shell-res/land-ro/footer.png":["9f8fa","6e7feadfed"],"shell-res/land-ru/footer.png":["d0605","44cf3bcb39"],"shell-res/land-sv/footer.png":["57ff0","38cbee9449"],"shell-res/land-th/footer.png":["367c0","ba16015812"],"shell-res/land-tr/footer.png":["b08e6","4f69947d8e"],"shell-res/land-uk/footer.png":["6a266","18abf29232"],"shell-res/land-vi/footer.png":["6f0bf","0129434959"],"shell-res/land-zh/footer.png":["687b4","307f5383ee"],"shell-res/land/footer.png":["443fb","8fd451d2cb"],"shell-res/locale.json":["b6188","7380dc4f31"],"shell-res/main_res.png":["663ff","e2cf6fa310"],"shell-res/my/footer_lobby.png":["be454","5e51376728"],"shell-res/my/footer.png":["50f0a","cff5ff4f95"],"shell-res/my/locale.json":["949dd","6a5a26a6d2"],"shell-res/nl/footer_lobby.png":["a27da","5579adf1b8"],"shell-res/nl/footer.png":["66d60","d8c3003b10"],"shell-res/nl/locale.json":["af563","a2ea301c7b"],"shell-res/no/footer_lobby.png":["58812","3c9b5605b9"],"shell-res/no/footer.png":["452d9","61b17c23cd"],"shell-res/no/locale.json":["aba66","03ecc08e8b"],"shell-res/pl/footer_lobby.png":["d979e","af230b0ff4"],"shell-res/pl/footer.png":["97249","01622f0a92"],"shell-res/pl/locale.json":["7cd57","2b5a3f7e00"],"shell-res/pt/footer_lobby.png":["7800c","1eba7f4b09"],"shell-res/pt/footer.png":["14604","e384ffaa19"],"shell-res/pt/locale.json":["3a6b4","6ca6b453e0"],"shell-res/ro/footer_lobby.png":["96a5f","d4ce67c6c8"],"shell-res/ro/footer.png":["4cea8","b7d4f4feea"],"shell-res/ro/locale.json":["193a6","d48249f685"],"shell-res/ru/footer_lobby.png":["c1803","ab09f455a3"],"shell-res/ru/footer.png":["80052","4a30ed9602"],"shell-res/ru/locale.json":["65d1c","5d31081eb8"],"shell-res/sv/footer_lobby.png":["79101","8478e77d11"],"shell-res/sv/footer.png":["4eed7","66744bdd26"],"shell-res/sv/locale.json":["56d27","973e3d270c"],"shell-res/th/footer_lobby.png":["f2970","aab89dc240"],"shell-res/th/footer.png":["4c55f","c519f996a7"],"shell-res/th/locale.json":["c60bf","5575fa1e2c"],"shell-res/tr/footer_lobby.png":["66cf0","d9d336dde0"],"shell-res/tr/footer.png":["6abd3","84bcb4253f"],"shell-res/tr/locale.json":["a6f1a","9e2c18e53c"],"shell-res/uk/footer_lobby.png":["b4a53","86c8fcd768"],"shell-res/uk/footer.png":["72df5","74f19a172b"],"shell-res/uk/locale.json":["3fec2","955d9d041b"],"shell-res/vi/footer_lobby.png":["4de9e","d666e8c868"],"shell-res/vi/footer.png":["62c1b","f27abe625a"],"shell-res/vi/locale.json":["727c3","c834c0a866"],"shell-res/zh/footer_lobby.png":["92adb","1b57f38f7a"],"shell-res/zh/footer.png":["4f0db","a8c311a61a"],"shell-res/zh/locale.json":["c6696","369ef75671"]}}}