[1,["650umEwHRJWKDYlF6hDdRt","402UOHfB9Gw5viTFg2srVg","32euVcMJBE0pLTcbvI/xdb","39y5fhrqNH56+u6d3PTncy","14kOzcLkxLtKnp67M3butw","02HYZDn+hDb5lJzxlmjXgh","batQZ60UZK/4EjlOdu3vlO","64VAr9cgFBNb2+w4pc6WJ8","03Cog2GvBIDq+CnNXlpxC+","0fg3HmxZpE/o0TR0q7SLeW","d0vHMaxhFJ94tbEqPRMz0o","4aH4QlmW5HPr2fcuHnHxaZ","a3o+xCMDVCY7yb6qzgwHZy","29e5dSMX9GfLozlExkapfV","d19fHze2tBf54nmUgy4/eN","ddaIP2PfpOX5tFOsZLh5Xp","83eSOzwohGzpzjOAKTudiP","fdEjsv85dJnKS2AuSLl9IL","5dBM/thyRDvolkVBp+vYw/","7ellat1YVM95wUUKQPbfVg","2cDQO5m4VLII1JDwE775H5","24FvQsyvJPhoq84YQZet4L","07nKnJLzVMQZFjnMgMyFqp","31Dnmcl95MmbUGOWHr4dWM","2ccaKKaQBPW5G7bRhcWyU4","ac7XciOU1JpYUfWDL5SZuw","debd2KXJFPPoWORyXpHBij","4arETfmOZO+JR+rWAn8MBO","83AdtlKKJAJpEpSXef4sdt","9bOrW1eiRC9YHbwruDl5ke","cbg1pd60JL9721LIuI9JdR","6fAFQdHtdCirUVovTR7PRl","4ft8r34mZPDJvyuiUx5dxP","b4AFFtZVlGOKYcGSo5q+Pr","85QyQdfzJPzp8jQJ60P388","23V8m6dv1H2qlm5drKJ1jA","84O7tcGXZO0rhOaZ1h9E3l","4b8TZh9mlKO6vdU83HDilb","63DWCnD9JOn7/nyNKJzHlI","57TOtEF5BA2JCMfnW9EQpN","43g3ThjSBCWo91qqZZCNRi"],["_textureSetter","value","node","_spriteFrame","_defaultClip","root","flareNode","fireworkAnimator","levelOneRightWaveAnimator","levelOneLeftWaveAnimator","levelOneBlueWaveNode","levelOneFrameNode","infoboardMessageController","numberDisplayNode","data","_parent"],["cc.SpriteFrame",["cc.Node",["_name","_active","_prefab","_children","_trs","_parent","_components","_contentSize"],1,4,2,7,1,12,5],["cc.Sprite",["_sizeMode","_isTrimmedMode","_dstBlendFactor","_srcBlendFactor","node","_spriteFrame"],-1,1,6],["cc.Node",["_name","_opacity","_active","_parent","_components","_prefab","_contentSize","_trs","_children"],0,1,9,4,5,7,2],["cc.Node",["_name","_active","_parent","_components","_prefab","_trs","_contentSize"],1,1,2,4,7,5],["cc.AnimationClip",["_name","_duration","sample","wrapMode","curveData"],-1,11],["cc.Prefab",["_name"],2],["18f60SC0TlHtpjW7F0usBsC",["node","numberDisplayNode","infoboardMessageController","levelOneFrameNode","levelOneBlueWaveNode","levelOneLeftWaveAnimator","levelOneRightWaveAnimator","fireworkAnimator","flareNode"],3,1,1,1,1,1,1,1,1,1],["cc.PrefabInfo",["fileId","root"],2,1],["cc.Layout",["_resize","_N$layoutType","_N$spacingX","_N$affectedByScale","node","_layoutSize"],-1,1,5],["cc.Mask",["node"],3,1],["e13cc9FLShL66GevrFVSv5p",["maxContainerSize","nodeNumberWidth","commaWidth","commaY","commaScale","decimalWidth","decimalY","decimalScale","decimalNumberWidth","decimalNumberScale","multiplySpriteWidth","node","numberContainer","numberSprite","numberBlurSprite"],-8,1,1,3,3],["cc.Animation",["node","_clips"],3,1,3],["6ce4aSiKeVGJZPyEX2VbsSD",["node","displayController"],3,1,1],["f962cm61b9P6rw9Yco9B/O4",["node","maskNode","spriteMessageNode","sprite","numberRollController","numberDisplayController","winText","totalText","winDisplayNode"],3,1,1,1,1,1,1,1,1,1]],[[8,0,1,2],[3,0,3,4,5,6,7,2],[2,2,0,1,4,4],[2,0,1,4,3],[12,0,1,1],[1,0,1,5,6,2,7,4,3],[3,0,3,8,4,5,6,7,2],[4,0,1,2,3,4,6,5,3],[2,0,1,4,5,3],[5,0,1,2,3,4,5],[6,0,2],[1,0,3,6,2,7,2],[1,0,3,2,4,2],[1,0,5,3,2,2],[1,0,5,6,2,4,2],[1,0,5,3,2,4,2],[3,0,2,1,3,4,5,6,7,4],[3,0,1,3,4,5,6,7,3],[4,0,2,3,4,5,2],[4,0,2,3,4,6,5,2],[7,0,1,2,3,4,5,6,7,8,1],[9,0,1,2,3,4,5,5],[10,0,1],[2,2,0,1,4,5,4],[2,3,2,0,1,4,5,5],[2,0,4,5,2],[11,0,1,2,3,4,5,6,7,8,9,10,11,12,13,14,12],[13,0,1,1],[14,0,1,2,3,4,5,6,7,8,1]],[[[{"name":"infoboard_vfx_b_152","rect":[1,205,221,49],"offset":[2,0],"originalSize":[225,65],"capInsets":[0,0,0,0]}],[0],0,[0],[0],[0]],[[{"name":"infoboard_vfx_b_151","rect":[224,154,221,49],"offset":[2,0],"originalSize":[225,65],"capInsets":[0,0,0,0]}],[0],0,[0],[0],[0]],[[{"name":"infoboard_vfx_b_150","rect":[1,154,221,49],"offset":[2,0],"originalSize":[225,65],"capInsets":[0,0,0,0]}],[0],0,[0],[0],[0]],[[{"name":"infoboard_vfx_b_154","rect":[1,256,221,49],"offset":[2,0],"originalSize":[225,65],"capInsets":[0,0,0,0]}],[0],0,[0],[0],[0]],[[{"name":"infoboard_vfx_b_153","rect":[224,205,221,49],"offset":[2,0],"originalSize":[225,65],"capInsets":[0,0,0,0]}],[0],0,[0],[0],[0]],[[[9,"level_one_wave_effect",1.25,16,"2",[{},"comps",11,[{},"cc.Sprite",11,[{},"spriteFrame",12,[[[{"frame":0},"value",6,0],[{"frame":0.0625},"value",6,1],[{"frame":0.125},"value",6,2],[{"frame":0.1875},"value",6,3],[{"frame":0.25},"value",6,4],[{"frame":0.3125},"value",6,5],[{"frame":0.375},"value",6,6],[{"frame":0.4375},"value",6,7],[{"frame":0.5},"value",6,8],[{"frame":0.5625},"value",6,9],[{"frame":0.625},"value",6,10],[{"frame":0.6875},"value",6,11],[{"frame":0.75},"value",6,12],[{"frame":0.8125},"value",6,13],[{"frame":0.875},"value",6,14],[{"frame":0.9375},"value",6,15],[{"frame":1},"value",6,16],[{"frame":1.0625},"value",6,17],[{"frame":1.125},"value",6,18],[{"frame":1.1875},"value",6,19]],11,11,11,11,11,11,11,11,11,11,11,11,11,11,11,11,11,11,11,11]]]]]],0,0,[0,0,0,0,0,0,0,0,0,0,0,0,0,0,0,0,0,0,0,0],[1,1,1,1,1,1,1,1,1,1,1,1,1,1,1,1,1,1,1,1],[14,15,16,17,18,19,20,21,22,23,24,25,26,27,28,29,30,31,32,33]],[[{"name":"infoboard_vfx_b_157","rect":[224,307,221,49],"offset":[2,0],"originalSize":[225,65],"capInsets":[0,0,0,0]}],[0],0,[0],[0],[0]],[[{"name":"infoboard_mask_b","rect":[877,55,34,86],"offset":[0,0],"originalSize":[34,86],"rotated":1,"capInsets":[0,0,0,0]}],[0],0,[0],[0],[1]],[[{"name":"infoboard_vfx_b_162","rect":[447,194,203,49],"offset":[11,0],"originalSize":[225,65],"rotated":1,"capInsets":[0,0,0,0]}],[0],0,[0],[0],[0]],[[{"name":"infoboard_vfx_b_148","rect":[1,103,221,49],"offset":[2,-1],"originalSize":[225,65],"capInsets":[0,0,0,0]}],[0],0,[0],[0],[0]],[[{"name":"infoboard_lv01","rect":[1,1,786,106],"offset":[2,1],"originalSize":[832,112],"capInsets":[0,0,0,0]}],[0],0,[0],[0],[1]],[[{"name":"infoboard_vfx_b_161","rect":[1,409,221,49],"offset":[2,0],"originalSize":[225,65],"capInsets":[0,0,0,0]}],[0],0,[0],[0],[0]],[[{"name":"infoboard_vfx_b_149","rect":[224,103,221,49],"offset":[2,0],"originalSize":[225,65],"capInsets":[0,0,0,0]}],[0],0,[0],[0],[0]],[[{"name":"infoboard_vfx_b_158","rect":[1,358,221,49],"offset":[2,0],"originalSize":[225,65],"capInsets":[0,0,0,0]}],[0],0,[0],[0],[0]],[[{"name":"infoboard_vfx_b_146","rect":[1,52,221,49],"offset":[2,-1],"originalSize":[225,65],"capInsets":[0,0,0,0]}],[0],0,[0],[0],[0]],[[{"name":"infoboard_mask_a","rect":[789,55,38,86],"offset":[0,0],"originalSize":[38,86],"rotated":1,"capInsets":[0,0,0,0]}],[0],0,[0],[0],[1]],[[{"name":"infoboard_vfx_a","rect":[789,1,360,52],"offset":[0,0],"originalSize":[360,52],"capInsets":[0,0,0,0]}],[0],0,[0],[0],[1]],[[{"name":"infoboard_vfx_b_159","rect":[447,1,191,49],"offset":[-13,0],"originalSize":[225,65],"rotated":1,"capInsets":[0,0,0,0]}],[0],0,[0],[0],[0]],[[{"name":"infoboard_vfx_b_155","rect":[224,256,221,49],"offset":[2,0],"originalSize":[225,65],"capInsets":[0,0,0,0]}],[0],0,[0],[0],[0]],[[{"name":"infoboard_vfx_b_163","rect":[224,409,221,49],"offset":[2,0],"originalSize":[225,65],"capInsets":[0,0,0,0]}],[0],0,[0],[0],[0]],[[[10,"infoboard_controller"],[11,"infoboard_controller",[-12,-13,-14,-15,-16,-17,-18,-19],[[[20,-10,-9,-8,-7,-6,-5,-4,-3,-2],-11],4,1],[0,"00cU3klbxGur8GhnmVjnEM",-1],[5,1080,160]],[6,"win_display",1,[-21,-22,-23],[[21,1,1,15,true,-20,[5,0,90]]],[0,"27eQsmRs5Fp4O4giXg06VF",1],[5,0,90],[0,2,0,0,0,0,1,1.4,1.4,1]],[12,"level_1_holder",[-24,-25,-26],[0,"80lkE0WQFH2rk02vLZONIE",1],[0,45.6,0,0,0,0,1,1,1,1]],[18,"number_display",2,[-27,-28],[0,"cdlQSA1UFG+7qKooBSbOLs",1],[0,2,0,0,0,0,1,1,1,1]],[6,"message_mask",1,[-30],[[22,-29]],[0,"9aaR4Y9CRC/oEsoos+NbrQ",1],[5,900,80],[0,7,0,0,0,0,1,1,1,1]],[16,"level_one_blue_wave_sprite",false,128,1,[[23,1,2,false,-31,0]],[0,"5cu6XReCNBgqRkpDVjOLP6",1],[5,360,52],[-2,3,0,0,0,0,1,2.5,2.5,1]],[5,"level_one_left_wave_animation",false,1,[[[2,1,2,false,-32],-33],4,1],[0,"6eXo1DZ81H86LtSktN9mV6",1],[5,225,65],[-225,4,0,0,0,0,1,2,2,1]],[5,"level_one_right_wave_animation",false,1,[[[2,1,2,false,-34],-35],4,1],[0,"8f3crj0yJLDLq+MViG1D4J",1],[5,225,65],[225,4,0,0,0,0,1,-2,2,1]],[13,"sprite_message",5,[-36],[0,"478pTD4G9Keo+exb+TntWc",1]],[17,"white_flare_node",0,1,[[24,1,769,2,false,-37,3]],[0,"5fo1DFSV5L57U/ZwuEgpre",1],[5,430,247],[0,0,0,0,0,0,1,6,6,1]],[26,450,35,25,-25,0.8,25,-23,0.8,35,1,0,4,4,[7,8,9,10,11,12,13,14,15,16,17,18],[19,20,21,22,23,24,25,26,27,28]],[14,"firework_holder",1,[[[2,1,2,false,-38],-39],4,1],[0,"bb5FJy0qVDrIiYAfO1a00W",1],[0,0,0,0,0,0,1,3,3,1]],[4,7,[1]],[4,8,[2]],[19,"sprite",9,[-40],[0,"2cySCpwZRF2YABySirYeDs",1],[5,1168,74],[0,0,0,0,0,0,1,1.2,1.2,1]],[3,2,false,15],[15,"bg",1,[3],[0,"40M5aPeqJIm4ABXftooWyr",1],[0,-48,0,0,0,0,1,1.25,1.25,1]],[1,"left_mask",3,[[8,2,false,-41,4]],[0,"d0IvRsjy9Oz400bP6/jI/m",1],[5,38,86],[-350.2,-8,0,0,0,0,1,1,1,1]],[1,"right_mask",3,[[25,2,-42,5]],[0,"b0cosk0yRD8obO+hX/SRPn",1],[5,34,86],[353.4,-8.3,0,0,0,0,1,1,1,1]],[1,"lvl_1_frame",3,[[8,2,false,-43,6]],[0,"8cZo6kQaNFxYyFcOsQNMqQ",1],[5,832,112],[0,-2.6,0,0,0,0,1,1,1,1]],[7,"total_win",false,2,[-44],[0,"2aMgBnigxO0qK4bLe98V9O",1],[5,130,70],[-78,3,0,0,0,0,1,1,1,1]],[3,2,false,21],[7,"win",false,2,[-45],[0,"7fSodPw1xNfI6rKUk0jG4w",1],[5,126,70],[65,3,0,0,0,0,1,1,1,1]],[3,2,false,23],[27,4,11],[4,12,[29]],[28,1,5,9,16,25,11,24,22,2]],0,[0,5,1,0,6,10,0,7,26,0,8,14,0,9,13,0,10,6,0,11,3,0,12,27,0,13,4,0,2,1,0,-2,27,0,-1,6,0,-2,7,0,-3,8,0,-4,5,0,-5,10,0,-6,17,0,-7,2,0,-8,12,0,2,2,0,-1,21,0,-2,23,0,-3,4,0,-1,18,0,-2,19,0,-3,20,0,-1,11,0,-2,25,0,2,5,0,-1,9,0,2,6,0,2,7,0,-2,13,0,2,8,0,-2,14,0,-1,15,0,2,10,0,2,12,0,-2,26,0,-1,16,0,2,18,0,2,19,0,2,20,0,-1,22,0,-1,24,0,14,1,3,15,17,45],[0,0,0,0,0,0,0,0,0,0,0,0,0,0,0,0,0,0,0,0,0,0,0,0,0,0,0,0,0,0,13,14,26],[3,-1,-1,3,3,3,3,-1,-2,-3,-4,-5,-6,-7,-8,-9,-10,-11,-12,-1,-2,-3,-4,-5,-6,-7,-8,-9,-10,-1,4,4,4],[34,2,2,35,36,37,38,3,4,5,6,7,8,9,10,11,12,39,40,3,4,5,6,7,8,9,10,11,12,13,2,2,13]],[[{"name":"infoboard_vfx_b_160","rect":[224,358,205,49],"offset":[-6,0],"originalSize":[225,65],"capInsets":[0,0,0,0]}],[0],0,[0],[0],[0]],[[{"name":"infoboard_vfx_b_144","rect":[1,1,221,49],"offset":[2,0],"originalSize":[225,65],"capInsets":[0,0,0,0]}],[0],0,[0],[0],[0]],[[{"name":"infoboard_vfx_b_145","rect":[224,1,221,49],"offset":[2,-1],"originalSize":[225,65],"capInsets":[0,0,0,0]}],[0],0,[0],[0],[0]],[[{"name":"infoboard_vfx_b_156","rect":[1,307,221,49],"offset":[2,0],"originalSize":[225,65],"capInsets":[0,0,0,0]}],[0],0,[0],[0],[0]],[[{"name":"infoboard_vfx_b_147","rect":[224,52,221,49],"offset":[2,-1],"originalSize":[225,65],"capInsets":[0,0,0,0]}],[0],0,[0],[0],[0]]]]