[1,["419sSvm7RKfIvvFwlVXylf","98uEYbWFNN5rWo5Op85a7W","beGGryWVNA0KYeJ+Nt//ux","8eYC9bK+BLkpIGPypE4jAo","b1nEVaOVdLOY0I+kLM9156","e7SiPDxKJNj5wtxY9u6tTN","a2yyBk/wZNV7I+DyyDFcYV","80KqJgPQBDUIzm27h7i0H0","682+vrJPJAMJeAsIMQOK1y","e1UrBT8DdKLZJzAvAy14XG","76HMWW7S9CG4NerTU4cqhD","6dgoPoqvBBb4rQOWMVaMu6","520ktDjm5ABL8yV6UN+hFk","aaWejsLHBPJ7jLPj2wG5OA","edUc8H2bJJ9p753JqcfYz8","16IZgfOsRCooijut0SxpSx","7fNkWZvh1FsoQwJU0vjjjC","a8749EexVK8K03w3w4d8tp","e5cfaNWl9K7rXBvq2dMBhj","23V8m6dv1H2qlm5drKJ1jA","6bQsxcsN1M0JnzLfpi/u/4","d5AD77J8pJNaSKq0YGu0mZ","66d8aq4RtFXK32dQ2is/qX","39TCAolPFKkIgpQe0KJiNT","8b3fVyOcBHbZyQpEdnbEc+","60+9E7xdlHyouTh0ReaJey","fd9QL5a35JVKXekUr8/2SF","05/2Me0/VFbK0bCrK5U21q","45/fx8CyJA34ECJibRtLZ4","0faUO70uZEPJmWE4NL22mI","466pSjYUFAmbWEfVulhxX1","cb3ooc4t1FBbov8DMTaEVC","33lihZ/jhB3atdrJLQ99bZ","29ZJQzR15Ek6sE2YSpBLIg","b5kYul4NRMXKLObXSBApIu","eadOBT+cRKUqXEUh1p3kwl","65uobrjcNAw6YiPzQKw7ZY","f8DHZlVEJHHYW0rMjo7wT/","69rl2ZBrBPw6OIsbFFAKYn","86aj/6SytBBIv3CF5RZ/bJ"],["_textureSetter","value","node","_spriteFrame","_defaultClip","root","waveAnimator","particleAnimator","multiplierFadeNode","pinkMultiplierFrameNode","blueMultiplierFrameNode","whiteFlareNode","textFlareNode","frameFlareNode","twoMultiplierNode","displayNode","data"],["cc.SpriteFrame",["cc.Node",["_name","_opacity","_prefab","_components","_parent","_trs","_contentSize","_children"],1,4,9,1,7,5,2],["cc.Sprite",["_sizeMode","_isTrimmedMode","_dstBlendFactor","_srcBlendFactor","node","_spriteFrame"],-1,1,6],["cc.AnimationClip",["_name","_duration","sample","wrapMode","curveData"],-1,11],["cc.Prefab",["_name"],2],["cc.Node",["_name","_parent","_components","_prefab","_contentSize","_trs"],2,1,12,4,5,7],["06a0fTahbBP9qVobAfgd8Gy",["node","displayNode","twoMultiplierNode","frameFlareNode","textFlareNode","whiteFlareNode","blueMultiplierFrameNode","pinkMultiplierFrameNode","multiplierFadeNode","particleAnimator","waveAnimator"],3,1,1,1,1,1,1,1,1,1,1,1],["cc.PrefabInfo",["fileId","root"],2,1],["cc.Animation",["node","_clips"],3,1,3]],[[7,0,1,2],[1,0,1,4,3,2,6,5,3],[2,0,1,4,5,3],[5,0,1,2,3,4,5,2],[2,2,0,1,4,4],[8,0,1,1],[3,0,1,2,3,4,5],[3,0,1,2,4,4],[4,0,2],[1,0,7,3,2,5,2],[1,0,4,7,2,2],[1,0,4,3,2,6,5,2],[1,0,4,3,2,6,2],[6,0,1,2,3,4,5,6,7,8,9,10,1],[2,3,2,0,1,4,5,5],[2,2,0,1,4,5,4]],[[[{"name":"x2_frame_particle_vfx_07","rect":[146,247,143,106],"offset":[0,-3],"originalSize":[401,168],"capInsets":[0,0,0,0]}],[0],0,[0],[0],[0]],[[{"name":"x2_frame_particle_vfx_09","rect":[162,1,153,116],"offset":[-1,-2],"originalSize":[401,168],"capInsets":[0,0,0,0]}],[0],0,[0],[0],[0]],[[{"name":"multiplier_vfx_c_18","rect":[181,280,178,91],"offset":[-1,0],"originalSize":[210,103],"capInsets":[0,0,0,0]}],[0],0,[0],[0],[1]],[[{"name":"x2_frame_particle_vfx_13","rect":[289,367,145,94],"offset":[-9,-17],"originalSize":[401,168],"capInsets":[0,0,0,0]}],[0],0,[0],[0],[0]],[[{"name":"x2_frame_particle_vfx_12","rect":[1,243,143,122],"offset":[-9,-3],"originalSize":[401,168],"capInsets":[0,0,0,0]}],[0],0,[0],[0],[0]],[[{"name":"x2_frame_particle_vfx_03","rect":[317,83,109,66],"offset":[0,1],"originalSize":[401,168],"capInsets":[0,0,0,0]}],[0],0,[0],[0],[0]],[[{"name":"x2_frame_particle_vfx_08","rect":[1,367,149,112],"offset":[-1,-2],"originalSize":[401,168],"capInsets":[0,0,0,0]}],[0],0,[0],[0],[0]],[[{"name":"x2_frame_particle_vfx_10","rect":[1,123,157,118],"offset":[-1,-3],"originalSize":[401,168],"capInsets":[0,0,0,0]}],[0],0,[0],[0],[0]],[[{"name":"multiplier_vfx_c_15","rect":[181,187,178,91],"offset":[-1,0],"originalSize":[210,103],"capInsets":[0,0,0,0]}],[0],0,[0],[0],[1]],[[{"name":"x2_frame_particle_vfx_05","rect":[309,151,129,92],"offset":[-1,-2],"originalSize":[401,168],"capInsets":[0,0,0,0]}],[0],0,[0],[0],[0]],[[{"name":"x2_frame_particle_vfx_16","rect":[162,119,149,30],"offset":[-10,15],"originalSize":[401,168],"capInsets":[0,0,0,0]}],[0],0,[0],[0],[0]],[[{"name":"x2_frame_particle_vfx_02","rect":[152,457,91,46],"offset":[2,2],"originalSize":[401,168],"capInsets":[0,0,0,0]}],[0],0,[0],[0],[0]],[[{"name":"multiplier_vfx_c_11","rect":[361,1,178,91],"offset":[-1,0],"originalSize":[210,103],"rotated":1,"capInsets":[0,0,0,0]}],[0],0,[0],[0],[1]],[[{"name":"x2_frame_particle_vfx_18","rect":[291,343,147,22],"offset":[-9,18],"originalSize":[401,168],"capInsets":[0,0,0,0]}],[0],0,[0],[0],[0]],[[{"name":"x2_vfx_a","rect":[298,150,101,60],"offset":[0,0],"originalSize":[101,60],"rotated":1,"capInsets":[0,0,0,0]}],[0],0,[0],[0],[2]],[[{"name":"multiplier_vfx_c_14","rect":[1,187,178,91],"offset":[-1,0],"originalSize":[210,103],"capInsets":[0,0,0,0]}],[0],0,[0],[0],[1]],[[{"name":"multiplier_vfx_c_13","rect":[181,94,178,91],"offset":[-1,0],"originalSize":[210,103],"capInsets":[0,0,0,0]}],[0],0,[0],[0],[1]],[[{"name":"x2_frame","rect":[1,174,144,77],"offset":[0,0],"originalSize":[144,77],"capInsets":[0,0,0,0]}],[0],0,[0],[0],[2]],[[{"name":"multiplier_vfx_c_10","rect":[181,1,178,91],"offset":[-1,0],"originalSize":[210,103],"capInsets":[0,0,0,0]}],[0],0,[0],[0],[1]],[[{"name":"x2_frame_particle_vfx_19","rect":[146,355,5,4],"offset":[44,10],"originalSize":[401,168],"rotated":1,"capInsets":[0,0,0,0]}],[0],0,[0],[0],[0]],[[{"name":"x2_frame_particle_vfx_04","rect":[317,1,121,80],"offset":[-1,-1],"originalSize":[401,168],"capInsets":[0,0,0,0]}],[0],0,[0],[0],[0]],[[{"name":"multiplier_vfx_c_09","rect":[1,1,178,91],"offset":[-1,0],"originalSize":[210,103],"capInsets":[0,0,0,0]}],[0],0,[0],[0],[1]],[[{"name":"x2_tiger_neon_on","rect":[147,174,149,50],"offset":[0,0],"originalSize":[149,50],"capInsets":[0,0,0,0]}],[0],0,[0],[0],[2]],[[{"name":"multiplier_vfx_c_16","rect":[361,181,178,91],"offset":[-1,0],"originalSize":[210,103],"rotated":1,"capInsets":[0,0,0,0]}],[0],0,[0],[0],[1]],[[[6,"wave",0.625,16,"2",[{},"comps",11,[{},"cc.Sprite",11,[{},"spriteFrame",12,[[[{"frame":0},"value",6,0],[{"frame":0.0625},"value",6,1],[{"frame":0.125},"value",6,2],[{"frame":0.1875},"value",6,3],[{"frame":0.25},"value",6,4],[{"frame":0.3125},"value",6,5],[{"frame":0.375},"value",6,6],[{"frame":0.4375},"value",6,7],[{"frame":0.5},"value",6,8],[{"frame":0.5625},"value",6,9]],11,11,11,11,11,11,11,11,11,11]]]]]],0,0,[0,0,0,0,0,0,0,0,0,0],[1,1,1,1,1,1,1,1,1,1],[6,7,8,9,10,11,12,13,14,15]],[[{"name":"x2_frame_particle_vfx_14","rect":[160,151,147,94],"offset":[-10,-17],"originalSize":[401,168],"capInsets":[0,0,0,0]}],[0],0,[0],[0],[0]],[[[8,"multiplier_controller"],[9,"multiplier_controller",[-13,-14,-15,-16],[[13,-12,-11,-10,-9,-8,-7,-6,-5,-4,-3,-2]],[0,"53hH2ZGctPbJwZ7BdxO8eF",-1],[0,600,0,0,0,0,1,1,1,1]],[10,"display_holder",1,[-17,-18,-19,-20,-21,-22,-23],[0,"b6fnIeYHZDyKaY3u26VV53",1]],[1,"tiger_neon_on",0,2,[[2,0,false,-24,1]],[0,"9fG50gXtBE64GM1JpgbN73",1],[5,186,63],[0,23.1,0,0,0,0,1,1,1,1]],[1,"dragon_neon_on",0,2,[[2,0,false,-25,2]],[0,"4bxScNlOVIXbaHMFl5WjnE",1],[5,184,62],[-0.8,-22.2,0,0,0,0,1,1,1,1]],[1,"x_2_wave_anim",0,2,[[2,2,false,-26,3]],[0,"bc5P1N7x1DG5PEOnoLrcKH",1],[5,317,243],[0,0,0,0,0,0,1,0.33,0.33,1]],[1,"white_flare_node",0,2,[[14,1,769,2,false,-27,4]],[0,"c5WUbbXG5Ep6a9P0h+MYrV",1],[5,430,247],[0,5.5,0,0,0,0,1,5,5,1]],[3,"wave_animation",2,[[[4,1,2,false,-28],-29],4,1],[0,"75i/ZhT2RH2rMWJvcy5abC",1],[5,192,130.5],[2,5,0,0,0,0,1,1,1,1]],[11,"x_2_sprite",2,[[2,2,false,-30,6]],[0,"79Rxjbnp1H4ZWds7yJsF7c",1],[5,317,243],[0,0,0,0,0,0,1,0.33,0.33,1]],[1,"x_2_sprite_anim",0,1,[[2,2,false,-31,7]],[0,"42tgdnhldKBqPJVCFmziBH",1],[5,317,243],[0,0,0,0,0,0,1,0.33,0.33,1]],[3,"x_2_animation",1,[[[4,1,2,false,-32],-33],4,1],[0,"f7RN/v14RDe43iDHMnAJ3v",1],[5,40,40],[0,5.5,0,0,0,0,1,1.428,1.428,1]],[1,"frame_flare_node",0,1,[[15,1,2,false,-34,9]],[0,"6atCExqUFLe5XmT4iJQcQ+",1],[5,101,60],[0,1,0,0,0,0,1,2.5,2.5,1]],[12,"x_2_frame_sprite",2,[[2,0,false,-35,0]],[0,"45RMNc3mFOQIiqGBTn+rQX",1],[5,180,96]],[5,7,[5]],[5,10,[8]]],0,[0,5,1,0,6,13,0,7,14,0,8,5,0,9,4,0,10,3,0,11,6,0,12,9,0,13,11,0,14,8,0,15,2,0,2,1,0,-1,2,0,-2,9,0,-3,10,0,-4,11,0,-1,12,0,-2,3,0,-3,4,0,-4,5,0,-5,6,0,-6,7,0,-7,8,0,2,3,0,2,4,0,2,5,0,2,6,0,2,7,0,-2,13,0,2,8,0,2,9,0,2,10,0,-2,14,0,2,11,0,2,12,0,16,1,35],[0,0,0,0,0,0,0,0,0,0,13,14],[3,3,3,3,3,-1,3,3,-1,3,4,4],[16,17,18,3,19,4,3,3,5,20,4,5]],[[{"name":"x2_frame_particle_vfx_11","rect":[1,1,159,120],"offset":[-1,-3],"originalSize":[401,168],"capInsets":[0,0,0,0]}],[0],0,[0],[0],[0]],[[{"name":"x2_frame_particle_vfx_01","rect":[1,481,77,28],"offset":[4,3],"originalSize":[401,168],"capInsets":[0,0,0,0]}],[0],0,[0],[0],[0]],[[{"name":"multiplier_vfx_c_12","rect":[1,94,178,91],"offset":[-1,0],"originalSize":[210,103],"capInsets":[0,0,0,0]}],[0],0,[0],[0],[1]],[[{"name":"x2_dragon_neon_on","rect":[270,1,147,50],"offset":[0,0],"originalSize":[147,50],"rotated":1,"capInsets":[0,0,0,0]}],[0],0,[0],[0],[2]],[[[7,"x2_particle",1.1875,16,[{},"comps",11,[{},"cc.Sprite",11,[{},"spriteFrame",12,[[[{"frame":0},"value",6,0],[{"frame":0.0625},"value",6,1],[{"frame":0.125},"value",6,2],[{"frame":0.1875},"value",6,3],[{"frame":0.25},"value",6,4],[{"frame":0.3125},"value",6,5],[{"frame":0.375},"value",6,6],[{"frame":0.4375},"value",6,7],[{"frame":0.5},"value",6,8],[{"frame":0.5625},"value",6,9],[{"frame":0.625},"value",6,10],[{"frame":0.6875},"value",6,11],[{"frame":0.75},"value",6,12],[{"frame":0.8125},"value",6,13],[{"frame":0.875},"value",6,14],[{"frame":0.9375},"value",6,15],[{"frame":1},"value",6,16],[{"frame":1.0625},"value",6,17],[{"frame":1.125},"value",6,18]],11,11,11,11,11,11,11,11,11,11,11,11,11,11,11,11,11,11,11]]]]]],0,0,[0,0,0,0,0,0,0,0,0,0,0,0,0,0,0,0,0,0,0],[1,1,1,1,1,1,1,1,1,1,1,1,1,1,1,1,1,1,1],[21,22,23,24,25,26,27,28,29,30,31,32,33,34,35,36,37,38,39]],[[{"name":"x2_frame_particle_vfx_15","rect":[291,247,147,94],"offset":[-9,-17],"originalSize":[401,168],"capInsets":[0,0,0,0]}],[0],0,[0],[0],[0]],[[{"name":"multiplier_vfx_c_17","rect":[1,280,178,91],"offset":[-1,0],"originalSize":[210,103],"capInsets":[0,0,0,0]}],[0],0,[0],[0],[1]],[[{"name":"x2_frame_particle_vfx_17","rect":[245,463,149,24],"offset":[-10,19],"originalSize":[401,168],"capInsets":[0,0,0,0]}],[0],0,[0],[0],[0]],[[{"name":"x2_frame_particle_vfx_06","rect":[152,355,135,100],"offset":[0,-2],"originalSize":[401,168],"capInsets":[0,0,0,0]}],[0],0,[0],[0],[0]]]]