[1,["56kjfRWPZGEbStPVHJZCUa","5auZJkF/xN9qXxrAp90Gge","00zRVpb6JKUr5s3sW94CoI","f3bOPgOBNIuJpdjbOU3059","98AARzpDRBHKTkm8taEGU8","83uddwEndIa4b9/b9DmXzx","51nlHR1dVFh6JX6seAMTFH","e5PlOLpDRCV6DLcKqX0vUA","c3DzcW+KpBnrTCBQcfPnnK","9buzcGXNVNNY7/RtN8d6PM","4f+x0E4WdFjqPK4MehnuwZ","0e0yvcWVpHmKnZmKymQ8Gl","6agsFtd8pGR7emXnL3NFdb","5er/sTBapJS5FNtWIayL5w","41ZWgEe/lEUITDJpoHjmN4","582B08ktZBm5ZwYOyTcrnQ","f4xJbqX8ZAH4UfdS0V5NfI","a3TGBmkbpE1awLUtA1YNVI","a20C2SGAJOdpoQQxlpCRUX","08asf3X9NONY9A4mXaXkl8","3aZW7OmGdNhoLYfBqMnGXq","c3t0AMvgxElYQECOTfg/q+","1aHwpMQw9GlY9A7JLbGt/j","e6x2j0XVFJA7aFChDX6470","c5P5fqHcFI7qmX0HkLuIan","7deVW62FJCrp5APNNNCd3h"],["_textureSetter","node","root","numberContainer","data","backgroundSprite","greyNumberDisplayNode","normalNumberDisplayNode","_spriteFrame","payLineNumberItemPrefab"],["cc.SpriteFrame",["cc.Node",["_name","_components","_prefab","_trs","_children","_parent"],2,9,4,7,2,1],["cc.Prefab",["_name"],2],["cc.Node",["_name","_parent","_components","_prefab","_contentSize"],2,1,2,4,5],["0c976li/9BBQLbmNpe4DNk4",["node","normalNumberDisplayNode","greyNumberDisplayNode","backgroundSprite","bgSpriteFrameList"],3,1,1,1,1,3],["cc.PrefabInfo",["fileId","root"],2,1],["e13cc9FLShL66GevrFVSv5p",["enableComma","enableDecimal","nodeNumberWidth","disableFixedWidth","node","numberContainer","numberSprite"],-1,1,1,3],["cc.Sprite",["_sizeMode","node"],2,1],["37901L1qc1MGaIbS5+1jIyr",["node","payLineNumberItemPrefab"],3,1,6]],[[5,0,1,2],[2,0,2],[1,0,5,1,2,3,2],[6,0,1,2,3,4,5,6,5],[1,0,4,1,2,2],[1,0,1,2,3,2],[3,0,1,2,3,4,2],[4,0,1,2,3,4,1],[7,0,1,2],[8,0,1,1]],[[[{"name":"0_grey","rect":[87,105,20,26],"offset":[0,0],"originalSize":[20,26],"rotated":1,"capInsets":[0,0,0,0]}],[0],0,[0],[0],[0]],[[{"name":"7","rect":[165,28,18,25],"offset":[0,0],"originalSize":[18,25],"capInsets":[0,0,0,0]}],[0],0,[0],[0],[0]],[[{"name":"9_grey","rect":[135,85,18,26],"offset":[0,0],"originalSize":[18,26],"capInsets":[0,0,0,0]}],[0],0,[0],[0],[0]],[[{"name":"payline_block","rect":[1,1,50,50],"offset":[0,0],"originalSize":[50,50],"capInsets":[0,0,0,0]}],[0],0,[0],[0],[0]],[[{"name":"8","rect":[125,1,18,26],"offset":[0,0],"originalSize":[18,26],"capInsets":[0,0,0,0]}],[0],0,[0],[0],[0]],[[{"name":"2","rect":[105,59,18,26],"offset":[0,0],"originalSize":[18,26],"capInsets":[0,0,0,0]}],[0],0,[0],[0],[0]],[[{"name":"8_grey","rect":[125,29,18,26],"offset":[0,0],"originalSize":[18,26],"capInsets":[0,0,0,0]}],[0],0,[0],[0],[0]],[[{"name":"4_grey","rect":[30,105,20,27],"offset":[0,0],"originalSize":[20,27],"rotated":1,"capInsets":[0,0,0,0]}],[0],0,[0],[0],[0]],[[{"name":"3","rect":[105,1,18,27],"offset":[0,0],"originalSize":[18,27],"capInsets":[0,0,0,0]}],[0],0,[0],[0],[0]],[[{"name":"payline_block_dark","rect":[1,53,50,50],"offset":[0,0],"originalSize":[50,50],"capInsets":[0,0,0,0]}],[0],0,[0],[0],[0]],[[{"name":"1","rect":[145,1,18,25],"offset":[0,0],"originalSize":[18,25],"capInsets":[0,0,0,0]}],[0],0,[0],[0],[0]],[[{"name":"0","rect":[59,105,20,26],"offset":[0,0],"originalSize":[20,26],"rotated":1,"capInsets":[0,0,0,0]}],[0],0,[0],[0],[0]],[[[1,"pay_line_number_item"],[4,"pay_line_number_item",[-6,-7,-8],[[7,-5,-4,-3,-2,[20,21,22,23]]],[0,"e5KgTpoLpNMIdofesxus9b",-1]],[2,"grey_number",1,[[3,false,false,60,true,-10,-9,[0,1,2,3,4,5,6,7,8,9]]],[0,"b0CaUtUqFJjKzyCsvxNAm9",1],[-1,0,0,0,0,0,1,1.4285,1.4285,1]],[2,"normal_number",1,[[3,false,false,60,true,-12,-11,[10,11,12,13,14,15,16,17,18,19]]],[0,"c0H63dLDtI0a112qzPmtHr",1],[-1,0,0,0,0,0,1,1.4285,1.4285,1]],[6,"background",1,[-13],[0,"4cUJ6j2DJDnJKiZDfcWajG",1],[5,65.7,64.3]],[8,0,4]],0,[0,2,1,0,5,5,0,6,2,0,7,3,0,1,1,0,-1,4,0,-2,2,0,-3,3,0,3,2,0,1,2,0,3,3,0,1,3,0,-1,5,0,4,1,13],[0,0,0,0,0,0,0,0,0,0,0,0,0,0,0,0,0,0,0,0,0,0,0,0,5],[-1,-2,-3,-4,-5,-6,-7,-8,-9,-10,-1,-2,-3,-4,-5,-6,-7,-8,-9,-10,-1,-2,-3,-4,8],[2,3,4,5,6,7,8,9,10,11,12,13,14,15,16,17,18,19,20,21,22,1,23,24,1]],[[{"name":"3_grey","rect":[105,30,18,27],"offset":[0,0],"originalSize":[18,27],"capInsets":[0,0,0,0]}],[0],0,[0],[0],[0]],[[{"name":"2_grey","rect":[115,87,18,26],"offset":[0,0],"originalSize":[18,26],"capInsets":[0,0,0,0]}],[0],0,[0],[0],[0]],[[{"name":"7_grey","rect":[165,55,18,25],"offset":[0,0],"originalSize":[18,25],"capInsets":[0,0,0,0]}],[0],0,[0],[0],[0]],[[{"name":"6","rect":[155,109,18,25],"offset":[0,0],"originalSize":[18,25],"rotated":1,"capInsets":[0,0,0,0]}],[0],0,[0],[0],[0]],[[{"name":"5","rect":[145,55,18,25],"offset":[0,0],"originalSize":[18,25],"capInsets":[0,0,0,0]}],[0],0,[0],[0],[0]],[[{"name":"6_grey","rect":[165,1,18,25],"offset":[0,0],"originalSize":[18,25],"capInsets":[0,0,0,0]}],[0],0,[0],[0],[0]],[[{"name":"9","rect":[125,57,18,26],"offset":[0,0],"originalSize":[18,26],"capInsets":[0,0,0,0]}],[0],0,[0],[0],[0]],[[{"name":"payline_block_dark_grey","rect":[53,1,50,50],"offset":[0,0],"originalSize":[50,50],"capInsets":[0,0,0,0]}],[0],0,[0],[0],[0]],[[[1,"pay_line_number_controller"],[5,"pay_line_number_controller",[[9,-2,0]],[0,"6eUm0NTXtGB7mlBdwNUlN2",-1],[-2,-460,0,0,0,0,1,1,1,1]]],0,[0,2,1,0,1,1,0,4,1,2],[0],[9],[25]],[[{"name":"5_grey","rect":[155,82,18,25],"offset":[0,0],"originalSize":[18,25],"capInsets":[0,0,0,0]}],[0],0,[0],[0],[0]],[[{"name":"payline_block_grey","rect":[53,53,50,50],"offset":[0,0],"originalSize":[50,50],"capInsets":[0,0,0,0]}],[0],0,[0],[0],[0]],[[{"name":"1_grey","rect":[145,28,18,25],"offset":[0,0],"originalSize":[18,25],"capInsets":[0,0,0,0]}],[0],0,[0],[0],[0]],[[{"name":"4","rect":[1,105,20,27],"offset":[0,0],"originalSize":[20,27],"rotated":1,"capInsets":[0,0,0,0]}],[0],0,[0],[0],[0]]]]