[1,["f0VXg5LcVAR4qqj2KBLdKE","0eo9RKvvtOsJttXvMZKJgN","3aCYHT41ZG7rf+WsUlzTN8","9fvY5bb+NBnLlbV9gxb/h7","c57EHtY6lA5YfHB3/Qv9Fe","2alpCCGn9Orr4t2xVPGAWa","54xrLw93dGua6aZWPHU7HC","c3E0KGtU9FjbHAx37Bljvl","a207LhgGdI665DbKO4tn11","68PzKkexZNNIuJYaOQ8D8K","c0f9Yg43VASJknacRbSG0M","cfK06jJHpNNodcXidqUTnV","fcfRVhU7BCXrqj7rhwyNoA","eaDGNO9BpGNZzx/ztEqbFl","06wX27FXFNV5BQjDamSeDf","bbp6hbIqNLtLmG29RJMNZ5","f5pxe9XN5P7rT/288FSUHk","farGVolFxA96q6rVvKa34G","b5SbY5sCxEJYBo8Mf8k0zg","a7XgnLwR1CvotDvL2k7gRa","a6dFDiaOREvotOhbNeoTAM","9cGg7NeflI5Zh9CKM834/j","46VD+OqHBL25NYwRpwLs6L","95MzTEFV5IXqFyvFfbLLHU","9d/jfe7RJMvZBOcqPHaOnA","6aA+CemTZPYZqQnbswSMex","02e58u0ftGNb8DQmaHqkF5","7eymce0A9PgYdNwv0zsH2Z","c8SIXwgZFHFbGkGPag93Kh","afUxQuiTJHu5JiqOcHD515","f9GCZS0j5CG5vtcR+G5hEN","edPEaZm5VL34hVC8GhBkj3","d5+8qEAARLRJ8k2E/cWBIM","6el1fWPzFBDZFClPx8oPU5","begneP1ERFi4sYZWqsQ2CT","4bZn4vMGVKA62AYroabITd","1063QW+L1B/7egg4acz3Gm","56l04PDB1DIIB9o9ywJFw0","85AaFre/5BMaaXu4zCseuw","862qk2a0tH9JeIdVuJuPTS","f45E3PWONBL6cehbhLLe7q","6fcYEcbb5Lmp+6g3H51X9h","bfAMxaKlZOKr7e64pqLwjK","201tutLaxICYssn6E8wvtt","61uR7ocoFDjoDThGbLc6Sy","8fhmGq5nZHHa5QxLIfoLrT","ab0WfyPQNGm7+HhU/BRkJY","02SbgQ99ZH+q/aSpsAdTd0","9ffqqfRllCT40etW7Hd4/2","16H/bnqDND97Y6NmPQ/f8q","0bqE2c8RxND4FNZ0yJ6E92","edRNpWP+JNVo34Ea37sqAL","062cQf97xEzJ6lgOLCRMe9","d8VhBrsgNNg4cQGIeT2Tg6","f2DGcgMz1Lebcf1Ld1vdBV","c0AhTERFtHALfd95NBAPNM","971wVwu3VNorVk2HyAjdLj","a8OnRZcsNCE4bdoXy/qsag","acq47M4LlBYIhe2KkncPWm","9eRGRZYppDnaWCbdnFzUvQ","7aJMhEV1RIqZHOTvgOpsii","ecSCbWAw9H8Ks2iRP2h9Di","81lN3B1DJAzY3HZxSA7Siv","923Wq/98RPrLj6uBdb2stt","7dzYUk735CKbXUF0Aum0AK","cenBCGO21G56oH22PxZa10","9aC9zH6xlA4aypF1w5xdGP","14NV8H1TNPOJMoHOcR3AGG","afXeYSR+hBKpunntDQYSn2","43PrEJfY1L7IeclrmolvBG","a2MjXRFdtLlYQ5ouAFv/+R","e2Q0hLuVJEL7VKHEKUcjZV","84dAtMJxJGMb6bzEzvKhjf","72dIOQaOlJuYFLuQ3rSvdI","16e/XgWTlG+LRfs7sC0WzL","386zJ7BelDwJNdxzvDpDIC","336SJcFUdMEKBohotzm00N","2fqKUjl1NNd7sKK+Rktmhk","19Q9g3r71Fpq4TGIr3c1n2"],["value","_textureSetter","node","_spriteFrame","root","data","_defaultClip","fireworkAnimation","fireworkAnimationHolderNode","sparkleAnimation","sparkleParticleSystem","coinAnimParticleNode","numberBoard","innerShineRay","innerGlow","innerShineRing","spawningShineRing","numberDisplayNode","timedNumberRollNode","titleSpriteNode","titleNode","screenTintNode","displayController","_parent","particlePrefab","fireworkItemPrefab"],["cc.SpriteFrame",["cc.Node",["_name","_opacity","_components","_prefab","_parent","_contentSize","_trs","_anchorPoint","_children","_color"],1,9,4,1,5,7,5,2,5],["cc.Sprite",["_sizeMode","_dstBlendFactor","_isTrimmedMode","_srcBlendFactor","node","_spriteFrame"],-1,1,6],["cc.Node",["_name","_prefab","_parent","_components","_trs","_children","_contentSize"],2,4,1,12,7,2,5],["cc.Node",["_name","_parent","_components","_prefab","_children","_trs","_color"],2,1,2,4,2,7,5],["cc.Animation",["node","_clips","_defaultClip"],3,1,3,6],["cc.AnimationClip",["_name","_duration","sample","wrapMode","curveData"],-1,11],["cc.Prefab",["_name"],2],["99da7p9RjNLEY8vDpF/6mFE",["node","fireworkAnimation"],3,1,1],["cc.PrefabInfo",["fileId","root"],2,1],["90167wb5w5JpKAkqWQq6cj8",["node"],3,1],["0c8afnrBkpKm56g7KUrARGr",["node","screenTintNode","titleNode","titleSpriteNode","timedNumberRollNode","numberDisplayNode","spawningShineRing","innerShineRing","innerGlow","innerShineRay","numberBoard","coinAnimParticleNode","sparkleParticleSystem","sparkleAnimation","fireworkAnimationHolderNode","fireworkItemPrefab"],3,1,1,1,1,1,1,1,1,1,1,1,1,1,1,1,6],["bbc6c4tBJdFQ76rTU5OtO2a",["node","displayController"],3,1,1],["3142aQR/shASo2uVaU35yUL",["emissionRate","life","particleCount","speed","angle","angleVar","startScale","startScaleVar","endScale","endScaleVar","startSpin","endSpin","endSpinVar","node","particlePrefab"],-10,1,6],["cc.ParticleSystem",["_dstBlendFactor","_custom","_stopped","playOnLoad","totalParticles","emissionRate","life","angle","angleVar","startSizeVar","_positionType","speed","speedVar","tangentialAccel","node","_startColor","_startColorVar","_endColor","_endColorVar"],-11,1,8,8,8,8],["e13cc9FLShL66GevrFVSv5p",["maxContainerSize","nodeNumberWidth","nodeNumberScale","commaY","commaScale","decimalWidth","decimalY","decimalScale","decimalNumberWidth","decimalNumberScale","multiplySpriteWidth","multiplySpriteScale","blurScale","node","numberContainer","numberSprite","numberBlurSprite"],-10,1,1,3,3]],[[9,0,1,2],[1,0,4,2,3,5,6,2],[2,1,0,4,5,3],[2,3,1,0,2,4,5,5],[7,0,2],[1,0,4,2,3,5,7,6,2],[5,0,1,1],[6,0,1,2,3,4,5],[3,0,3,1,6,4,2],[3,0,3,1,2],[3,0,2,5,1,4,2],[3,0,2,1,2],[3,0,2,5,1,2],[1,0,2,3,2],[1,0,8,2,3,5,2],[1,0,4,8,2,3,5,6,2],[1,0,1,4,2,3,9,5,3],[1,0,4,2,3,2],[1,0,4,2,3,7,6,2],[1,0,4,2,3,5,7,2],[4,0,1,4,2,3,5,2],[4,0,1,2,3,6,2],[2,1,0,2,4,4],[2,4,1],[2,0,2,4,5,3],[2,0,4,5,2],[2,0,4,2],[8,0,1,1],[5,0,1,2,1],[6,0,1,2,4,4],[10,0,1],[11,0,1,2,3,4,5,6,7,8,9,10,11,12,13,14,15,1],[12,0,1,1],[13,0,1,2,3,4,5,6,7,8,9,10,11,12,13,14,14],[14,0,1,2,3,4,5,6,7,8,9,10,11,12,13,14,15,16,17,18,15],[15,0,1,2,3,4,5,6,7,8,9,10,11,12,13,14,15,16,14]],[[[{"name":"bw_firework_09","rect":[227,479,214,226],"offset":[-2,-2],"originalSize":[244,250],"capInsets":[0,0,0,0]}],[0],0,[0],[1],[0]],[[{"name":"bw_glow_a","rect":[1,1262,557,557],"offset":[0,0],"originalSize":[557,557],"capInsets":[0,0,0,0]}],[0],0,[0],[1],[22]],[[{"name":"spark_10","rect":[240,232,233,257],"offset":[2,18],"originalSize":[277,335],"rotated":1,"capInsets":[0,0,0,0]}],[0],0,[0],[1],[1]],[[{"name":"bw_firework_14","rect":[225,243,222,234],"offset":[-5,-1],"originalSize":[244,250],"capInsets":[0,0,0,0]}],[0],0,[0],[1],[0]],[[{"name":"bw_firework_12","rect":[1,1,226,240],"offset":[-2,-5],"originalSize":[244,250],"capInsets":[0,0,0,0]}],[0],0,[0],[1],[0]],[[{"name":"9","rect":[564,1,81,112],"offset":[0,0],"originalSize":[81,112],"capInsets":[0,0,0,0]}],[0],0,[0],[1],[2]],[[{"name":"bw_coin_03","rect":[121,1,40,56],"offset":[0,0],"originalSize":[60,60],"capInsets":[0,0,0,0]}],[0],0,[0],[1],[4]],[[{"name":"bw_firework_11","rect":[1,243,222,238],"offset":[-2,-4],"originalSize":[244,250],"capInsets":[0,0,0,0]}],[0],0,[0],[1],[0]],[[{"name":"comma","rect":[811,1,38,56],"offset":[0,0],"originalSize":[38,56],"capInsets":[0,0,0,0]}],[0],0,[0],[1],[2]],[[{"name":"bw_firework_05","rect":[639,225,172,178],"offset":[-3,4],"originalSize":[244,250],"rotated":1,"capInsets":[0,0,0,0]}],[0],0,[0],[1],[0]],[[{"name":"spark_01","rect":[1,228,235,237],"offset":[1,27],"originalSize":[277,335],"rotated":1,"capInsets":[0,0,0,0]}],[0],0,[0],[1],[1]],[[[4,"firework_item_prefab"],[8,"firework_animation_node",[[[22,1,2,false,-2],-3,[27,-5,-4]],4,1,4],[0,"68rnyo84dBnJc86uRf91Hr",-1],[5,244,250],[0,0,0,0,0,0,1,2.5,2.5,1]],[6,1,[0]]],0,[0,4,1,0,2,1,0,-2,2,0,7,2,0,2,1,0,5,1,5],[0,2],[-1,6],[23,23]],[[{"name":"bw_num_board","rect":[0,1,756,226],"offset":[0,0.5],"originalSize":[756,229],"capInsets":[0,0,0,0]}],[0],0,[0],[1],[37]],[[{"name":"decimal","rect":[811,59,39,41],"offset":[0,0],"originalSize":[39,41],"capInsets":[0,0,0,0]}],[0],0,[0],[1],[2]],[[{"name":"bw_coin_05","rect":[1,1,60,58],"offset":[0,1],"originalSize":[60,60],"rotated":1,"capInsets":[0,0,0,0]}],[0],0,[0],[1],[4]],[[{"name":"8","rect":[481,1,81,112],"offset":[0,0],"originalSize":[81,112],"capInsets":[0,0,0,0]}],[0],0,[0],[1],[2]],[[{"name":"spark_02","rect":[521,469,235,243],"offset":[1,25],"originalSize":[277,335],"rotated":1,"capInsets":[0,0,0,0]}],[0],0,[0],[1],[1]],[[{"name":"bw_firework_06","rect":[821,211,188,194],"offset":[-3,2],"originalSize":[244,250],"rotated":1,"capInsets":[0,0,0,0]}],[0],0,[0],[1],[0]],[[{"name":"spark_05","rect":[631,943,257,283],"offset":[-10,5],"originalSize":[277,335],"rotated":1,"capInsets":[0,0,0,0]}],[0],0,[0],[1],[1]],[[[7,"spark_anim",1,18,"2",[{},"paths",11,[{},"spark_a",11,[{},"comps",11,[{},"cc.Sprite",11,[{},"spriteFrame",12,[[[{"frame":0},"value",6,0],[{"frame":0.05555555555555555},"value",6,1],[{"frame":0.1111111111111111},"value",6,2],[{"frame":0.16666666666666666},"value",6,3],[{"frame":0.2222222222222222},"value",6,4],[{"frame":0.2777777777777778},"value",6,5],[{"frame":0.3333333333333333},"value",6,6],[{"frame":0.3888888888888889},"value",6,7],[{"frame":0.4444444444444444},"value",6,8],[{"frame":0.5},"value",6,9],[{"frame":0.5555555555555556},"value",6,10],[{"frame":0.6111111111111112},"value",6,11],[{"frame":0.6666666666666666},"value",6,12],[{"frame":0.7222222222222222},"value",6,13],[{"frame":0.7777777777777778},"value",6,14],[{"frame":0.8333333333333334},"value",6,15],[{"frame":0.8888888888888888},"value",6,16],[{"frame":0.9444444444444444},"value",6,17]],11,11,11,11,11,11,11,11,11,11,11,11,11,11,11,11,11,11]]]],"spark_b",11,[{},"comps",11,[{},"cc.Sprite",11,[{},"spriteFrame",12,[[[{"frame":0},"value",6,18],[{"frame":0.05555555555555555},"value",6,19],[{"frame":0.1111111111111111},"value",6,20],[{"frame":0.16666666666666666},"value",6,21],[{"frame":0.2222222222222222},"value",6,22],[{"frame":0.2777777777777778},"value",6,23],[{"frame":0.3333333333333333},"value",6,24],[{"frame":0.3888888888888889},"value",6,25],[{"frame":0.4444444444444444},"value",6,26],[{"frame":0.5},"value",6,27],[{"frame":0.5555555555555556},"value",6,28],[{"frame":0.6111111111111112},"value",6,29],[{"frame":0.6666666666666666},"value",6,30],[{"frame":0.7222222222222222},"value",6,31],[{"frame":0.7777777777777778},"value",6,32],[{"frame":0.8333333333333334},"value",6,33],[{"frame":0.8888888888888888},"value",6,34],[{"frame":0.9444444444444444},"value",6,35]],11,11,11,11,11,11,11,11,11,11,11,11,11,11,11,11,11,11]]]],"spark_c",11,[{},"comps",11,[{},"cc.Sprite",11,[{},"spriteFrame",12,[[[{"frame":0},"value",6,36],[{"frame":0.05555555555555555},"value",6,37],[{"frame":0.1111111111111111},"value",6,38],[{"frame":0.16666666666666666},"value",6,39],[{"frame":0.2222222222222222},"value",6,40],[{"frame":0.2777777777777778},"value",6,41],[{"frame":0.3333333333333333},"value",6,42],[{"frame":0.3888888888888889},"value",6,43],[{"frame":0.4444444444444444},"value",6,44],[{"frame":0.5},"value",6,45],[{"frame":0.5555555555555556},"value",6,46],[{"frame":0.6111111111111112},"value",6,47],[{"frame":0.6666666666666666},"value",6,48],[{"frame":0.7222222222222222},"value",6,49],[{"frame":0.7777777777777778},"value",6,50],[{"frame":0.8333333333333334},"value",6,51],[{"frame":0.8888888888888888},"value",6,52],[{"frame":0.9444444444444444},"value",6,53]],11,11,11,11,11,11,11,11,11,11,11,11,11,11,11,11,11,11]]]],"spark_d",11,[{},"comps",11,[{},"cc.Sprite",11,[{},"spriteFrame",12,[[[{"frame":0},"value",6,54],[{"frame":0.05555555555555555},"value",6,55],[{"frame":0.1111111111111111},"value",6,56],[{"frame":0.16666666666666666},"value",6,57],[{"frame":0.2222222222222222},"value",6,58],[{"frame":0.2777777777777778},"value",6,59],[{"frame":0.3333333333333333},"value",6,60],[{"frame":0.3888888888888889},"value",6,61],[{"frame":0.4444444444444444},"value",6,62],[{"frame":0.5},"value",6,63],[{"frame":0.5555555555555556},"value",6,64],[{"frame":0.6111111111111112},"value",6,65],[{"frame":0.6666666666666666},"value",6,66],[{"frame":0.7222222222222222},"value",6,67],[{"frame":0.7777777777777778},"value",6,68],[{"frame":0.8333333333333334},"value",6,69],[{"frame":0.8888888888888888},"value",6,70],[{"frame":0.9444444444444444},"value",6,71]],11,11,11,11,11,11,11,11,11,11,11,11,11,11,11,11,11,11]]]]]]]],0,0,[0,0,0,0,0,0,0,0,0,0,0,0,0,0,0,0,0,0,0,0,0,0,0,0,0,0,0,0,0,0,0,0,0,0,0,0,0,0,0,0,0,0,0,0,0,0,0,0,0,0,0,0,0,0,0,0,0,0,0,0,0,0,0,0,0,0,0,0,0,0,0,0],[0,0,0,0,0,0,0,0,0,0,0,0,0,0,0,0,0,0,0,0,0,0,0,0,0,0,0,0,0,0,0,0,0,0,0,0,0,0,0,0,0,0,0,0,0,0,0,0,0,0,0,0,0,0,0,0,0,0,0,0,0,0,0,0,0,0,0,0,0,0,0,0],[5,6,7,8,9,10,11,12,13,14,15,16,17,18,19,5,20,21,5,6,7,8,9,10,11,12,13,14,15,16,17,18,19,3,20,21,14,15,16,17,18,19,3,20,21,5,6,7,8,9,10,11,12,13,14,15,16,17,18,19,3,20,21,5,6,7,8,9,10,11,12,13]],[[{"name":"6","rect":[88,1,81,113],"offset":[0,0],"originalSize":[81,113],"capInsets":[0,0,0,0]}],[0],0,[0],[1],[2]],[[{"name":"bw_firework_03","rect":[631,895,130,128],"offset":[1,6],"originalSize":[244,250],"capInsets":[0,0,0,0]}],[0],0,[0],[1],[0]],[[[4,"coin_particle_prefab"],[13,"coin_particle_node",[[23,-2],[28,-3,[1],0],[30,-4]],[0,"e0q/0K6SdCXZswcQStJ823",-1]]],0,[0,4,1,0,2,1,0,2,1,0,2,1,0,5,1,4],[0,0],[6,-1],[24,24]],[[{"name":"bw_firework_22","rect":[447,831,182,182],"offset":[-2,8],"originalSize":[244,250],"capInsets":[0,0,0,0]}],[0],0,[0],[1],[0]],[[{"name":"bw_coin_00","rect":[61,1,58,58],"offset":[0,0],"originalSize":[60,60],"capInsets":[0,0,0,0]}],[0],0,[0],[1],[4]],[[{"name":"0","rect":[310,1,86,112],"offset":[0,0],"originalSize":[86,112],"capInsets":[0,0,0,0]}],[0],0,[0],[1],[2]],[[{"name":"bw_firework_24","rect":[631,741,158,152],"offset":[10,-7],"originalSize":[244,250],"capInsets":[0,0,0,0]}],[0],0,[0],[1],[0]],[[{"name":"bw_shine","rect":[1,1,654,670],"offset":[0,0],"originalSize":[654,670],"capInsets":[0,0,0,0]}],[0],0,[0],[1],[22]],[[{"name":"bw_firework_00","rect":[229,235,3,3],"offset":[-120.5,123.5],"originalSize":[244,250],"capInsets":[0,0,0,0]}],[0],0,[0],[1],[0]],[[{"name":"bw_firework_01","rect":[1,955,52,56],"offset":[0,7],"originalSize":[244,250],"capInsets":[0,0,0,0]}],[0],0,[0],[1],[0]],[[{"name":"bw_firework_07","rect":[821,1,198,208],"offset":[-2,1],"originalSize":[244,250],"capInsets":[0,0,0,0]}],[0],0,[0],[1],[0]],[[{"name":"bw_firework_25","rect":[791,831,158,150],"offset":[10,-8],"originalSize":[244,250],"rotated":1,"capInsets":[0,0,0,0]}],[0],0,[0],[1],[0]],[[[29,"firework_anim",1.5,18,[{},"comps",11,[{},"cc.Sprite",11,[{},"spriteFrame",12,[[[{"frame":0},"value",6,0],[{"frame":0.05555555555555555},"value",6,1],[{"frame":0.1111111111111111},"value",6,2],[{"frame":0.16666666666666666},"value",6,3],[{"frame":0.2222222222222222},"value",6,4],[{"frame":0.2777777777777778},"value",6,5],[{"frame":0.3333333333333333},"value",6,6],[{"frame":0.3888888888888889},"value",6,7],[{"frame":0.4444444444444444},"value",6,8],[{"frame":0.5},"value",6,9],[{"frame":0.5555555555555556},"value",6,10],[{"frame":0.6111111111111112},"value",6,11],[{"frame":0.6666666666666666},"value",6,12],[{"frame":0.7222222222222222},"value",6,13],[{"frame":0.7777777777777778},"value",6,14],[{"frame":0.8333333333333334},"value",6,15],[{"frame":0.8888888888888888},"value",6,16],[{"frame":0.9444444444444444},"value",6,17],[{"frame":1},"value",6,18],[{"frame":1.0555555555555556},"value",6,19],[{"frame":1.1111111111111112},"value",6,20],[{"frame":1.1666666666666667},"value",6,21],[{"frame":1.2222222222222223},"value",6,22],[{"frame":1.2777777777777777},"value",6,23],[{"frame":1.3333333333333333},"value",6,24],[{"frame":1.3888888888888888},"value",6,25],{"frame":1.4444444444444444,"value":null}],11,11,11,11,11,11,11,11,11,11,11,11,11,11,11,11,11,11,11,11,11,11,11,11,11,11,0]]]]]],0,0,[0,0,0,0,0,0,0,0,0,0,0,0,0,0,0,0,0,0,0,0,0,0,0,0,0,0],[0,0,0,0,0,0,0,0,0,0,0,0,0,0,0,0,0,0,0,0,0,0,0,0,0,0],[38,39,40,41,42,43,44,45,46,47,48,49,50,51,52,53,54,55,56,57,58,59,60,61,62,63]],[[{"name":"bw_firework_18","rect":[449,235,188,222],"offset":[-5,1],"originalSize":[244,250],"capInsets":[0,0,0,0]}],[0],0,[0],[1],[0]],[[{"name":"bw_coin_02","rect":[61,61,46,58],"offset":[-1,1],"originalSize":[60,60],"capInsets":[0,0,0,0]}],[0],0,[0],[1],[4]],[[{"name":"spark_18","rect":[256,1,229,251],"offset":[4,19],"originalSize":[277,335],"rotated":1,"capInsets":[0,0,0,0]}],[0],0,[0],[1],[1]],[[[7,"coin_anim",0.3333333333333333,18,"2",[{},"comps",11,[{},"cc.Sprite",11,[{},"spriteFrame",12,[[[{"frame":0},"value",6,0],[{"frame":0.05555555555555555},"value",6,1],[{"frame":0.1111111111111111},"value",6,2],[{"frame":0.16666666666666666},"value",6,3],[{"frame":0.2222222222222222},"value",6,4],[{"frame":0.2777777777777778},"value",6,5]],11,11,11,11,11,11]]]]]],0,0,[0,0,0,0,0,0],[0,0,0,0,0,0],[64,65,66,67,68,69]],[[{"name":"bw_firework_21","rect":[819,401,182,208],"offset":[-2,5],"originalSize":[244,250],"capInsets":[0,0,0,0]}],[0],0,[0],[1],[0]],[[{"name":"bw_firework_10","rect":[1,721,218,232],"offset":[-2,-3],"originalSize":[244,250],"capInsets":[0,0,0,0]}],[0],0,[0],[1],[0]],[[{"name":"spark_16","rect":[764,1,231,253],"offset":[3,19],"originalSize":[277,335],"rotated":1,"capInsets":[0,0,0,0]}],[0],0,[0],[1],[1]],[[{"name":"spark_04","rect":[1,704,235,265],"offset":[1,13],"originalSize":[277,335],"rotated":1,"capInsets":[0,0,0,0]}],[0],0,[0],[1],[1]],[[{"name":"spark_17","rect":[1,1,225,253],"offset":[6,19],"originalSize":[277,335],"rotated":1,"capInsets":[0,0,0,0]}],[0],0,[0],[1],[1]],[[{"name":"spark_15","rect":[509,1,231,253],"offset":[3,19],"originalSize":[277,335],"rotated":1,"capInsets":[0,0,0,0]}],[0],0,[0],[1],[1]],[[{"name":"bw_firework_19","rect":[453,1,182,222],"offset":[-2,0],"originalSize":[244,250],"capInsets":[0,0,0,0]}],[0],0,[0],[1],[0]],[[{"name":"bw_firework_08","rect":[813,611,206,218],"offset":[-2,0],"originalSize":[244,250],"capInsets":[0,0,0,0]}],[0],0,[0],[1],[0]],[[{"name":"bw_firework_20","rect":[637,1,182,222],"offset":[-2,-1],"originalSize":[244,250],"capInsets":[0,0,0,0]}],[0],0,[0],[1],[0]],[[{"name":"2","rect":[647,1,80,112],"offset":[0,0],"originalSize":[80,112],"capInsets":[0,0,0,0]}],[0],0,[0],[1],[2]],[[{"name":"bw_coin_04","rect":[109,61,52,56],"offset":[0,0],"originalSize":[60,60],"capInsets":[0,0,0,0]}],[0],0,[0],[1],[4]],[[{"name":"spark_14","rect":[258,469,233,261],"offset":[2,15],"originalSize":[277,335],"rotated":1,"capInsets":[0,0,0,0]}],[0],0,[0],[1],[1]],[[{"name":"spark_11","rect":[499,234,233,257],"offset":[2,17],"originalSize":[277,335],"rotated":1,"capInsets":[0,0,0,0]}],[0],0,[0],[1],[1]],[[{"name":"7","rect":[171,1,80,113],"offset":[0,0],"originalSize":[80,113],"capInsets":[0,0,0,0]}],[0],0,[0],[1],[2]],[[{"name":"bw_firework_04","rect":[653,583,158,156],"offset":[1,5],"originalSize":[244,250],"capInsets":[0,0,0,0]}],[0],0,[0],[1],[0]],[[{"name":"bw_firework_17","rect":[443,479,208,226],"offset":[-15,1],"originalSize":[244,250],"capInsets":[0,0,0,0]}],[0],0,[0],[1],[0]],[[{"name":"spark_06","rect":[1,943,251,313],"offset":[-7,-11],"originalSize":[277,335],"rotated":1,"capInsets":[0,0,0,0]}],[0],0,[0],[1],[1]],[[{"name":"spark_03","rect":[766,469,235,245],"offset":[1,23],"originalSize":[277,335],"rotated":1,"capInsets":[0,0,0,0]}],[0],0,[0],[1],[1]],[[{"name":"1","rect":[253,1,55,113],"offset":[0,0],"originalSize":[55,113],"capInsets":[0,0,0,0]}],[0],0,[0],[1],[2]],[[{"name":"bw_coin_01","rect":[1,63,56,58],"offset":[-1,0],"originalSize":[60,60],"rotated":1,"capInsets":[0,0,0,0]}],[0],0,[0],[1],[4]],[[{"name":"spark_07","rect":[316,943,253,313],"offset":[-8,-11],"originalSize":[277,335],"rotated":1,"capInsets":[0,0,0,0]}],[0],0,[0],[1],[1]],[[{"name":"5","rect":[398,1,81,112],"offset":[0,0],"originalSize":[81,112],"capInsets":[0,0,0,0]}],[0],0,[0],[1],[2]],[[{"name":"bw_firework_15","rect":[1,483,224,236],"offset":[-6,-2],"originalSize":[244,250],"capInsets":[0,0,0,0]}],[0],0,[0],[1],[0]],[[{"name":"bw_glow_b","rect":[1,673,587,587],"offset":[0,0],"originalSize":[587,587],"capInsets":[0,0,0,0]}],[0],0,[0],[1],[22]],[[{"name":"spark_09","rect":[579,706,235,289],"offset":[1,1],"originalSize":[277,335],"rotated":1,"capInsets":[0,0,0,0]}],[0],0,[0],[1],[1]],[[{"name":"bw_firework_23","rect":[653,399,182,164],"offset":[-2,0],"originalSize":[244,250],"rotated":1,"capInsets":[0,0,0,0]}],[0],0,[0],[1],[0]],[[{"name":"4","rect":[1,1,85,113],"offset":[0,0],"originalSize":[85,113],"capInsets":[0,0,0,0]}],[0],0,[0],[1],[2]],[[{"name":"bw_firework_13","rect":[229,1,222,232],"offset":[-6,0],"originalSize":[244,250],"capInsets":[0,0,0,0]}],[0],0,[0],[1],[0]],[[[4,"big_win_controller"],[14,"big_win_controller",[-17,-18,-19,-20,-21,-22,-23,-24,-25,-26,-27],[[31,-16,-15,-14,-13,-12,-11,-10,-9,-8,-7,-6,-5,-4,-3,-2,34]],[0,"62XBvBX01Igq9oPvfrEfH1",-1],[5,1080,2340]],[20,"spark_holder",1,[-29,-30,-31,-32],[-28],[0,"881Ue05oNFQYNXZ4GqTveZ",1],[0,-60,0,0,0,0,1,0,0,1]],[9,"number_display_node",[[-33,[32,-35,-34]],1,4],[0,"caULFKAYJMabaR7RAI3+s5",1]],[15,"number_board",1,[-37],[[24,0,false,-36,33]],[0,"88Aqp+KtVNRbRHCAMoHw3w",1],[5,964,292],[0,-60,0,0,0,0,1,1,1,1]],[16,"screen_tint",0,1,[[25,0,-38,0]],[0,"c1AzT/Yr9Mb58Y1uiSwYLw",1],[4,4278190080],[5,1080,2340]],[1,"inner_shine_ring",1,[[2,1,0,-39,6]],[0,"9aeHnycgFNaZ9+QNlCMfYi",1],[5,680,680],[0,-30,0,0,0,0,1,1,1,1]],[1,"inner_glow",1,[[2,1,0,-40,7]],[0,"23cyNLnV1MR6vMNCYob4Uu",1],[5,500,500],[0,-30,0,0,0,0,1,1,1,1]],[1,"inner_shine_ray",1,[[2,1,0,-41,8]],[0,"23RrzXEzpJArcWubHL1VOT",1],[5,934,957],[0,-30,0,0,0,0,1,1,1,1]],[1,"spawning_shine_ring",1,[[2,1,0,-42,9]],[0,"7a5SYJewxJf6Gw3DqDLX5a",1],[5,680,680],[0,-30,0,0,0,0,1,5,5,1]],[17,"coin_anim_particle_system",1,[[33,10,3.7,40,1000,180,180,2,1,8,5,1440,180,180,-43,10]],[0,"e4HZG+LGJIQYgcuH8ceSfv",1]],[10,"title_holder",1,[-44],[0,"b9TzlhryFIJYhorMQR5wjX",1],[0,10,0,0,0,0,1,1,1,1]],[18,"title_sprite",11,[[26,2,-45]],[0,"9d1WMZdSZH7aV7gilUjCIp",1],[0,0.5,0],[0,100,0,0,0,0,1,1.428,1.428,1]],[11,"firework_animation_holder",1,[0,"4dWC1WTRRIla0MccHFCryM",1]],[19,"spark_a",2,[[3,1,769,0,false,-46,1]],[0,"9fSHxrqPZCLas+wFpeOslv",1],[5,395,478],[0,0.9,0.9]],[5,"spark_b",2,[[3,1,769,0,false,-47,2]],[0,"c3cX4/HSpK4pszwfPl9bgg",1],[5,395,478],[0,0.9,0.9],[0,0,0,0,0,0,1,1,-1,1]],[5,"spark_c",2,[[3,1,769,0,false,-48,3]],[0,"2eu2/pWKNGW6CrE+oKps8k",1],[5,395,478],[0,0.9,0.9],[0,0,0,0,0,0,1,-1,-1,1]],[5,"spark_d",2,[[3,1,769,0,false,-49,4]],[0,"87fl+uzMVLdbnW6x4gY/VY",1],[5,395,478],[0,0.9,0.9],[0,0,0,0,0,0,1,-1,1,1]],[6,2,[5]],[21,"sparkle_particle_system",1,[-50],[0,"7973vC0FNP/qGQ4HIN1cRd",1],[4,4278190080]],[34,1,true,false,false,120,35,4,180,180,30,1,650,80,0,19,[4,4294967295],[4,0],[4,16777215],[4,0]],[12,"number_display_holder",4,[3],[0,"28JkCt9tFIqYYPnII5+xwQ",1]],[35,750,129,1.428,-45,1.428,50,-42,1.428,129,1.428,0,0,1.1,3,3,[11,12,13,14,15,16,17,18,19,20,21,22],[23,24,25,26,27,28,29,30,31,32]]],0,[0,4,1,0,8,13,0,9,18,0,10,20,0,11,10,0,12,4,0,13,8,0,14,7,0,15,6,0,16,9,0,17,3,0,18,3,0,19,12,0,20,11,0,21,5,0,2,1,0,-1,5,0,-2,13,0,-3,2,0,-4,6,0,-5,7,0,-6,8,0,-7,9,0,-8,19,0,-9,10,0,-10,11,0,-11,4,0,-1,18,0,-1,14,0,-2,15,0,-3,16,0,-4,17,0,-1,22,0,22,22,0,2,3,0,2,4,0,-1,21,0,2,5,0,2,6,0,2,7,0,2,8,0,2,9,0,2,10,0,-1,12,0,2,12,0,2,14,0,2,15,0,2,16,0,2,17,0,-1,20,0,5,1,3,23,21,50],[0,0,0,0,0,0,0,0,0,0,0,0,0,0,0,0,0,0,0,0,0,0,0,0,0,0,0,0,0,0,0,0,0,0,0,18,20],[3,3,3,3,3,-1,3,3,3,3,24,-1,-2,-3,-4,-5,-6,-7,-8,-9,-10,-11,-12,-1,-2,-3,-4,-5,-6,-7,-8,-9,-10,3,25,6,3],[70,3,3,3,3,25,26,71,72,26,73,27,28,29,30,31,32,33,34,35,36,74,75,27,28,29,30,31,32,33,34,35,36,76,77,25,78]],[[{"name":"bw_firework_16","rect":[221,721,224,226],"offset":[-6,2],"originalSize":[244,250],"capInsets":[0,0,0,0]}],[0],0,[0],[1],[0]],[[{"name":"bw_firework_02","rect":[447,707,92,94],"offset":[1,6],"originalSize":[244,250],"capInsets":[0,0,0,0]}],[0],0,[0],[1],[0]],[[{"name":"spark_12","rect":[758,234,233,257],"offset":[2,17],"originalSize":[277,335],"rotated":1,"capInsets":[0,0,0,0]}],[0],0,[0],[1],[1]],[[{"name":"3","rect":[729,1,80,112],"offset":[0,0],"originalSize":[80,112],"capInsets":[0,0,0,0]}],[0],0,[0],[1],[2]],[[{"name":"spark_13","rect":[1,467,233,255],"offset":[2,17],"originalSize":[277,335],"rotated":1,"capInsets":[0,0,0,0]}],[0],0,[0],[1],[1]],[[{"name":"spark_08","rect":[268,706,235,309],"offset":[1,-8],"originalSize":[277,335],"rotated":1,"capInsets":[0,0,0,0]}],[0],0,[0],[1],[1]]]]