[1,["2cE3B4QgZDkauMBmNCQ8sm","d2LLeSmuZG5blJncScSHoI","e6Wbpm38xBhb9Kt7DwB2Gk","5afgu+sUpJK4pNeT5hbv4n","eeaX2HZjtJb57nqCchRx/f","452pARCUpEuIEun9t4MfIs","daEiNdMtpLM6UOVraXsX4q","396jsy/U1OTrPrmTOuFzbV","91mj/UITFLn7yUDhgEkN7e","b4M1MMJlVPz5V/wD7ruNU7","6dDarU/2RNBZXZftzrWoiB","8eqDo9eTJCYatqm1Ifu8fc","3cv/+R7HlO0Lgth6bTlm6g","48PZf39x9GWp3S45DkISiL","0d7JGmnBdOtYQM/ve27ml2","b1R2JgcmVKco9XqQcgnm5d","beW4Y6Hb5DF4tOqRP/WVq+","83dDh3cKNPOrJN25dkwrRV","83jGJnX21O2Za3fsqYdRmZ","68y5Cpbq9B2oBBb6zFEWEU","69rbCvwOZOWIuGF/MltR6J","a4vQZW/eRAFooHpwDfk/E9","dfm700RtBPT59Ofe87ww4b","a1RcV1UtFNfKypDrYxdrej","9aI4foOy1MoKhbUUol+KFg","8fY32fnpJM27rewAFq8S4c"],["value","_textureSetter","node","root","data","animation","_spriteFrame","_defaultClip","linePrefab","circlePrefab","lineAnimation","circleAnimation"],["cc.SpriteFrame",["cc.Node",["_name","_opacity","_prefab","_parent","_children","_components","_trs"],1,4,1,2,9,7],["cc.AnimationClip",["_name","_duration","sample","wrapMode","curveData"],-1,11],["cc.Prefab",["_name"],2],["cc.Node",["_name","_components","_prefab","_contentSize"],2,12,4,5],["c9f44ISS95Bv42TJHp3d0he",["node","itemColumns","linePrefab","circlePrefab","lineAnimation","circleAnimation"],3,1,2,6,6,6,6],["cc.PrefabInfo",["fileId","root"],2,1],["cc.Sprite",["_dstBlendFactor","_sizeMode","_isTrimmedMode","node","_spriteFrame"],0,1,6],["2147bFZHrVDQYbyCvZS/DhX",["node","animation"],3,1,1],["cc.Animation",["node","_clips"],3,1,3]],[[6,0,1,2],[1,0,1,3,2,6,3],[3,0,2],[4,0,1,2,3,2],[7,0,1,2,3,4,4],[8,0,1,1],[9,0,1,1],[1,0,4,5,2,2],[1,0,1,3,2,3],[5,0,1,2,3,4,5,1],[2,0,1,2,4,4],[2,0,1,2,3,4,5]],[[[{"name":"ps_circle_07","rect":[487,1,160,161],"offset":[0,0],"originalSize":[160,161],"capInsets":[0,0,0,0]}],[0],0,[0],[1],[0]],[[[2,"pay_line_controller"],[7,"pay_line_effect_controller",[-8,-9,-10,-11,-12],[[9,-7,[-2,-3,-4,-5,-6],0,1,2,3]],[0,"149vQN9zJB5aYnnYxUnhiV",-1]],[1,"circle_column_01",0,1,[0,"3aBhOxYJlPCrZpYzoPyLCN",1],[-346,0,0,0,0,0,1,1,1,1]],[1,"line_column_01",0,1,[0,"75VBUC7LhH8pMEIJX/dmCo",1],[-173,0,0,0,0,0,1,1,1,1]],[8,"circle_column_02",0,1,[0,"f9GNYr6B1OPIb7attsk8+C",1]],[1,"line_column_02",0,1,[0,"42gzEjbw5N75VsXmn+XpPt",1],[173,0,0,0,0,0,1,1,1,1]],[1,"circle_column_03",0,1,[0,"290KXAMoVG/LGanCMETqsz",1],[346,0,0,0,0,0,1,1,1,1]]],0,[0,3,1,0,-1,2,0,-2,3,0,-3,4,0,-4,5,0,-5,6,0,2,1,0,-1,2,0,-2,3,0,-3,4,0,-4,5,0,-5,6,0,4,1,12],[0,0,0,0],[8,9,10,11],[6,7,2,3]],[[[2,"pay_line_circle_item"],[3,"pay_select_circle",[[[4,1,0,false,-2,0],-3,[5,-5,-4]],4,1,4],[0,"30iBd77fxKw6DXhwwgREV0",-1],[5,319,321]],[6,1,[1]]],0,[0,3,1,0,2,1,0,-2,2,0,5,2,0,2,1,0,4,1,5],[0,0,2],[6,-1,7],[4,3,3]],[[{"name":"ps_circle_05","rect":[164,327,160,161],"offset":[0,0],"originalSize":[160,161],"rotated":1,"capInsets":[0,0,0,0]}],[0],0,[0],[1],[0]],[[{"name":"ps_line_00","rect":[1,1,43,17],"offset":[0,0],"originalSize":[43,17],"rotated":1,"capInsets":[0,0,0,0]}],[0],0,[0],[1],[1]],[[{"name":"ps_circle_06","rect":[325,1,160,161],"offset":[0,0],"originalSize":[160,161],"capInsets":[0,0,0,0]}],[0],0,[0],[1],[0]],[[[10,"pay_line_circle",0.5454545454545454,22,[{},"comps",11,[{},"cc.Sprite",11,[{},"spriteFrame",12,[[[{"frame":0},"value",6,0],[{"frame":0.045454545454545456},"value",6,1],[{"frame":0.09090909090909091},"value",6,2],[{"frame":0.13636363636363635},"value",6,3],[{"frame":0.18181818181818182},"value",6,4],[{"frame":0.22727272727272727},"value",6,5],[{"frame":0.2727272727272727},"value",6,6],[{"frame":0.3181818181818182},"value",6,7],[{"frame":0.36363636363636365},"value",6,8],[{"frame":0.4090909090909091},"value",6,9],[{"frame":0.45454545454545453},"value",6,10],[{"frame":0.5},"value",6,11]],11,11,11,11,11,11,11,11,11,11,11,11]]]]]],0,0,[0,0,0,0,0,0,0,0,0,0,0,0],[0,0,0,0,0,0,0,0,0,0,0,0],[4,8,9,10,11,12,13,14,15,16,17,4]],[[{"name":"ps_line_02","rect":[1,91,43,17],"offset":[0,0],"originalSize":[43,17],"capInsets":[0,0,0,0]}],[0],0,[0],[1],[1]],[[{"name":"ps_line_03","rect":[1,110,43,17],"offset":[0,0],"originalSize":[43,17],"capInsets":[0,0,0,0]}],[0],0,[0],[1],[1]],[[{"name":"ps_circle_03","rect":[163,1,160,161],"offset":[0,0],"originalSize":[160,161],"capInsets":[0,0,0,0]}],[0],0,[0],[1],[0]],[[{"name":"ps_circle_10","rect":[327,327,160,161],"offset":[0,0],"originalSize":[160,161],"rotated":1,"capInsets":[0,0,0,0]}],[0],0,[0],[1],[0]],[[{"name":"ps_line_01","rect":[1,46,43,17],"offset":[0,0],"originalSize":[43,17],"rotated":1,"capInsets":[0,0,0,0]}],[0],0,[0],[1],[1]],[[{"name":"ps_circle_04","rect":[163,164,160,161],"offset":[0,0],"originalSize":[160,161],"capInsets":[0,0,0,0]}],[0],0,[0],[1],[0]],[[{"name":"ps_line_08","rect":[39,1,43,17],"offset":[0,0],"originalSize":[43,17],"rotated":1,"capInsets":[0,0,0,0]}],[0],0,[0],[1],[1]],[[{"name":"ps_circle_01","rect":[1,164,160,161],"offset":[0,0],"originalSize":[160,161],"capInsets":[0,0,0,0]}],[0],0,[0],[1],[0]],[[{"name":"ps_line_07","rect":[46,84,43,17],"offset":[0,0],"originalSize":[43,17],"rotated":1,"capInsets":[0,0,0,0]}],[0],0,[0],[1],[1]],[[{"name":"ps_line_06","rect":[20,65,43,17],"offset":[0,0],"originalSize":[43,17],"capInsets":[0,0,0,0]}],[0],0,[0],[1],[1]],[[{"name":"ps_line_04","rect":[20,1,43,17],"offset":[0,0],"originalSize":[43,17],"rotated":1,"capInsets":[0,0,0,0]}],[0],0,[0],[1],[1]],[[{"name":"ps_circle_08","rect":[325,164,160,161],"offset":[0,0],"originalSize":[160,161],"capInsets":[0,0,0,0]}],[0],0,[0],[1],[0]],[[{"name":"ps_circle_02","rect":[1,327,160,161],"offset":[0,0],"originalSize":[160,161],"rotated":1,"capInsets":[0,0,0,0]}],[0],0,[0],[1],[0]],[[{"name":"ps_circle_09","rect":[487,164,160,161],"offset":[0,0],"originalSize":[160,161],"capInsets":[0,0,0,0]}],[0],0,[0],[1],[0]],[[[2,"pay_line_item"],[3,"pay_select_line",[[[4,1,0,false,-2,0],-3,[5,-5,-4]],4,1,4],[0,"24cuE6zllJN536hhz3k+cU",-1],[5,55,33]],[6,1,[1]]],0,[0,3,1,0,2,1,0,-2,2,0,5,2,0,2,1,0,4,1,5],[0,0,2],[6,-1,7],[5,2,2]],[[{"name":"ps_line_05","rect":[20,46,43,17],"offset":[0,0],"originalSize":[43,17],"capInsets":[0,0,0,0]}],[0],0,[0],[1],[1]],[[[11,"pay_line",0.4090909090909091,22,"1",[{},"comps",11,[{},"cc.Sprite",11,[{},"spriteFrame",12,[[[{"frame":0},"value",6,0],[{"frame":0.045454545454545456},"value",6,1],[{"frame":0.09090909090909091},"value",6,2],[{"frame":0.13636363636363635},"value",6,3],[{"frame":0.18181818181818182},"value",6,4],[{"frame":0.22727272727272727},"value",6,5],[{"frame":0.2727272727272727},"value",6,6],[{"frame":0.3181818181818182},"value",6,7],[{"frame":0.36363636363636365},"value",6,8]],11,11,11,11,11,11,11,11,11]]]]]],0,0,[0,0,0,0,0,0,0,0,0],[0,0,0,0,0,0,0,0,0],[5,18,19,20,21,22,23,24,25]],[[{"name":"ps_circle_00","rect":[1,1,160,161],"offset":[0,0],"originalSize":[160,161],"capInsets":[0,0,0,0]}],[0],0,[0],[1],[0]]]]