[1,["05G4UmQLtIfqOut2h6bDAL","92HQ1pyyVLUbVMnzC0L7+e"],["node","_parent","_textureSetter","symbolPopoutControllerHolder","respinTitleControllerHolder","foregroundControllerHolder","uiShiftControllerHolder","trailParticleEffectControllerHolder","spinButtonControllerHolder","stackedWildEffectControllerHolder","slotParticleEffectControllerHolder","slotControllerHolder","settingMenuHolder","wildCollectEffectControllerHolder","payLineNumberControllerHolder","payOutEffectControllerHolder","paySelectEffectControllerHolder","mouseControllerHolder","infoBoardControllerHolder","fuEffectControllerHolder","clickEffectHolder","bigWinControllerHolder","backgroundControllerHolder","shiftNode","scene","_spriteFrame"],[["cc.Node",["_name","_objFlags","_id","_parent","_trs","_contentSize","_components","_children"],0,1,7,5,9,12],["cc.Node",["_name","_parent","_children","_trs","_components","_anchorPoint"],2,1,2,7,9,5],"cc.SpriteFrame",["cc.SceneAsset",["_name","asyncLoadAssets"],1],["cc.Canvas",["_fitWidth","_fitHeight","node","_designResolution"],1,1,5],["82e00IU/NVM3bUxTCWfQzx3",["node"],3,1],["4beca/GAZlDX4iji0eR7872",["node"],3,1],["d3b3aRS5uVIkp5h4hZ4Ux5H",["node","backgroundControllerHolder","bigWinControllerHolder","clickEffectHolder","fuEffectControllerHolder","infoBoardControllerHolder","mouseControllerHolder","paySelectEffectControllerHolder","payOutEffectControllerHolder","payLineNumberControllerHolder","wildCollectEffectControllerHolder","settingMenuHolder","slotControllerHolder","slotParticleEffectControllerHolder","stackedWildEffectControllerHolder","spinButtonControllerHolder","trailParticleEffectControllerHolder","uiShiftControllerHolder","foregroundControllerHolder","respinTitleControllerHolder","symbolPopoutControllerHolder"],3,1,1,1,1,1,1,1,1,1,1,1,1,1,1,1,1,1,1,1,1,1],["cc.Widget",["_alignFlags","node"],2,1],["e70abeRrOFDW65yws3lbPOu",["node","shiftNode"],3,1,1],["cc.Scene",["_name","_active","_children","_anchorPoint","_trs"],1,2,5,7],["cc.Camera",["_clearFlags","_depth","node"],1,1],["cc.Sprite",["_sizeMode","_isTrimmedMode","node","_spriteFrame"],1,1,6]],[[0,0,3,4,2],[0,0,3,2],[3,0,1,3],[0,0,2,7,6,5,4,3],[0,0,3,5,4,2],[0,0,3,6,2],[0,0,1,3,4,3],[0,0,3,6,5,2],[0,0,1,3,5,4,3],[1,0,1,2,4,5,3,2],[1,0,1,2,3,2],[4,0,1,2,3,3],[5,0,1],[6,0,1],[7,0,1,2,3,4,5,6,7,8,9,10,11,12,13,14,15,16,17,18,19,20,1],[8,0,1,2],[9,0,1,1],[10,0,1,2,3,4,3],[11,0,1,2,3],[12,0,1,2,3,3]],[[[{"name":"ui_footer","rect":[0,0,756,511],"offset":[0,0],"originalSize":[756,511],"capInsets":[0,0,0,0]}],[2],0,[0],[2],[0]],[[[2,"main",null],[3,"Canvas","9eOXb7zsZHi43fp8ESywv/",[[-26,-27,-28,-29,-30,-31,-32,-33,-34,-35,[4,"setting_menu_footer_holder",-36,[5,1080,0],[0,-628,0,0,0,0,1,1,1,1]],-37,-38,[1,"generic_loading_screen_holder",-39]],1,1,1,1,1,1,1,1,1,1,4,1,1,4],[[11,true,false,-1,[5,1080,2340]],[12,-2],[13,-3],[14,-24,-23,-22,-21,-20,-19,-18,-17,-16,-15,-14,-13,-12,-11,-10,-9,-8,-7,-6,-5,-4],[15,45,-25]],[5,1080,2340],[540,1170,0,0,0,0,1,1,1,1]],[9,"ui_shift_controller_holder",1,[-42,-43,-44,-45,-46,-47,-48,-49,-50,-51],[[16,-41,-40]],[0,0.5,0.7],[0,-40,0,0,0,0,1,1,1,1]],[17,"New Node",false,[1],[0,0,0],[0,0,0,0,0,0,1,0.16282051282051282,0.16282051282051282,1]],[5,"Main Camera",1,[[18,7,-1,-52]]],[1,"background_controller_holder",1],[0,"slot_controller_holder",2,[0,400,0,0,0,0,1,1,1,1]],[0,"fu_effect_controller_holder",2,[-2,409,0,0,0,0,1,1,1,1]],[0,"wild_collect_effect_controller_holder",2,[-2,409,0,0,0,0,1,1,1,1]],[0,"pay_select_effect_controller_holder",2,[-2,409,0,0,0,0,1,1,1,1]],[0,"pay_out_effect_controller_holder",2,[-2,409,0,0,0,0,1,1,1,1]],[0,"symbol_pop_out_controller_holder",2,[-2,409,0,0,0,0,1,1,1,1]],[0,"pay_line_number_controller_holder",2,[2,409,0,0,0,0,1,1,1,1]],[6,"info_board_controller_holder",512,2,[0,-110,0,0,0,0,1,1,1,1]],[0,"stacked_wild_effect_controller_holder",2,[-2,409,0,0,0,0,1,1,1,1]],[0,"slot_particle_effect_controller_holder",2,[0,400,0,0,0,0,1,1,1,1]],[1,"foreground_controller_holder",1],[0,"mouse_controller_holder",1,[0,-335,0,0,0,0,1,1,1,1]],[0,"respin_title_controller_holder",1,[0,-450,0,0,0,0,1,1,1,1]],[1,"trail_particle_effect_controller_holder",1],[10,"footer_holder",1,[-53],[0,-865,0,0,0,0,1,1,1,1]],[7,"footer_sprite",20,[[19,0,false,-54,0]],[5,1080,662]],[0,"spin_button_controller_holder",1,[0,-758,0,0,0,0,1,1,1,1]],[8,"setting_menu_holder",512,1,[5,1080,0],[0,-888,0,0,0,0,1,1,1,1]],[1,"big_win_controller_holder",1],[1,"click_effect_holder",1]],0,[0,0,1,0,0,1,0,0,1,0,3,11,0,4,18,0,5,16,0,6,2,0,7,19,0,8,22,0,9,14,0,10,15,0,11,6,0,12,23,0,13,8,0,14,12,0,15,10,0,16,9,0,17,17,0,18,13,0,19,7,0,20,25,0,21,24,0,22,5,0,0,1,0,0,1,0,-1,4,0,-2,5,0,-3,2,0,-4,16,0,-5,17,0,-6,18,0,-7,19,0,-8,20,0,-9,22,0,-10,23,0,1,1,0,-12,24,0,-13,25,0,1,1,0,23,2,0,0,2,0,-1,6,0,-2,7,0,-3,8,0,-4,9,0,-5,10,0,-6,11,0,-7,12,0,-8,13,0,-9,14,0,-10,15,0,0,4,0,-1,21,0,0,21,0,24,3,1,1,3,54],[0],[25],[1]]]]