[1,["14sWHKJHJHxaTvEbuPY93y","39y5fhrqNH56+u6d3PTncy","14kOzcLkxLtKnp67M3butw","02HYZDn+hDb5lJzxlmjXgh","batQZ60UZK/4EjlOdu3vlO","64VAr9cgFBNb2+w4pc6WJ8","03Cog2GvBIDq+CnNXlpxC+","0fg3HmxZpE/o0TR0q7SLeW","d0vHMaxhFJ94tbEqPRMz0o","4aH4QlmW5HPr2fcuHnHxaZ","a3o+xCMDVCY7yb6qzgwHZy","57TOtEF5BA2JCMfnW9EQpN","43g3ThjSBCWo91qqZZCNRi","29e5dSMX9GfLozlExkapfV","b9ug2q6c5KxbNtpZmnHwMS","a5TnfVDZxB5pZIr+VXt4pd","23V8m6dv1H2qlm5drKJ1jA","11U4x1wFBLNbHRhk8aA76Q"],["node","_spriteFrame","_textureSetter","numberContainer","root","bottomWinSprite","topWinSprite","bottomDarkSpriteNode","topDarkSpriteNode","bottomFlareNode","topFlareNode","bottomNumberDisplayNode","topNumberDisplayNode","bottomMessageNode","topMessageNode","data","_defaultClip"],[["cc.Node",["_name","_opacity","_prefab","_components","_parent","_contentSize","_children","_trs"],1,4,9,1,5,2,7],["cc.Sprite",["_sizeMode","_isTrimmedMode","_type","_dstBlendFactor","_enabled","_srcBlendFactor","node","_spriteFrame"],-3,1,6],"cc.SpriteFrame",["cc.Prefab",["_name"],2],["cc.Node",["_name","_parent","_components","_prefab","_contentSize","_trs"],2,1,2,4,5,7],["7f61csXo0VKeojUWblfMO55",["node","topMessageNode","bottomMessageNode","topNumberDisplayNode","bottomNumberDisplayNode","topFlareNode","bottomFlareNode","topDarkSpriteNode","bottomDarkSpriteNode","topWinSprite","bottomWinSprite"],3,1,1,1,1,1,1,1,1,1,1,1],["cc.PrefabInfo",["fileId","root"],2,1],["cc.Layout",["_resize","_N$layoutType","_N$paddingLeft","_N$paddingRight","_N$spacingX","_N$affectedByScale","node","_layoutSize"],-3,1,5],["e13cc9FLShL66GevrFVSv5p",["maxContainerSize","nodeNumberWidth","commaWidth","commaY","commaScale","decimalWidth","decimalY","decimalScale","decimalNumberWidth","decimalNumberScale","multiplySpriteWidth","node","numberContainer","numberSprite"],-8,1,1,3],["cc.Animation",["node","_clips","_defaultClip"],3,1,3,6]],[[6,0,1,2],[0,0,4,3,2,7,2],[0,0,1,4,6,2,5,7,3],[0,0,4,6,3,2,5,2],[0,0,4,3,2,5,2],[0,0,4,3,2,5,7,2],[4,0,1,2,3,4,5,2],[1,4,2,0,6,7,4],[1,2,0,6,7,3],[1,5,3,0,1,6,7,5],[1,0,1,6,3],[7,0,1,2,3,4,5,6,7,7],[8,0,1,2,3,4,5,6,7,8,9,10,11,12,13,12],[3,0,2],[0,0,6,3,2,2],[5,0,1,2,3,4,5,6,7,8,9,10,1],[1,3,0,1,6,4],[9,0,1,2,1]],[[[{"name":"bw_flare_g","rect":[1169,1647,430,247],"offset":[0,0],"originalSize":[430,247],"capInsets":[0,0,0,0]}],[2],0,[0],[2],[14]],[[{"name":"prize_bg","rect":[0,1,246,46],"offset":[0,0.5],"originalSize":[246,49],"capInsets":[123,0,123,0]}],[2],0,[0],[2],[15]],[[[13,"double_win_display_controller"],[14,"double_win_display_controller",[-13,-14,-15],[[15,-12,-11,-10,-9,-8,-7,-6,-5,-4,-3,-2]],[0,"952BmPw39CE6glqyuLPobR",-1]],[2,"top_holder",0,1,[-16,-17,-18],[0,"05XTDyMGVL9I73Yr/3ZyIc",1],[5,175,100],[0,310,0,0,0,0,1,1,1,1]],[3,"top_layout_node",2,[-21,-22],[[7,false,1,0,-19,14],[11,1,1,40,40,15,true,-20,[5,319,100]]],[0,"18AnxvN5xE05AHg1vE6U+u",1],[5,319,100]],[2,"bot_holder",0,1,[-23,-24,-25],[0,"f0YAJm5SREMqYgqEnM8B+f",1],[5,175,100],[0,-285,0,0,0,0,1,1,1,1]],[3,"bottom_layout_node",4,[-28,-29],[[7,false,1,0,-26,29],[11,1,1,40,40,15,true,-27,[5,319,100]]],[0,"07FDzXdhJLnKmuS5q/iAg2",1],[5,319,100]],[1,"top_number_display_node",3,[[12,450,35,25,-25,0.8,25,-23,0.8,35,1,0,-31,-30,[2,3,4,5,6,7,8,9,10,11,12,13]]],[0,"c0y4TX5AtK/5eZQckoldO9",1],[119.5,0,0,0,0,0,1,1.4,1.4,1]],[1,"bottom_number_display_node",5,[[12,450,35,25,-25,0.8,25,-23,0.8,35,1,0,-33,-32,[17,18,19,20,21,22,23,24,25,26,27,28]]],[0,"04ApzAUGlDAJmZpg7A82dT",1],[119.5,0,0,0,0,0,1,1.4,1.4,1]],[4,"top_dark_sprite",2,[[8,1,0,-34,0]],[0,"18eDSct25JlrK1JW+B5L59",1],[5,246,100]],[5,"top_white_flare_node",2,[[9,1,769,2,false,-35,1]],[0,"6b/X4enTxENpiA9HuLUrLP",1],[5,430,247],[0,0,0,0,0,0,1,2,2,1]],[4,"bottom_dark_sprite",4,[[8,1,0,-36,15]],[0,"a8Czb0fe5Br7vfqT2jtEcs",1],[5,246,100]],[5,"bottom_white_flare_node",4,[[9,1,769,2,false,-37,16]],[0,"7fZYhIg4lPCr+spEnlY8tQ",1],[5,430,247],[0,0,0,0,0,0,1,2,2,1]],[1,"firework_holder",1,[[16,1,2,false,-38],[17,-39,[31],30]],[0,"c7ThzxUW9J/pF6Rlf3Ig0b",1],[0,0,0,0,0,0,1,3,3,1]],[6,"top_win_sprite",3,[-40],[0,"b98p/jLFZNyoD4d4ZURwRc",1],[5,160,74],[-7.5,0,0,0,0,0,1,1.4,1.4,1]],[10,2,false,13],[6,"bottom_win_sprite",5,[-41],[0,"d6cQZ4s5lFQ4FHON+rn8cf",1],[5,160,74],[-7.5,0,0,0,0,0,1,1.4,1.4,1]],[10,2,false,15]],0,[0,4,1,0,5,16,0,6,14,0,7,10,0,8,8,0,9,11,0,10,9,0,11,7,0,12,6,0,13,4,0,14,2,0,0,1,0,-1,2,0,-2,4,0,-3,12,0,-1,8,0,-2,9,0,-3,3,0,0,3,0,0,3,0,-1,13,0,-2,6,0,-1,10,0,-2,11,0,-3,5,0,0,5,0,0,5,0,-1,15,0,-2,7,0,3,6,0,0,6,0,3,7,0,0,7,0,0,8,0,0,9,0,0,10,0,0,11,0,0,12,0,0,12,0,-1,14,0,-1,16,0,15,1,41],[0,0,0,0,0,0,0,0,0,0,0,0,0,0,0,0,0,0,0,0,0,0,0,0,0,0,0,0,0,0,0,0],[1,1,-1,-2,-3,-4,-5,-6,-7,-8,-9,-10,-11,-12,1,1,1,-1,-2,-3,-4,-5,-6,-7,-8,-9,-10,-11,-12,1,16,-1],[0,16,1,2,3,4,5,6,7,8,9,10,11,12,0,0,17,1,2,3,4,5,6,7,8,9,10,11,12,0,13,13]]]]