{"version":2,"assets":{"favicon.ico":["0db95","052ca1d6d8"],"history/index.json":["5bc35","a7812d99bc"],"paytable-rules/index.json":["ee0a9","15388527b6"],"shell-game-res/appearance/appearance.json":["c5987","13a058907f"],"shell-game-res/appearance/da/appearance.json":["c5987","16125c5a6e"],"shell-game-res/appearance/de/appearance.json":["c5987","49245ac9c9"],"shell-game-res/appearance/en/appearance.json":["c5987","9389acf216"],"shell-game-res/appearance/es/appearance.json":["c5987","0221817a3e"],"shell-game-res/appearance/fi/appearance.json":["c5987","c30a8e29a0"],"shell-game-res/appearance/fr/appearance.json":["c5987","9e5257d275"],"shell-game-res/appearance/id/appearance.json":["c5987","faa919c490"],"shell-game-res/appearance/it/appearance.json":["c5987","6a8a807999"],"shell-game-res/appearance/ja/appearance.json":["4d00a","453db02e51"],"shell-game-res/appearance/ko/appearance.json":["4d00a","f5ef77f656"],"shell-game-res/appearance/nl/appearance.json":["c5987","648e9007c1"],"shell-game-res/appearance/no/appearance.json":["c5987","cb9485988b"],"shell-game-res/appearance/pl/appearance.json":["c5987","6761e39fcb"],"shell-game-res/appearance/pt/appearance.json":["c5987","749c7de681"],"shell-game-res/appearance/ro/appearance.json":["c5987","eb3b3a4b7f"],"shell-game-res/appearance/ru/appearance.json":["c5987","8480764a18"],"shell-game-res/appearance/sv/appearance.json":["c5987","868b2b44ed"],"shell-game-res/appearance/th/appearance.json":["c5987","48c273a07d"],"shell-game-res/appearance/tr/appearance.json":["c5987","1f3f1c72c0"],"shell-game-res/appearance/vi/appearance.json":["c5987","be9e035c2f"],"shell-game-res/appearance/zh/appearance.json":["4d00a","0020efd54e"],"shell-game-res/locale/da/locale.json":["78acc","dfc542ee20"],"shell-game-res/locale/de/locale.json":["7165b","05c5413913"],"shell-game-res/locale/es/locale.json":["29592","58ab7eb0ff"],"shell-game-res/locale/fi/locale.json":["2d695","af15443a21"],"shell-game-res/locale/fr/locale.json":["d5d53","f04ad07554"],"shell-game-res/locale/id/locale.json":["bf3b3","df803c9fcc"],"shell-game-res/locale/it/locale.json":["3c381","1017805ca4"],"shell-game-res/locale/ja/locale.json":["13ce6","d6991ddb2c"],"shell-game-res/locale/ko/locale.json":["00d38","2228f085e5"],"shell-game-res/locale/locale.json":["a10fb","e5a0f244d3"],"shell-game-res/locale/my/locale.json":["ef91e","26f8539b56"],"shell-game-res/locale/nl/locale.json":["ee0e9","b0294c968c"],"shell-game-res/locale/no/locale.json":["07767","42de827040"],"shell-game-res/locale/pl/locale.json":["b9aba","55daf9a296"],"shell-game-res/locale/pt/locale.json":["b3602","ab1aaeb836"],"shell-game-res/locale/ro/locale.json":["8e73f","344de308cd"],"shell-game-res/locale/ru/locale.json":["600ac","8d9e89d128"],"shell-game-res/locale/sv/locale.json":["fb9c2","0da3ab70a3"],"shell-game-res/locale/th/locale.json":["94cd6","52f460f64b"],"shell-game-res/locale/tr/locale.json":["e6fb4","e72b5fe17f"],"shell-game-res/locale/vi/locale.json":["4b92d","228d254359"],"shell-game-res/locale/zh/locale.json":["43ec3","cbac600748"],"shell-game-res/plugin.json":["1d861","992e62c759"],"shell-game-res/splash/da/splash.jpg":["a6dd6","a5b626a700"],"shell-game-res/splash/de/splash.jpg":["d6857","dc0e4613cb"],"shell-game-res/splash/es/splash.jpg":["779f5","b6b9ed8616"],"shell-game-res/splash/fi/splash.jpg":["7c914","791b5e0670"],"shell-game-res/splash/fr/splash.jpg":["b7425","882694d9ab"],"shell-game-res/splash/game_icon.png":["c8746","be9cae79fa"],"shell-game-res/splash/icon_android_144.png":["c71d3","b4a03bcd32"],"shell-game-res/splash/icon_android_192.png":["46d39","08ddf4595d"],"shell-game-res/splash/icon_android_96.png":["1d54b","38e1469040"],"shell-game-res/splash/icon_ios_180.png":["78da5","53d8d34800"],"shell-game-res/splash/icon_ios_60.png":["44b1e","d5a6c4b8b4"],"shell-game-res/splash/id/splash.jpg":["e5fec","12f1796e8a"],"shell-game-res/splash/it/splash.jpg":["5c0d4","c7dd0387ed"],"shell-game-res/splash/ja/splash.jpg":["8d10a","8b3b190c84"],"shell-game-res/splash/ko/splash.jpg":["0bf7d","99e8ef1962"],"shell-game-res/splash/launch.jpg":["b6741","89b7eb1ed3"],"shell-game-res/splash/nl/splash.jpg":["63abd","54dac1f382"],"shell-game-res/splash/no/splash.jpg":["74b0d","8913b8bd13"],"shell-game-res/splash/pl/splash.jpg":["544ec","b2a361afbd"],"shell-game-res/splash/pt/splash.jpg":["d3d48","47f0b66134"],"shell-game-res/splash/ro/splash.jpg":["5f879","73c9a133c9"],"shell-game-res/splash/ru/splash.jpg":["f789a","cf3d9632b4"],"shell-game-res/splash/splash.jpg":["11558","a36d0cf80d"],"shell-game-res/splash/sv/splash.jpg":["127b8","0511f9e634"],"shell-game-res/splash/th/splash.jpg":["1ee42","15ff466292"],"shell-game-res/splash/tr/splash.jpg":["54159","30405e5fe3"],"shell-game-res/splash/vi/splash.jpg":["ebd97","772ab87fce"],"shell-game-res/splash/zh/splash.jpg":["0644d","397a030234"]}}