[1,["f61D1xgc9OsJbnkPaMrJ3U","ccfCdSMPRD57dK4bF14W+a","1d8fmKNXtIRr97hpLGZ3wF","77oOkpx/NOS4Jq5a3u+QNe","88W22lmStFnak5giyAge4/"],["node","_spriteFrame","_textureSetter","root","rightBranchSpriteNode","leftBranchSpriteNode","rightBushSpriteNode","leftBushSpriteNode","ingotPileSpriteNode","data"],["cc.SpriteFrame",["cc.Node",["_name","_components","_prefab","_contentSize","_parent","_trs","_children","_anchorPoint"],2,9,4,5,1,7,2,5],["cc.Sprite",["_sizeMode","_isTrimmedMode","node","_spriteFrame"],1,1,6],["cc.Prefab",["_name"],2],["b2cf3LpvJhIu6s35FbXCrhK",["node","ingotPileSpriteNode","leftBushSpriteNode","rightBushSpriteNode","leftBranchSpriteNode","rightBranchSpriteNode"],3,1,1,1,1,1,1],["cc.PrefabInfo",["fileId","root"],2,1]],[[5,0,1,2],[1,0,4,1,2,3,5,2],[2,0,2,3,2],[2,0,1,2,3,3],[3,0,2],[1,0,6,1,2,3,2],[1,0,4,1,2,3,7,5,2],[4,0,1,2,3,4,5,1]],[[[{"name":"bg_fg_left","rect":[331,191,225,168],"offset":[0,0],"originalSize":[225,174],"capInsets":[0,0,0,0]}],[0],0,[0],[2],[0]],[[[4,"foreground_controller"],[5,"foreground_controller",[-8,-9,-10,-11,-12],[[7,-7,-6,-5,-4,-3,-2]],[0,"232gjigxJKWIq/Q/J54Pwu",-1],[5,1080,2340]],[1,"left_branch_sprite",1,[[3,0,false,-13,0]],[0,"a0mKtEQt9Kh54pN8WOmZzF",1],[5,354.375,274.05],[-395,975,0,0,0,0,1,1,1,1]],[1,"right_branch_sprite",1,[[3,0,false,-14,1]],[0,"25cTNKFqBKrYQl9GyRZnAE",1],[5,395.325,269.325],[365,975,0,0,0,0,1,1,1,1]],[1,"left_bush_sprite",1,[[2,0,-15,2]],[0,"71dOxHoj1BRaGBdN6nNx+w",1],[5,485,468],[-600,-450,0,0,0,0,1,1,1,1]],[1,"right_bush_sprite",1,[[2,0,-16,3]],[0,"667HLm3r1BL4rc9cKHssww",1],[5,485,468],[600,-450,0,0,0,0,1,-1,1,1]],[6,"ingot_pile_sprite",1,[[2,0,-17,4]],[0,"b62wRmWNdBxZW6La8hlKHC",1],[5,1080,268.5],[0,0.5,1],[0,-340,0,0,0,0,1,2,2,1]]],0,[0,3,1,0,4,3,0,5,2,0,6,5,0,7,4,0,8,6,0,0,1,0,-1,2,0,-2,3,0,-3,4,0,-4,5,0,-5,6,0,0,2,0,0,3,0,0,4,0,0,5,0,0,6,0,9,1,17],[0,0,0,0,0],[1,1,1,1,1],[2,3,1,1,4]],[[{"name":"bg_fg_right","rect":[558,191,247,159],"offset":[2,1],"originalSize":[251,171],"capInsets":[0,0,0,0]}],[0],0,[0],[2],[0]],[[{"name":"bg_btm_fg","rect":[331,1,756,188],"offset":[0,0],"originalSize":[756,188],"capInsets":[0,0,0,0]}],[0],0,[0],[2],[0]],[[{"name":"bg_tree","rect":[1,1,330,328],"offset":[2,0],"originalSize":[340,328],"rotated":1,"capInsets":[0,0,0,0]}],[0],0,[0],[2],[0]]]]