[1,["5b+10RMjFCJoJbxIlOi6Ky","81d+TASwVCv7gW87qbl4gS","eeF510KrBNHrxi55AgCmYJ","74E5Q9+qtBDJhrYaRBVecD","f4PezHIMdMPZ8CcUYEOSf3","54cGoq2p5DraA34O5zgorV","47E4QUlIBHN6QJpczjk6Ai","e0HOzQOhZBx5RxCOuoLBTv","4cTP3PHH9NdbB7Kd03Km3O","5d7JNvOvhCNaw2sCDErAEE","cb0aT+y8JKQ5AGSlXgd1sK","56+D+WoyBFn5Xe9S8Ns1id","32lgsUZHFOVJjkYUGjblFE","c3yaTGtyFP2JR3ezXciwL3"],["node","_textureSetter","root","payOutItemNode","winAmountBackgroundNode","winAmountDisplayNode","numberContainer","data","_spriteFrame"],[["cc.Node",["_name","_components","_prefab","_children","_parent","_contentSize","_trs"],2,9,4,2,1,5,7],"cc.SpriteFrame",["cc.Prefab",["_name"],2],["099ab3FAXlCS6JRUtR13wsh",["node","payOutItemNode"],3,1,1],["cc.PrefabInfo",["fileId","root"],2,1],["2c10b5izwFC+pBQLe/G4U1m",["node","winAmountDisplayNode","winAmountBackgroundNode"],3,1,1,1],["e13cc9FLShL66GevrFVSv5p",["maxContainerSize","nodeNumberWidth","nodeNumberScale","commaWidth","commaY","commaScale","decimalWidth","decimalY","decimalScale","decimalNumberWidth","decimalNumberScale","multiplySpriteWidth","node","numberContainer","numberSprite","numberBlurSprite"],-9,1,1,3,3],["cc.Sprite",["_sizeMode","node","_spriteFrame"],2,1,6]],[[4,0,1,2],[0,0,4,1,2,5,6,2],[2,0,2],[0,0,3,1,2,2],[0,0,4,3,1,2,5,2],[3,0,1,1],[5,0,1,2,1],[6,0,1,2,3,4,5,6,7,8,9,10,11,12,13,14,15,13],[7,0,1,2,2]],[[[{"name":"mask","rect":[0,0,429,224],"offset":[0,0],"originalSize":[429,224],"capInsets":[0,0,0,0]}],[1],0,[0],[1],[10]],[[[2,"pay_out_effect_controller"],[3,"pay_out_effect_controller",[-4],[[5,-3,-2]],[0,"c1/7tjhXtD97f8y6VFZA0c",-1]],[4,"pay_out_item",1,[-8,-9],[[6,-7,-6,-5]],[0,"99oAFnQGhJuoPMwxilh86l",1],[5,200,90]],[1,"pay_out_number_display",2,[[7,600,50,1.428,28,-15,1.428,20,-12,1.428,50,1.428,0,-11,-10,[1,2,3,4,5,6,7,8,9,10,11,12],[13,14,15,16,17,18,19,20,21,22]]],[0,"ffA6KpmppBEro72+GpfO0U",1],[5,600,100],[0,-100,0,0,0,0,1,1,1,1]],[1,"pay_out_number_background",2,[[8,2,-12,0]],[0,"8d57MF8llJaYLHslb1/1mW",1],[5,429,224],[0,-100,0,0,0,0,1,1.6,1,1]]],0,[0,2,1,0,3,2,0,0,1,0,-1,2,0,4,4,0,5,3,0,0,2,0,-1,4,0,-2,3,0,6,3,0,0,3,0,0,4,0,7,1,12],[0,0,0,0,0,0,0,0,0,0,0,0,0,0,0,0,0,0,0,0,0,0,0],[8,-1,-2,-3,-4,-5,-6,-7,-8,-9,-10,-11,-12,-1,-2,-3,-4,-5,-6,-7,-8,-9,-10],[11,0,1,2,3,4,5,6,7,8,9,12,13,0,1,2,3,4,5,6,7,8,9]]]]