[1,["67hChEqgxNobV3S4Efs+Ja"],["_textureSetter"],["cc.SpriteFrame"],0,[[[{"name":"6","rect":[244,1,32,45],"offset":[0,0],"originalSize":[32,45],"capInsets":[0,0,0,0]}],[0],0,[0],[0],[0]],[[{"name":"8","rect":[107,1,32,46],"offset":[0,0],"originalSize":[32,46],"capInsets":[0,0,0,0]}],[0],0,[0],[0],[0]],[[{"name":"5","rect":[311,1,31,45],"offset":[0,0],"originalSize":[31,45],"capInsets":[0,0,0,0]}],[0],0,[0],[0],[0]],[[{"name":"0","rect":[207,1,35,45],"offset":[0,0],"originalSize":[35,45],"capInsets":[0,0,0,0]}],[0],0,[0],[0],[0]],[[{"name":"9","rect":[174,1,31,46],"offset":[0,0],"originalSize":[31,46],"capInsets":[0,0,0,0]}],[0],0,[0],[0],[0]],[[{"name":"3","rect":[38,1,32,47],"offset":[0,0],"originalSize":[32,47],"capInsets":[0,0,0,0]}],[0],0,[0],[0],[0]],[[{"name":"1","rect":[278,1,31,45],"offset":[0,0],"originalSize":[31,45],"capInsets":[0,0,0,0]}],[0],0,[0],[0],[0]],[[{"name":"7","rect":[141,1,31,46],"offset":[0,0],"originalSize":[31,46],"capInsets":[0,0,0,0]}],[0],0,[0],[0],[0]],[[{"name":"2","rect":[72,1,33,46],"offset":[0,0],"originalSize":[33,46],"capInsets":[0,0,0,0]}],[0],0,[0],[0],[0]],[[{"name":"4","rect":[1,1,35,47],"offset":[0,0],"originalSize":[35,47],"capInsets":[0,0,0,0]}],[0],0,[0],[0],[0]]]]