[
    1,
    [
        "79fgkdWx5JLKj34YfY6164",
        "faRSV8ywROT4VmMGzZJbPL",
        "e4JKDEwZdJ65NKKqPf6hss"
    ],
    [
        "_textureSetter",
        "info_1",
        "info_2"
    ],
    [
        "cc.SpriteFrame",
        [
            "cc.SpriteAtlas",
            [
                "_name",
                "_spriteFrames"
            ],
            2,
            11
        ]
    ],
    [
        [
            1,
            0,
            1,
            2
        ]
    ],
    [
        [
            [
                [
                    0,
                    "infoboard_text.plist",
                    [
                        {},
                        "info_1",
                        6,
                        0,
                        "info_2",
                        6,
                        1
                    ]
                ]
            ],
            0,
            0,
            [
                0,
                0
            ],
            [
                1,
                2
            ],
            [
                1,
                2
            ]
        ],
        [
            [
                {
                    "name": "info_2",
                    "rect": [
                        1,
                        1,
                        760,
                        56
                    ],
                    "offset": [
                        0,
                        1
                    ],
                    "originalSize": [
                        760,
                        72
                    ],
                    "capInsets": [
                        0,
                        0,
                        0,
                        0
                    ]
                }
            ],
            [
                0
            ],
            0,
            [
                0
            ],
            [
                0
            ],
            [
                0
            ]
        ],
        [
            [
                {
                    "name": "info_1",
                    "rect": [
                        763,
                        1,
                        724,
                        56
                    ],
                    "offset": [
                        0,
                        0
                    ],
                    "originalSize": [
                        724,
                        72
                    ],
                    "capInsets": [
                        0,
                        0,
                        0,
                        0
                    ]
                }
            ],
            [
                0
            ],
            0,
            [
                0
            ],
            [
                0
            ],
            [
                0
            ]
        ]
    ]
]