[1,["5eUJAnd0JJR71myNT2DMqL","bcxQIIaa1OYbilYJyXMnXe","dftG9dE91FGpo0JcCYxMGF","a2MjXRFdtLlYQ5ouAFv/+R","8eYC9bK+BLkpIGPypE4jAo"],["node","_spriteFrame","_defaultClip","_textureSetter","root","bottomVFXNode","topVFXNode","doubleWinBackgroundNode","doubleWinSpriteNode","data"],[["cc.Node",["_name","_opacity","_active","_prefab","_components","_parent","_contentSize","_children","_trs","_anchorPoint","_color"],0,4,9,1,5,2,7,5,5],["cc.Sprite",["_sizeMode","_isTrimmedMode","_dstBlendFactor","node","_spriteFrame"],0,1,6],"cc.SpriteFrame",["cc.AnimationClip",["_name","_duration","sample","curveData"],-1],["cc.Prefab",["_name"],2],["449acVJFpZJma9LDa9ouExG",["node","doubleWinSpriteNode","doubleWinBackgroundNode","topVFXNode","bottomVFXNode"],3,1,1,1,1,1],["cc.PrefabInfo",["fileId","root"],2,1],["cc.Animation",["node","_clips","_defaultClip"],3,1,3,6]],[[6,0,1,2],[0,0,5,4,3,6,9,8,2],[1,2,0,1,3,4,4],[7,0,1,2,1],[3,0,1,2,3,5],[4,0,2],[0,0,7,4,3,2],[0,0,5,7,3,2],[0,0,2,1,5,4,3,10,6,4],[0,0,1,5,4,3,6,8,3],[5,0,1,2,3,4,1],[1,0,3,4,2],[1,0,1,3,4,3]],[[[[4,"horizontal_vfx_a",0.6875,16,{"props":{"anchorX":[{"frame":0,"value":1},{"frame":0.5,"value":0.77},{"frame":0.6875,"value":-0.08}]}}]],0,0,[],[],[]],[[{"name":"feature_vfx_a","rect":[0,0,146,200],"offset":[0,0],"originalSize":[146,200],"capInsets":[0,0,0,0]}],[2],0,[0],[3],[2]],[[[5,"double_win_controller"],[6,"double_win_controller",[-7,-8],[[10,-6,-5,-4,-3,-2]],[0,"862LlOAEhM36w/jHkFQEgp",-1]],[7,"title_holder",1,[-9,-10,-11],[0,"bbJxjr1FNGXayfRd53u/lh",1]],[1,"top_vfx_a",2,[[2,1,0,false,-12,0],[3,-13,[2],1]],[0,"05sbUxzf9ARIeyfR0YPo1o",1],[5,15000,200],[0,1,0],[-540,225,0,0,0,0,1,1,-1,1]],[1,"bottom_vfx_a",2,[[2,1,0,false,-14,4],[3,-15,[6],5]],[0,"c8omcpDTJJMJHbDCTJRChL",1],[5,15000,200],[0,1,0],[540,-225,0,0,0,0,1,-1,1,1]],[8,"background",false,128,2,[[11,0,-16,3]],[0,"edK52jStlMwL5IJVtvmzDi",1],[4,4286709846],[5,1080,450]],[9,"x2_sprite",0,1,[[12,2,false,-17,7]],[0,"fdtLLFOglLebo3TyKt0OTy",1],[5,317,243],[0,610,0,0,0,0,1,1.33,1.33,1]]],0,[0,4,1,0,5,4,0,6,3,0,7,5,0,8,6,0,0,1,0,-1,2,0,-2,6,0,-1,3,0,-2,5,0,-3,4,0,0,3,0,0,3,0,0,4,0,0,4,0,0,5,0,0,6,0,9,1,17],[0,0,0,0,0,0,0,0],[1,2,-1,1,1,2,-1,1],[1,0,0,3,1,0,0,4]]]]