[1,["b4lDvMLoxE0rPcIuAalKy5","0fVZ5XHMFKXqq4gAICZyY/","902Ll0yAFMQIr/UQZh7zYI","370IIecxVC/JG2t4jxmBXV"],["_textureSetter","big_win","mega_win","super_mega_win"],["cc.SpriteFrame",["cc.SpriteAtlas",["_name","_spriteFrames"],2,11]],[[1,0,1,2]],[[[{"name":"big_win","rect":[1,1,474,162],"offset":[0,0],"originalSize":[476,162],"rotated":1,"capInsets":[0,0,0,0]}],[0],0,[0],[0],[0]],[[{"name":"super_mega_win","rect":[165,1,604,279],"offset":[0,0],"originalSize":[606,279],"capInsets":[0,0,0,0]}],[0],0,[0],[0],[0]],[[{"name":"mega_win","rect":[165,282,604,163],"offset":[-1,0],"originalSize":[606,163],"capInsets":[0,0,0,0]}],[0],0,[0],[0],[0]],[[[0,"bigwin_text.plist",[{},"big_win",6,0,"mega_win",6,1,"super_mega_win",6,2]]],0,0,[0,0,0],[1,2,3],[1,2,3]]]]