[1,["63aGwI7pxLarAO8gK6WoID","23UYauIeNGNoW4Inb+QRku","53clR4utFL0oJDszlc79nK","deVTLWvY5EaJDY7P7QXyjs","10dkBv9tNNZIDCPfRcaJj7","bdbHP7IndM8pZnZJMCA1Eh","6a7ouLLslO/Y3JSQ0Gw7Wr","ffEE2vOCpPpb9v/4Nel+Uh","f2tdSD8MJJ4L/D7s0XZ53e","5ejtPhmhxNoLfG69AlXQDz","33Ej/2az9D9bXUIOH+Tm6B","05cuT/VYFOtap2KreXdAF5","57gkGKfG1KmYB4Tkr5ljmJ","79k51nus9ATpvJG1Wv3q7x","5fuyOwDWRLrq2wVHXA+igC","5chNhrQNZK6J3ly+zRjKnb","8dLF7xRpVKPLH5jOo2hci5","55BSp6Q1hGiIXNNr408Dhm","79o+F020NJnrY5/32nS4Z8","35FaaGIOpH07JFJ/RsYrlW","fd5zI5En5EPZkMQGK2ineu","77Cd5QTKRKirKyQAR3J0ol","b0jcyeZnlBtY9IVeaZvT7l","41rx4WTw1N7b1Z6iMa6W35","f3kdledi9CE7xpps1Guqlc","6driwwVRlARbZTS3rMRiZQ","c5mA7CJGRJOYROBaLZHrEc","05hAQpaQ1IRJO6WgNbDUgP","14uw1zwMxDLoCfmbgljwat","55bXAa84tFo75nEaz1JCbq","83SY4w2g5K94HDuVLmnJV/","64q83wqzpBgZOp7B4LJNKw","b5D2EoWcFFNZRVifc0Ay6w","b9BeW50BlKAqNq+jt7wS2Q","9cJwTXAZFAgIUfbb6jaRqH","c88auBRKVHQbs1pnhRbZlj","d7IphOQjFPLaSlAvrVoent","0dUjfgt6tHo544ORdhXP2G","5083gw8vROLJGRQZsyc19k","51f4vyU3ZE86BFFET2OrsZ","38xcF2ZR9EhIT6vfUUkAaE","4bao4ZnNJPl7pzNoRc/NfE","20XQA1x/FNwZOnpmdQau52","c9hh355nNG4o5N4TQT4+VK","3d4+/ebHhLA6XeAOedZ8k4","c9vc/xnExCzJ1RP1CGttdd","c8wqfAJOJLbpjB1pTBSP9d","20eQ/2XohAibp6MGmCFy++","d7bcGgRXhEVLvghjrmCjI1","afDPCc4EhCSrX8U643k9Fe","1dw6Wr3ahDL5ZVrfowVPF8","0fOmsiwohDlYUfSsZztrAv","a2JvnFFIBHQboT4ht4CXNI","8bziNPNEBPOprJ0G0/NXDT","70OfMHpD5NLZLttXzVh0eb","8fcBrSaEdGKL8ctUhCphm8","aasBiJ1/dPw6flu0cxOEJq","27z+24fdVBh7vjdJGykqf4","24uE0fY+tPZpj2UtF17dW5","beKT0PV39LTpGgrPxzzh5T","fa7uWDVB1CoLeDiSElG5dH","6c/VN1785FIKkfMabMeOe2","41GMqpb1RIhbXZTlwWqgUb","53VUlQwytLFYjsxTT83z0e","8bjf/t8exGIJw6w6IpA4Rj","5fiRg0+nJMFLHq8UYQerRQ","fe7GJAGHtKTYm6KW98YqY9","ecEIe/qvRGqpLWmSIqIETQ","b6XACU+iJE0L1bJfHCAZgl","dfRsuHl35ATJ8hOtszzaPv","436qN4pSVCaLB3+hG83nEx","e0HRc0+MhP56CIskcHcCGq","12J8HxVmBHJo18iQoU4E/w","f5q6GWRtZIy5aj0eJ+qRQD","f9BImytthHh4DtLu6Cvep7","5cnGPuHM5FLYv6LV/GkMBf","e2RgLd2m5PrrIKQ2ulFr6K","ebCbo/rI1IN5rZhT38PmuQ","a6eKAdwgFMIZ0TUJiNNYMD","89cwNO38lERanJ16DSmZYl","4fzX2k0ANEqYAdXlAkILbN","6eGizDJVRKXpPfLKoPhD00","ddf0JMZitKE6JMN1BTlLN9","5fkdUTkyRJ6pgUJY7tltpO","2bWBZEjNlOz5fXO3R+yKgf","b03ZzLae5BpqVYJqU2FFEI","f1LMunimNNLKoUXc2wn8YF","5cXLuMHQZEcI9dh/u+nXr3","e3YmlBsZBL76zfvxXmO+wK","42f4sTHX1NdrxslMrmVd7P","a12dFiAO9KR7UUf6hz7LHO","922cKMVw1NKKlfwWGB/EYv","84qgthK8xEGbDbuZtRgo9F","a7PFNWP8RCmozyZVvcq+kx","baLsK4NABIGo2B/m/yWRfA","8eeGUssIRFb6lFbHU+fpxq","501ji6KftGUrmQWiAiy9z2","a3BrgKmUpCBpkq5+C9lTfP","3fHv9mTi5PyazsiCYwawWU","6aVee1y6FOmKvHInPZqtqB","d1sLunIOxMoI7gIz/CXUIm","2bN6RrPiZKRICxS+T6h7H9","3dY3p8bs1JnJxiC8nDCfKg","93BflGsXdDSKt1FlEARxIM","cdkLX+ZuJFjYSMryJ86bty","90uZJpqGZDSoivbfD/LuO1","c2DcGXh/hNm5jCPw4qAno4","67wKYLyfFHUpxHstrL5MCF","29JeaC1KBFFLquSNjBtI9F","01f60nSWhNVYAiuDJgjZUf","6dLC5KYitA4LDWsFxuafnK","68hG8sdfJHA6jIfTELYBY0","05Y6TsmW1BH4zrJZP7RheL","76/maU+1dKNoG7jwOIb/HO","79/AjgeD9Ia7we7a+ZNxEx","25BCADRSZEM5efoQL28NJL","d3vqdDjT5H7qfphzS6COAp","eduaRbhCRILr5ghP0evySg","b1PqakzdlOlpTm0QdQLCwa","c9KvMaXwtIOa0IuTwYvI1N","d7uegT7odM17MxCjWFbQmA","b9nS1vMDtIupqceCjy6qWP","76pPkI/n9Bx5SHEuJn5dLB","2eO3yk9C1K3IRFcmZffLA8","0fAilwfI1JXYqcRYgqpKl4","f4+wJxIBpDbIvwdopvwOPh","aeHPQwqvdGM7I3ceAtGTiQ","6evMrPcJJOAqv35St1AatF","49MnLphU1LXZPYd40OaR8f","80rtPkvC5DuINWVU5M7MPm","64bRB1bq9EEodd1SMUEgDt","7b2SNCzcZBLYm1rwgc9Oo3","4cQNwVZzBA9rFg8ZKZSjrG","38heWBWsNPMpH716ZTxi+z","c2cXVdTYNAEqI46I8Om2YL","45yFM+FVlJcYf4qTlQfKJk","93KhRyBg5Dp7dW9gKnW9vT","11DzBDUPFIS69UuOjhtJdR","3bxHrlhHNF5LAEJ7A00gSc","9bfNtL1whB85i8ECkGHEdd","4bKB8HyalPlKipadJwkrf+","38XICjNEBPpKtr0kDxyUO5","25b6ELSblK46sC8RcE5Z+b","9bUYOwI1BJsI4cMG/zS4XW","79/xtw8cxKD4KRh0A/iDQv","6buVmwDelL1auUbaziOLft","6fVR6rDWlF3Yhbpevn+yz3","f5UliXrZxKTaWu8TcSTPLw","650KGD12BEpaYHeUt80aJb","b4PZa0ZjdJA4TUsxL11GyE","aftzXnU0ZIHa+hfl9sEhLB","f7W+d3ePVBs4k+xbnMAbe0","0f5lucLQ5Asqlkio1MyTnA","e2bLRCwftKkaaOzq3mFGq8","16QaFKYsRL3LKcoP8OsE2E","3fnLmY4gpMSKsJWpUG4Zbz","69mmOGaWVDbKdVL6QNCRUp","1bzE5vYl1FQ7s+jfn1jIw/","e5oEhOcqpA1amzYIkloVlr","ecapXdTAZM1bCUDYHVBpc3","d7cKOYcNlBoJo8dR6rnQWO"],["_textureSetter","value","node","_spriteFrame","root","data","backFastSpinEffectHolder","frontFastSpinEffectHolder","paySelectFrameHolder","paySelectHolder","slotHolder","slotItemPrefab","particle","shineNode","mask","content","attachmentHolder","scaleHolder","_defaultClip"],["cc.SpriteFrame",["cc.Node",["_name","_active","_prefab","_parent","_components","_contentSize","_trs","_children","_eulerAngles"],1,4,1,9,5,7,2,5],["cc.Sprite",["_sizeMode","_isTrimmedMode","_dstBlendFactor","_srcBlendFactor","node","_spriteFrame"],-1,1,6],["cc.Node",["_name","_parent","_components","_prefab","_children","_contentSize"],2,1,2,4,2,5],["cc.AnimationClip",["_name","_duration","sample","speed","wrapMode","curveData"],-2,11],["cc.Prefab",["_name"],2],["cc.Node",["_name","_parent","_components","_prefab","_trs"],2,1,12,4,7],["6239aV1SbZO67qIm6M1y32f",["node","slotHolder","paySelectHolder","paySelectFrameHolder","frontFastSpinEffectHolder","backFastSpinEffectHolder","slotItemPrefab"],3,1,1,1,1,1,1,6],["cc.PrefabInfo",["fileId","root"],2,1],["5b023/SnJNJCKWa4ZAGVkLP",["node"],3,1],["cc.Animation",["node","_clips"],3,1,3],["a9c29352dVNnqKdy0HjMbUE",["node","scaleHolder","attachmentHolder","content","mask","shineNode","particle"],3,1,1,1,1,1,1,1],["cc.Mask",["_type","_N$alphaThreshold","node"],1,1]],[[8,0,1,2],[1,0,3,4,2,5,6,2],[2,2,0,1,4,4],[10,0,1,1],[4,0,1,2,4,5,5],[1,0,3,4,2,5,2],[1,0,3,2,2],[2,0,4,5,2],[9,0,1],[5,0,2],[1,0,3,2,5,2],[4,0,1,2,3,5,5],[1,0,7,4,2,5,6,2],[1,0,3,7,2,5,2],[1,0,7,4,2,2],[1,0,3,7,2,6,2],[1,0,3,4,2,5,6,8,2],[1,0,1,3,4,2,6,3],[3,0,1,4,2,3,5,2],[3,0,1,2,3,2],[6,0,1,2,3,4,2],[7,0,1,2,3,4,5,6,1],[2,0,1,4,5,3],[2,3,2,0,1,4,5,5],[2,2,0,1,4,5,4],[2,0,1,4,3],[11,0,1,2,3,4,5,6,1],[12,0,1,2,3]],[[[{"name":"wh_vfx_c_02_21","rect":[213,229,109,101],"offset":[0,-2],"originalSize":[129,129],"rotated":1,"capInsets":[0,0,0,0]}],[0],0,[0],[0],[1]],[[{"name":"wh_vfx_c_02_24","rect":[324,112,109,93],"offset":[0,3],"originalSize":[129,129],"rotated":1,"capInsets":[0,0,0,0]}],[0],0,[0],[0],[1]],[[{"name":"reel","rect":[1,1,739,386],"offset":[0,0],"originalSize":[739,386],"rotated":1,"capInsets":[0,0,0,0]}],[0],0,[0],[0],[5]],[[{"name":"wh_vfx_c_10","rect":[225,331,102,102],"offset":[0,2],"originalSize":[132,132],"capInsets":[0,0,0,0]}],[0],0,[0],[0],[2]],[[{"name":"wh_vfx_c_20","rect":[339,1,112,104],"offset":[0,-2],"originalSize":[132,132],"capInsets":[0,0,0,0]}],[0],0,[0],[0],[2]],[[{"name":"fs_vfx_blue_09","rect":[298,1,89,107],"offset":[1,1],"originalSize":[135,141],"rotated":1,"capInsets":[0,0,0,0]}],[0],0,[0],[0],[3]],[[{"name":"fs_vfx_pink_09","rect":[90,225,89,107],"offset":[1,1],"originalSize":[135,141],"capInsets":[0,0,0,0]}],[0],0,[0],[0],[4]],[[{"name":"wh_vfx_a_loop_02_14","rect":[381,557,124,148],"offset":[0,0],"originalSize":[190,198],"capInsets":[0,0,0,0]}],[0],0,[0],[0],[0]],[[{"name":"fs_vfx_blue_22","rect":[175,363,85,105],"offset":[0,1],"originalSize":[135,141],"rotated":1,"capInsets":[0,0,0,0]}],[0],0,[0],[0],[3]],[[{"name":"wh_vfx_a_loop_07","rect":[607,1,126,156],"offset":[0,0],"originalSize":[190,198],"rotated":1,"capInsets":[0,0,0,0]}],[0],0,[0],[0],[0]],[[{"name":"wh_vfx_c_11","rect":[213,223,106,106],"offset":[0,3],"originalSize":[132,132],"capInsets":[0,0,0,0]}],[0],0,[0],[0],[2]],[[{"name":"wh_vfx_a_loop_02_16","rect":[507,557,124,148],"offset":[0,0],"originalSize":[190,198],"capInsets":[0,0,0,0]}],[0],0,[0],[0],[0]],[[{"name":"wh_vfx_a_loop_02_19","rect":[383,257,126,148],"offset":[0,0],"originalSize":[190,198],"capInsets":[0,0,0,0]}],[0],0,[0],[0],[0]],[[{"name":"fs_vfx_pink_08","rect":[296,1,89,105],"offset":[1,1],"originalSize":[135,141],"rotated":1,"capInsets":[0,0,0,0]}],[0],0,[0],[0],[4]],[[{"name":"fs_vfx_pink_00","rect":[181,88,85,103],"offset":[0,1],"originalSize":[135,141],"rotated":1,"capInsets":[0,0,0,0]}],[0],0,[0],[0],[4]],[[{"name":"fs_vfx_pink_05","rect":[286,181,89,103],"offset":[1,1],"originalSize":[135,141],"rotated":1,"capInsets":[0,0,0,0]}],[0],0,[0],[0],[4]],[[{"name":"fs_vfx_pink_16","rect":[1,344,85,111],"offset":[0,1],"originalSize":[135,141],"capInsets":[0,0,0,0]}],[0],0,[0],[0],[4]],[[{"name":"fs_vfx_blue_00","rect":[183,90,87,105],"offset":[0,1],"originalSize":[135,141],"rotated":1,"capInsets":[0,0,0,0]}],[0],0,[0],[0],[3]],[[{"name":"wh_vfx_a_loop_02_04","rect":[291,1,126,156],"offset":[1,0],"originalSize":[190,198],"rotated":1,"capInsets":[0,0,0,0]}],[0],0,[0],[0],[0]],[[[9,"slot_controller"],[12,"slot_controller",[-8,-9,-10,-11,-12,-13,-14,-15,-16,-17],[[21,-7,-6,-5,-4,-3,-2,17]],[0,"71UjhxXkFNZ7JcuKl17i25",-1],[5,900,450],[0,415,0,0,0,0,1,1,1,1]],[13,"pay_select_holder",1,[-18,-19,-20],[0,"9a/cw7WkhPOZD2RHLFyubo",1],[5,900,600]],[1,"pay_select_item",2,[[2,1,0,false,-21],[8,-22],[3,-23,[1,2,3,4]]],[0,"182OdAQmVE+6HSotq08DiK",1],[5,456,475],[-300,0,0,0,0,0,1,1,1,1]],[5,"pay_select_item",2,[[2,1,0,false,-24],[8,-25],[3,-26,[5,6,7,8]]],[0,"f21K0AWG5LXpFqXrQ4ETR5",1],[5,456,475]],[1,"pay_select_item",2,[[2,1,0,false,-27],[8,-28],[3,-29,[9,10,11,12]]],[0,"73pRVJ7xxGjY1ppYFLSlVj",1],[5,456,475],[300,0,0,0,0,0,1,1,1,1]],[5,"bg",1,[[22,0,false,-30,0]],[0,"50/upEn/9NMIjHpc5btYTI",1],[5,925,480]],[1,"slot_reel_spec_sprite",1,[[23,1,769,2,false,-31,13]],[0,"d10cApLElEJ5NtF3AY4td5",1],[5,636,328],[0,0,0,0,0,0,1,1.428,1.428,1]],[6,"back_fast_spin_effect_holder",1,[0,"171E7nhCZEib1wCLkHK/KH",1]],[10,"slot_item_holder",1,[0,"2dhDekZOFLQocYfaBzmSWg",1],[5,900,650]],[6,"front_fast_spin_effect_holder",1,[0,"d9JAooBmVCoKcuC9k5uvF9",1]],[5,"shadow",1,[[7,0,-32,14]],[0,"a0DJv5zBlLWLRVngPgi5RH",1],[5,925,480]],[1,"reel_mask_01",1,[[7,0,-33,15]],[0,"76keLwuc9N7qq1htoTmZIy",1],[5,908,56],[0,213,0,0,0,0,1,1,1,1]],[1,"reel_mask_02",1,[[7,0,-34,16]],[0,"6cmG2K4YpMeYVyD/OSZVOt",1],[5,913,59],[0,-200,0,0,0,0,1,1,1,1]],[10,"win_select_frame_holder",1,[0,"1apY0V8SBHAJfEesnJ26ZR",1],[5,1022.5,542.5]]],0,[0,4,1,0,6,8,0,7,10,0,8,14,0,9,2,0,10,9,0,2,1,0,-1,6,0,-2,2,0,-3,7,0,-4,8,0,-5,9,0,-6,10,0,-7,11,0,-8,12,0,-9,13,0,-10,14,0,-1,3,0,-2,4,0,-3,5,0,2,3,0,2,3,0,2,3,0,2,4,0,2,4,0,2,4,0,2,5,0,2,5,0,2,5,0,2,6,0,2,7,0,2,11,0,2,12,0,2,13,0,5,1,34],[0,0,0,0,0,0,0,0,0,0,0,0,0,0,0,0,0,0],[3,-1,-2,-3,-4,-1,-2,-3,-4,-1,-2,-3,-4,3,3,3,3,11],[11,6,7,8,9,6,7,8,9,6,7,8,9,12,13,14,15,16]],[[{"name":"fs_vfx_pink_15","rect":[181,1,85,113],"offset":[0,1],"originalSize":[135,141],"rotated":1,"capInsets":[0,0,0,0]}],[0],0,[0],[0],[4]],[[{"name":"wh_vfx_c_02_20","rect":[110,231,109,101],"offset":[0,-2],"originalSize":[129,129],"rotated":1,"capInsets":[0,0,0,0]}],[0],0,[0],[0],[1]],[[{"name":"wh_vfx_c_02_13","rect":[1,344,105,107],"offset":[-1,3],"originalSize":[129,129],"capInsets":[0,0,0,0]}],[0],0,[0],[0],[1]],[[{"name":"wh_vfx_a_loop_19","rect":[765,407,126,144],"offset":[0,0],"originalSize":[190,198],"capInsets":[0,0,0,0]}],[0],0,[0],[0],[0]],[[{"name":"fs_vfx_blue_08","rect":[92,229,89,107],"offset":[1,1],"originalSize":[135,141],"capInsets":[0,0,0,0]}],[0],0,[0],[0],[3]],[[[11,"payselect_pacticle_blue",1.625,16,1.5,[{},"comps",11,[{},"cc.Sprite",11,[{},"spriteFrame",12,[[[{"frame":0},"value",6,0],[{"frame":0.0625},"value",6,1],[{"frame":0.125},"value",6,2],[{"frame":0.1875},"value",6,3],[{"frame":0.25},"value",6,4],[{"frame":0.3125},"value",6,5],[{"frame":0.375},"value",6,6],[{"frame":0.4375},"value",6,7],[{"frame":0.5},"value",6,8],[{"frame":0.5625},"value",6,9],[{"frame":0.625},"value",6,10],[{"frame":0.6875},"value",6,11],[{"frame":0.75},"value",6,12],[{"frame":0.8125},"value",6,13],[{"frame":0.875},"value",6,14],[{"frame":0.9375},"value",6,15],[{"frame":1},"value",6,16],[{"frame":1.0625},"value",6,17],[{"frame":1.125},"value",6,18],[{"frame":1.1875},"value",6,19],[{"frame":1.25},"value",6,20],[{"frame":1.3125},"value",6,21],[{"frame":1.375},"value",6,22],[{"frame":1.4375},"value",6,23],[{"frame":1.5},"value",6,24],{"frame":1.5625,"value":null}],11,11,11,11,11,11,11,11,11,11,11,11,11,11,11,11,11,11,11,11,11,11,11,11,11,0]]]]]],0,0,[0,0,0,0,0,0,0,0,0,0,0,0,0,0,0,0,0,0,0,0,0,0,0,0,0],[1,1,1,1,1,1,1,1,1,1,1,1,1,1,1,1,1,1,1,1,1,1,1,1,1],[17,18,19,20,21,22,23,24,25,26,27,28,29,30,31,32,33,34,35,36,37,38,39,40,41]],[[{"name":"wh_vfx_c_02","rect":[453,1,56,50],"offset":[-1,1],"originalSize":[132,132],"capInsets":[0,0,0,0]}],[0],0,[0],[0],[2]],[[{"name":"wh_vfx_a_loop_02_03","rect":[1,801,126,154],"offset":[1,0],"originalSize":[190,198],"capInsets":[0,0,0,0]}],[0],0,[0],[0],[0]],[[{"name":"fs_vfx_blue_18","rect":[397,292,85,105],"offset":[-1,1],"originalSize":[135,141],"rotated":1,"capInsets":[0,0,0,0]}],[0],0,[0],[0],[3]],[[{"name":"wh_vfx_c_23","rect":[115,223,112,96],"offset":[0,3],"originalSize":[132,132],"rotated":1,"capInsets":[0,0,0,0]}],[0],0,[0],[0],[2]],[[{"name":"wh_vfx_a_loop_02_00","rect":[741,129,126,148],"offset":[1,0],"originalSize":[190,198],"rotated":1,"capInsets":[0,0,0,0]}],[0],0,[0],[0],[0]],[[{"name":"wh_vfx_c_02_14","rect":[223,1,105,109],"offset":[-1,3],"originalSize":[129,129],"capInsets":[0,0,0,0]}],[0],0,[0],[0],[1]],[[{"name":"fs_vfx_pink_02","rect":[403,1,89,103],"offset":[0,1],"originalSize":[135,141],"rotated":1,"capInsets":[0,0,0,0]}],[0],0,[0],[0],[4]],[[{"name":"wh_vfx_c_02_10","rect":[213,340,99,101],"offset":[0,3],"originalSize":[129,129],"capInsets":[0,0,0,0]}],[0],0,[0],[0],[1]],[[{"name":"wh_vfx_a_loop_02_17","rect":[255,709,124,148],"offset":[0,0],"originalSize":[190,198],"capInsets":[0,0,0,0]}],[0],0,[0],[0],[0]],[[{"name":"fs_vfx_pink_20","rect":[173,357,83,103],"offset":[0,1],"originalSize":[135,141],"rotated":1,"capInsets":[0,0,0,0]}],[0],0,[0],[0],[4]],[[{"name":"wh_vfx_c_06","rect":[421,305,86,84],"offset":[-2,1],"originalSize":[132,132],"capInsets":[0,0,0,0]}],[0],0,[0],[0],[2]],[[{"name":"wh_vfx_c_02_01","rect":[108,449,43,41],"offset":[-1,3],"originalSize":[129,129],"rotated":1,"capInsets":[0,0,0,0]}],[0],0,[0],[0],[1]],[[{"name":"wh_vfx_a_loop_05","rect":[129,127,126,154],"offset":[0,0],"originalSize":[190,198],"rotated":1,"capInsets":[0,0,0,0]}],[0],0,[0],[0],[0]],[[{"name":"fs_vfx_blue_20","rect":[397,379,85,105],"offset":[-1,1],"originalSize":[135,141],"rotated":1,"capInsets":[0,0,0,0]}],[0],0,[0],[0],[3]],[[{"name":"fs_vfx_blue_13","rect":[1,116,89,113],"offset":[0,1],"originalSize":[135,141],"capInsets":[0,0,0,0]}],[0],0,[0],[0],[3]],[[{"name":"wh_vfx_a_loop_02_02","rect":[127,255,126,152],"offset":[1,0],"originalSize":[190,198],"capInsets":[0,0,0,0]}],[0],0,[0],[0],[0]],[[{"name":"wh_vfx_c_24","rect":[453,97,112,38],"offset":[0,32],"originalSize":[132,132],"rotated":1,"capInsets":[0,0,0,0]}],[0],0,[0],[0],[2]],[[{"name":"fs_vfx_blue_17","rect":[290,274,85,105],"offset":[-1,1],"originalSize":[135,141],"rotated":1,"capInsets":[0,0,0,0]}],[0],0,[0],[0],[3]],[[{"name":"wh_vfx_a_loop_15","rect":[633,557,126,144],"offset":[0,0],"originalSize":[190,198],"capInsets":[0,0,0,0]}],[0],0,[0],[0],[0]],[[{"name":"wh_vfx_c_02_08","rect":[411,223,93,93],"offset":[-1,2],"originalSize":[129,129],"capInsets":[0,0,0,0]}],[0],0,[0],[0],[1]],[[{"name":"wh_vfx_c_21","rect":[339,107,112,104],"offset":[0,-2],"originalSize":[132,132],"capInsets":[0,0,0,0]}],[0],0,[0],[0],[2]],[[{"name":"wh_vfx_c_22","rect":[225,111,112,104],"offset":[0,-2],"originalSize":[132,132],"capInsets":[0,0,0,0]}],[0],0,[0],[0],[2]],[[{"name":"fs_vfx_pink_21","rect":[278,357,83,103],"offset":[0,1],"originalSize":[135,141],"rotated":1,"capInsets":[0,0,0,0]}],[0],0,[0],[0],[4]],[[{"name":"wh_vfx_c_00","rect":[113,469,26,32],"offset":[-2,3],"originalSize":[132,132],"rotated":1,"capInsets":[0,0,0,0]}],[0],0,[0],[0],[2]],[[{"name":"wh_vfx_c_12","rect":[115,1,108,108],"offset":[0,3],"originalSize":[132,132],"capInsets":[0,0,0,0]}],[0],0,[0],[0],[2]],[[{"name":"reel_spec","rect":[728,342,636,328],"offset":[0,0],"originalSize":[636,328],"capInsets":[0,0,0,0]}],[0],0,[0],[0],[5]],[[{"name":"wh_vfx_a_loop_22","rect":[767,845,126,144],"offset":[0,0],"originalSize":[190,198],"capInsets":[0,0,0,0]}],[0],0,[0],[0],[0]],[[{"name":"reel_mask_02","rect":[1,742,729,42],"offset":[0,0],"originalSize":[739,42],"capInsets":[0,0,0,0]}],[0],0,[0],[0],[5]],[[{"name":"wh_vfx_a_loop_10","rect":[129,863,126,144],"offset":[0,0],"originalSize":[190,198],"capInsets":[0,0,0,0]}],[0],0,[0],[0],[0]],[[[4,"payselect_pink_fastspin",0.92,25,"2",[{},"comps",11,[{},"cc.Sprite",11,[{},"spriteFrame",12,[[[{"frame":0},"value",6,0],[{"frame":0.04},"value",6,1],[{"frame":0.08},"value",6,2],[{"frame":0.12},"value",6,3],[{"frame":0.16},"value",6,4],[{"frame":0.2},"value",6,5],[{"frame":0.24},"value",6,6],[{"frame":0.28},"value",6,7],[{"frame":0.32},"value",6,8],[{"frame":0.36},"value",6,9],[{"frame":0.4},"value",6,10],[{"frame":0.44},"value",6,11],[{"frame":0.48},"value",6,12],[{"frame":0.52},"value",6,13],[{"frame":0.56},"value",6,14],[{"frame":0.6},"value",6,15],[{"frame":0.64},"value",6,16],[{"frame":0.68},"value",6,17],[{"frame":0.72},"value",6,18],[{"frame":0.76},"value",6,19],[{"frame":0.8},"value",6,20],[{"frame":0.84},"value",6,21],[{"frame":0.88},"value",6,22]],11,11,11,11,11,11,11,11,11,11,11,11,11,11,11,11,11,11,11,11,11,11,11]]]]]],0,0,[0,0,0,0,0,0,0,0,0,0,0,0,0,0,0,0,0,0,0,0,0,0,0],[1,1,1,1,1,1,1,1,1,1,1,1,1,1,1,1,1,1,1,1,1,1,1],[42,43,44,45,46,47,48,49,50,51,52,53,54,55,56,57,58,59,60,61,62,63,64]],[[{"name":"wh_vfx_a_loop_00","rect":[765,1,126,144],"offset":[0,0],"originalSize":[190,198],"rotated":1,"capInsets":[0,0,0,0]}],[0],0,[0],[0],[0]],[[{"name":"wh_vfx_a_loop_18","rect":[637,407,126,144],"offset":[0,0],"originalSize":[190,198],"capInsets":[0,0,0,0]}],[0],0,[0],[0],[0]],[[{"name":"reel_mask_01","rect":[389,672,719,40],"offset":[0,1],"originalSize":[739,42],"capInsets":[0,0,0,0]}],[0],0,[0],[0],[5]],[[{"name":"fs_vfx_blue_15","rect":[183,1,87,113],"offset":[0,1],"originalSize":[135,141],"rotated":1,"capInsets":[0,0,0,0]}],[0],0,[0],[0],[3]],[[{"name":"wh_vfx_c_14","rect":[225,1,108,112],"offset":[-1,3],"originalSize":[132,132],"rotated":1,"capInsets":[0,0,0,0]}],[0],0,[0],[0],[2]],[[{"name":"wh_vfx_a_loop_02_10","rect":[255,407,124,150],"offset":[0,0],"originalSize":[190,198],"capInsets":[0,0,0,0]}],[0],0,[0],[0],[0]],[[{"name":"wh_vfx_c_02_19","rect":[112,1,109,113],"offset":[0,4],"originalSize":[129,129],"capInsets":[0,0,0,0]}],[0],0,[0],[0],[1]],[[{"name":"wh_vfx_c_02_23","rect":[316,227,109,93],"offset":[0,3],"originalSize":[129,129],"rotated":1,"capInsets":[0,0,0,0]}],[0],0,[0],[0],[1]],[[{"name":"wh_vfx_a_loop_02_18","rect":[257,859,124,148],"offset":[0,0],"originalSize":[190,198],"capInsets":[0,0,0,0]}],[0],0,[0],[0],[0]],[[{"name":"wh_vfx_c_02_11","rect":[108,344,103,103],"offset":[0,3],"originalSize":[129,129],"capInsets":[0,0,0,0]}],[0],0,[0],[0],[1]],[[[4,"payselect_blue",0.92,25,"2",[{},"comps",11,[{},"cc.Sprite",11,[{},"spriteFrame",12,[[[{"frame":0},"value",6,0],[{"frame":0.04},"value",6,1],[{"frame":0.08},"value",6,2],[{"frame":0.12},"value",6,3],[{"frame":0.16},"value",6,4],[{"frame":0.2},"value",6,5],[{"frame":0.24},"value",6,6],[{"frame":0.28},"value",6,7],[{"frame":0.32},"value",6,8],[{"frame":0.36},"value",6,9],[{"frame":0.4},"value",6,10],[{"frame":0.44},"value",6,11],[{"frame":0.48},"value",6,12],[{"frame":0.52},"value",6,13],[{"frame":0.56},"value",6,14],[{"frame":0.6},"value",6,15],[{"frame":0.64},"value",6,16],[{"frame":0.68},"value",6,17],[{"frame":0.72},"value",6,18],[{"frame":0.76},"value",6,19],[{"frame":0.8},"value",6,20],[{"frame":0.84},"value",6,21],[{"frame":0.88},"value",6,22]],11,11,11,11,11,11,11,11,11,11,11,11,11,11,11,11,11,11,11,11,11,11,11]]]]]],0,0,[0,0,0,0,0,0,0,0,0,0,0,0,0,0,0,0,0,0,0,0,0,0,0],[1,1,1,1,1,1,1,1,1,1,1,1,1,1,1,1,1,1,1,1,1,1,1],[65,66,67,68,69,70,71,72,73,74,75,76,77,78,79,80,81,82,83,84,85,86,87]],[[{"name":"wh_vfx_a_loop_02_07","rect":[129,1,124,160],"offset":[0,0],"originalSize":[190,198],"rotated":1,"capInsets":[0,0,0,0]}],[0],0,[0],[0],[0]],[[{"name":"fs_vfx_pink_19","rect":[88,344,83,103],"offset":[0,1],"originalSize":[135,141],"capInsets":[0,0,0,0]}],[0],0,[0],[0],[4]],[[{"name":"wh_vfx_c_02_22","rect":[221,116,109,101],"offset":[0,-2],"originalSize":[129,129],"rotated":1,"capInsets":[0,0,0,0]}],[0],0,[0],[0],[1]],[[{"name":"wh_vfx_c_08","rect":[329,391,96,94],"offset":[-1,2],"originalSize":[132,132],"rotated":1,"capInsets":[0,0,0,0]}],[0],0,[0],[0],[2]],[[{"name":"wh_vfx_a_loop_16","rect":[637,703,126,144],"offset":[0,0],"originalSize":[190,198],"capInsets":[0,0,0,0]}],[0],0,[0],[0],[0]],[[{"name":"fs_vfx_blue_12","rect":[1,1,89,113],"offset":[0,1],"originalSize":[135,141],"capInsets":[0,0,0,0]}],[0],0,[0],[0],[3]],[[{"name":"wh_vfx_a_loop_02_08","rect":[1,323,124,160],"offset":[0,0],"originalSize":[190,198],"capInsets":[0,0,0,0]}],[0],0,[0],[0],[0]],[[{"name":"fs_vfx_pink_12","rect":[90,112,87,111],"offset":[1,1],"originalSize":[135,141],"capInsets":[0,0,0,0]}],[0],0,[0],[0],[4]],[[{"name":"fs_vfx_blue_07","rect":[183,272,89,105],"offset":[1,1],"originalSize":[135,141],"rotated":1,"capInsets":[0,0,0,0]}],[0],0,[0],[0],[3]],[[{"name":"wh_vfx_c_04","rect":[329,319,70,68],"offset":[-1,2],"originalSize":[132,132],"rotated":1,"capInsets":[0,0,0,0]}],[0],0,[0],[0],[2]],[[{"name":"reel_shadow_a","rect":[389,1,645,337],"offset":[0,0],"originalSize":[645,337],"rotated":1,"capInsets":[0,0,0,0]}],[0],0,[0],[0],[5]],[[{"name":"wh_vfx_c_01","rect":[453,53,44,42],"offset":[-1,3],"originalSize":[132,132],"capInsets":[0,0,0,0]}],[0],0,[0],[0],[2]],[[[11,"payselect_pacticle_pink",1.625,16,1.5,[{},"comps",11,[{},"cc.Sprite",11,[{},"spriteFrame",12,[[[{"frame":0},"value",6,0],[{"frame":0.0625},"value",6,1],[{"frame":0.125},"value",6,2],[{"frame":0.1875},"value",6,3],[{"frame":0.25},"value",6,4],[{"frame":0.3125},"value",6,5],[{"frame":0.375},"value",6,6],[{"frame":0.4375},"value",6,7],[{"frame":0.5},"value",6,8],[{"frame":0.5625},"value",6,9],[{"frame":0.625},"value",6,10],[{"frame":0.6875},"value",6,11],[{"frame":0.75},"value",6,12],[{"frame":0.8125},"value",6,13],[{"frame":0.875},"value",6,14],[{"frame":0.9375},"value",6,15],[{"frame":1},"value",6,16],[{"frame":1.0625},"value",6,17],[{"frame":1.125},"value",6,18],[{"frame":1.1875},"value",6,19],[{"frame":1.25},"value",6,20],[{"frame":1.3125},"value",6,21],[{"frame":1.375},"value",6,22],[{"frame":1.4375},"value",6,23],[{"frame":1.5},"value",6,24],{"frame":1.5625,"value":null}],11,11,11,11,11,11,11,11,11,11,11,11,11,11,11,11,11,11,11,11,11,11,11,11,11,0]]]]]],0,0,[0,0,0,0,0,0,0,0,0,0,0,0,0,0,0,0,0,0,0,0,0,0,0,0,0],[1,1,1,1,1,1,1,1,1,1,1,1,1,1,1,1,1,1,1,1,1,1,1,1,1],[88,89,90,91,92,93,94,95,96,97,98,99,100,101,102,103,104,105,106,107,108,109,110,111,112]],[[{"name":"wh_vfx_a_loop_02_06","rect":[1,161,124,160],"offset":[0,0],"originalSize":[190,198],"capInsets":[0,0,0,0]}],[0],0,[0],[0],[0]],[[{"name":"fs_vfx_blue_16","rect":[1,344,85,113],"offset":[0,1],"originalSize":[135,141],"capInsets":[0,0,0,0]}],[0],0,[0],[0],[3]],[[{"name":"fs_vfx_blue_14","rect":[92,114,87,113],"offset":[1,1],"originalSize":[135,141],"capInsets":[0,0,0,0]}],[0],0,[0],[0],[3]],[[{"name":"wh_vfx_c_13","rect":[115,111,106,110],"offset":[-1,3],"originalSize":[132,132],"capInsets":[0,0,0,0]}],[0],0,[0],[0],[2]],[[{"name":"wh_vfx_c_02_04","rect":[437,1,69,67],"offset":[-2,2],"originalSize":[129,129],"rotated":1,"capInsets":[0,0,0,0]}],[0],0,[0],[0],[1]],[[{"name":"wh_vfx_a_loop_14","rect":[511,853,126,144],"offset":[0,0],"originalSize":[190,198],"capInsets":[0,0,0,0]}],[0],0,[0],[0],[0]],[[{"name":"fs_vfx_pink_22","rect":[383,359,83,103],"offset":[0,1],"originalSize":[135,141],"rotated":1,"capInsets":[0,0,0,0]}],[0],0,[0],[0],[4]],[[{"name":"fs_vfx_pink_11","rect":[1,231,87,111],"offset":[1,1],"originalSize":[135,141],"capInsets":[0,0,0,0]}],[0],0,[0],[0],[4]],[[[9,"slot_item"],[14,"slot_item",[-9],[[26,-8,-7,-6,-5,-4,-3,-2]],[0,"61PQep3v5IKZxdBneSY6Ul",-1]],[15,"scaleHolder",1,[-10,-11,-12,-13,-14],[0,"3abBDMuatCJbW+j02ts1N6",1],[0,0,0,0,0,0,1,1.2,1.2,1]],[18,"mask",2,[-16],[-15],[0,"f5O3xq7OBNZ6e83YFuwbbc",1],[5,162,166]],[16,"vfx_light",3,[[24,1,0,false,-17,0]],[0,"99e08jbRNAyIDZt62h6QAi",1],[5,75,250],[-100,100,0,0,0,0,1,1,1,1],[1,0,0,-45]],[20,"particle",2,[[-18,[2,1,2,false,-19]],1,4],[0,"3bHuIJFiRLDLfJhdlea4jr",1],[0,0,0,0,0,0,1,2,2,1]],[17,"ring",false,2,[[2,1,2,false,-20]],[0,"f12lloD5xGYYlOgoM6sbfg",1],[0,0,0,0,0,0,1,1.43,1.43,1]],[19,"content",2,[-21],[0,"ff0tF81VNHdZxD9u2DJwV0",1]],[25,2,false,7],[27,2,0.5,3],[6,"attachment_holder",2,[0,"bdkuGWNIVGaZyibEuLigJ/",1]],[3,5,[1,2]]],0,[0,4,1,0,12,11,0,13,4,0,14,9,0,15,8,0,16,10,0,17,2,0,2,1,0,-1,2,0,-1,6,0,-2,7,0,-3,3,0,-4,10,0,-5,5,0,-1,9,0,-1,4,0,2,4,0,-1,11,0,2,5,0,2,6,0,-1,8,0,5,1,21],[0,0,0,11],[3,-1,-2,18],[113,10,114,10]],[[{"name":"wh_vfx_c_02_07","rect":[413,318,89,89],"offset":[-1,2],"originalSize":[129,129],"capInsets":[0,0,0,0]}],[0],0,[0],[0],[1]],[[{"name":"fs_vfx_pink_13","rect":[1,1,87,113],"offset":[1,1],"originalSize":[135,141],"capInsets":[0,0,0,0]}],[0],0,[0],[0],[4]],[[{"name":"wh_vfx_c_02_17","rect":[1,1,109,113],"offset":[-1,4],"originalSize":[129,129],"capInsets":[0,0,0,0]}],[0],0,[0],[0],[1]],[[{"name":"wh_vfx_c_02_03","rect":[437,72,63,57],"offset":[-1,2],"originalSize":[129,129],"capInsets":[0,0,0,0]}],[0],0,[0],[0],[1]],[[{"name":"wh_vfx_c_02_15","rect":[1,231,107,111],"offset":[-1,4],"originalSize":[129,129],"capInsets":[0,0,0,0]}],[0],0,[0],[0],[1]],[[{"name":"fs_vfx_blue_21","rect":[88,344,85,105],"offset":[-1,1],"originalSize":[135,141],"capInsets":[0,0,0,0]}],[0],0,[0],[0],[3]],[[{"name":"wh_vfx_a_loop_02_05","rect":[1,1,126,158],"offset":[0,0],"originalSize":[190,198],"capInsets":[0,0,0,0]}],[0],0,[0],[0],[0]],[[{"name":"wh_vfx_a_loop_02_01","rect":[255,257,126,148],"offset":[1,0],"originalSize":[190,198],"capInsets":[0,0,0,0]}],[0],0,[0],[0],[0]],[[{"name":"wh_vfx_c_17","rect":[1,1,112,116],"offset":[-1,4],"originalSize":[132,132],"capInsets":[0,0,0,0]}],[0],0,[0],[0],[2]],[[{"name":"wh_vfx_c_02_02","rect":[213,443,55,49],"offset":[-1,1],"originalSize":[129,129],"capInsets":[0,0,0,0]}],[0],0,[0],[0],[1]],[[{"name":"fs_vfx_pink_10","rect":[90,1,89,109],"offset":[0,1],"originalSize":[135,141],"capInsets":[0,0,0,0]}],[0],0,[0],[0],[4]],[[{"name":"wh_vfx_c_02_09","rect":[314,340,97,97],"offset":[-1,2],"originalSize":[129,129],"capInsets":[0,0,0,0]}],[0],0,[0],[0],[1]],[[{"name":"wh_vfx_a_loop_13","rect":[383,853,126,144],"offset":[0,0],"originalSize":[190,198],"capInsets":[0,0,0,0]}],[0],0,[0],[0],[0]],[[{"name":"wh_vfx_c_02_05","rect":[413,409,77,75],"offset":[-2,1],"originalSize":[129,129],"capInsets":[0,0,0,0]}],[0],0,[0],[0],[1]],[[{"name":"fs_vfx_pink_14","rect":[1,116,87,113],"offset":[0,1],"originalSize":[135,141],"capInsets":[0,0,0,0]}],[0],0,[0],[0],[4]],[[{"name":"fs_vfx_blue_11","rect":[1,231,89,111],"offset":[1,1],"originalSize":[135,141],"capInsets":[0,0,0,0]}],[0],0,[0],[0],[3]],[[{"name":"fs_vfx_pink_07","rect":[181,266,89,103],"offset":[1,1],"originalSize":[135,141],"rotated":1,"capInsets":[0,0,0,0]}],[0],0,[0],[0],[4]],[[{"name":"wh_vfx_a_loop_02_12","rect":[129,563,124,148],"offset":[0,0],"originalSize":[190,198],"capInsets":[0,0,0,0]}],[0],0,[0],[0],[0]],[[{"name":"wh_vfx_c_05","rect":[425,391,78,76],"offset":[-2,1],"originalSize":[132,132],"capInsets":[0,0,0,0]}],[0],0,[0],[0],[2]],[[{"name":"wh_vfx_a_loop_20","rect":[761,553,126,144],"offset":[0,0],"originalSize":[190,198],"capInsets":[0,0,0,0]}],[0],0,[0],[0],[0]],[[{"name":"fs_vfx_blue_03","rect":[290,183,89,105],"offset":[1,1],"originalSize":[135,141],"rotated":1,"capInsets":[0,0,0,0]}],[0],0,[0],[0],[3]],[[{"name":"wh_vfx_a_loop_02_11","rect":[767,257,124,148],"offset":[0,0],"originalSize":[190,198],"capInsets":[0,0,0,0]}],[0],0,[0],[0],[0]],[[{"name":"wh_vfx_c_15","rect":[113,355,110,112],"offset":[-1,3],"originalSize":[132,132],"capInsets":[0,0,0,0]}],[0],0,[0],[0],[2]],[[{"name":"wh_vfx_a_loop_03","rect":[439,129,126,150],"offset":[0,0],"originalSize":[190,198],"rotated":1,"capInsets":[0,0,0,0]}],[0],0,[0],[0],[0]],[[{"name":"wh_vfx_c_16","rect":[1,355,110,114],"offset":[-1,4],"originalSize":[132,132],"capInsets":[0,0,0,0]}],[0],0,[0],[0],[2]],[[{"name":"fs_vfx_blue_06","rect":[397,199,91,105],"offset":[1,1],"originalSize":[135,141],"rotated":1,"capInsets":[0,0,0,0]}],[0],0,[0],[0],[3]],[[{"name":"wh_vfx_c_02_06","rect":[419,131,83,81],"offset":[-1,1],"originalSize":[129,129],"rotated":1,"capInsets":[0,0,0,0]}],[0],0,[0],[0],[1]],[[{"name":"fs_vfx_pink_17","rect":[286,272,83,103],"offset":[0,1],"originalSize":[135,141],"rotated":1,"capInsets":[0,0,0,0]}],[0],0,[0],[0],[4]],[[{"name":"wh_vfx_c_02_18","rect":[1,116,109,113],"offset":[-1,4],"originalSize":[129,129],"capInsets":[0,0,0,0]}],[0],0,[0],[0],[1]],[[{"name":"fs_vfx_blue_19","rect":[290,361,85,105],"offset":[-1,1],"originalSize":[135,141],"rotated":1,"capInsets":[0,0,0,0]}],[0],0,[0],[0],[3]],[[{"name":"wh_vfx_c_09","rect":[321,217,100,98],"offset":[-1,2],"originalSize":[132,132],"rotated":1,"capInsets":[0,0,0,0]}],[0],0,[0],[0],[2]],[[{"name":"fs_vfx_pink_04","rect":[181,175,89,103],"offset":[1,1],"originalSize":[135,141],"rotated":1,"capInsets":[0,0,0,0]}],[0],0,[0],[0],[4]],[[{"name":"wh_vfx_c_18","rect":[1,119,112,116],"offset":[-1,4],"originalSize":[132,132],"capInsets":[0,0,0,0]}],[0],0,[0],[0],[2]],[[{"name":"fs_vfx_blue_04","rect":[407,1,91,105],"offset":[1,1],"originalSize":[135,141],"capInsets":[0,0,0,0]}],[0],0,[0],[0],[3]],[[{"name":"fs_vfx_pink_01","rect":[286,92,87,103],"offset":[0,1],"originalSize":[135,141],"rotated":1,"capInsets":[0,0,0,0]}],[0],0,[0],[0],[4]],[[{"name":"fs_vfx_pink_03","rect":[391,92,89,103],"offset":[1,1],"originalSize":[135,141],"rotated":1,"capInsets":[0,0,0,0]}],[0],0,[0],[0],[4]],[[{"name":"wh_vfx_c_02_16","rect":[112,116,107,111],"offset":[0,3],"originalSize":[129,129],"capInsets":[0,0,0,0]}],[0],0,[0],[0],[1]],[[{"name":"wh_vfx_c_02_12","rect":[330,1,105,105],"offset":[1,3],"originalSize":[129,129],"capInsets":[0,0,0,0]}],[0],0,[0],[0],[1]],[[{"name":"fs_vfx_blue_01","rect":[290,92,89,105],"offset":[0,1],"originalSize":[135,141],"rotated":1,"capInsets":[0,0,0,0]}],[0],0,[0],[0],[3]],[[{"name":"wh_vfx_c_19","rect":[1,237,112,116],"offset":[0,4],"originalSize":[132,132],"capInsets":[0,0,0,0]}],[0],0,[0],[0],[2]],[[{"name":"fs_vfx_pink_06","rect":[391,183,89,103],"offset":[1,1],"originalSize":[135,141],"rotated":1,"capInsets":[0,0,0,0]}],[0],0,[0],[0],[4]],[[{"name":"wh_vfx_a_loop_02_22","rect":[509,407,126,148],"offset":[1,0],"originalSize":[190,198],"capInsets":[0,0,0,0]}],[0],0,[0],[0],[0]],[[{"name":"fs_vfx_blue_05","rect":[183,179,91,105],"offset":[1,1],"originalSize":[135,141],"rotated":1,"capInsets":[0,0,0,0]}],[0],0,[0],[0],[3]],[[{"name":"wh_vfx_a_loop_17","rect":[639,849,126,144],"offset":[0,0],"originalSize":[190,198],"capInsets":[0,0,0,0]}],[0],0,[0],[0],[0]],[[{"name":"wh_vfx_a_loop_04","rect":[127,409,126,152],"offset":[0,0],"originalSize":[190,198],"capInsets":[0,0,0,0]}],[0],0,[0],[0],[0]],[[{"name":"wh_vfx_a_loop_06","rect":[449,1,126,156],"offset":[0,0],"originalSize":[190,198],"rotated":1,"capInsets":[0,0,0,0]}],[0],0,[0],[0],[0]],[[{"name":"wh_vfx_a_loop_11","rect":[381,707,126,144],"offset":[0,0],"originalSize":[190,198],"capInsets":[0,0,0,0]}],[0],0,[0],[0],[0]],[[{"name":"wh_vfx_a_loop_02_15","rect":[129,713,124,148],"offset":[0,0],"originalSize":[190,198],"capInsets":[0,0,0,0]}],[0],0,[0],[0],[0]],[[{"name":"wh_vfx_c_02_00","rect":[270,443,25,31],"offset":[-2,2],"originalSize":[129,129],"capInsets":[0,0,0,0]}],[0],0,[0],[0],[1]],[[{"name":"wh_vfx_a_loop_02_20","rect":[381,407,126,148],"offset":[1,0],"originalSize":[190,198],"capInsets":[0,0,0,0]}],[0],0,[0],[0],[0]],[[{"name":"wh_vfx_a_loop_12","rect":[509,707,126,144],"offset":[0,0],"originalSize":[190,198],"capInsets":[0,0,0,0]}],[0],0,[0],[0],[0]],[[{"name":"wh_vfx_a_loop_02","rect":[591,129,126,148],"offset":[0,0],"originalSize":[190,198],"rotated":1,"capInsets":[0,0,0,0]}],[0],0,[0],[0],[0]],[[{"name":"wh_vfx_a_loop_02_21","rect":[511,257,126,148],"offset":[1,0],"originalSize":[190,198],"capInsets":[0,0,0,0]}],[0],0,[0],[0],[0]],[[{"name":"fs_vfx_blue_02","rect":[397,108,89,105],"offset":[1,1],"originalSize":[135,141],"rotated":1,"capInsets":[0,0,0,0]}],[0],0,[0],[0],[3]],[[{"name":"wh_vfx_a_loop_21","rect":[765,699,126,144],"offset":[0,0],"originalSize":[190,198],"capInsets":[0,0,0,0]}],[0],0,[0],[0],[0]],[[[4,"payselect_blue_fastspin",0.92,25,"2",[{},"comps",11,[{},"cc.Sprite",11,[{},"spriteFrame",12,[[[{"frame":0},"value",6,0],[{"frame":0.04},"value",6,1],[{"frame":0.08},"value",6,2],[{"frame":0.12},"value",6,3],[{"frame":0.16},"value",6,4],[{"frame":0.2},"value",6,5],[{"frame":0.24},"value",6,6],[{"frame":0.28},"value",6,7],[{"frame":0.32},"value",6,8],[{"frame":0.36},"value",6,9],[{"frame":0.4},"value",6,10],[{"frame":0.44},"value",6,11],[{"frame":0.48},"value",6,12],[{"frame":0.52},"value",6,13],[{"frame":0.56},"value",6,14],[{"frame":0.6},"value",6,15],[{"frame":0.64},"value",6,16],[{"frame":0.68},"value",6,17],[{"frame":0.72},"value",6,18],[{"frame":0.76},"value",6,19],[{"frame":0.8},"value",6,20],[{"frame":0.84},"value",6,21],[{"frame":0.88},"value",6,22]],11,11,11,11,11,11,11,11,11,11,11,11,11,11,11,11,11,11,11,11,11,11,11]]]]]],0,0,[0,0,0,0,0,0,0,0,0,0,0,0,0,0,0,0,0,0,0,0,0,0,0],[1,1,1,1,1,1,1,1,1,1,1,1,1,1,1,1,1,1,1,1,1,1,1],[115,116,117,118,119,120,121,122,123,124,125,126,127,128,129,130,131,132,133,134,135,136,137]],[[{"name":"wh_vfx_c_07","rect":[421,213,90,90],"offset":[-1,2],"originalSize":[132,132],"capInsets":[0,0,0,0]}],[0],0,[0],[0],[2]],[[{"name":"fs_vfx_blue_10","rect":[92,1,89,111],"offset":[1,1],"originalSize":[135,141],"capInsets":[0,0,0,0]}],[0],0,[0],[0],[3]],[[{"name":"wh_vfx_a_loop_02_09","rect":[1,485,124,156],"offset":[0,0],"originalSize":[190,198],"capInsets":[0,0,0,0]}],[0],0,[0],[0],[0]],[[{"name":"wh_vfx_a_loop_08","rect":[1,643,126,156],"offset":[0,0],"originalSize":[190,198],"capInsets":[0,0,0,0]}],[0],0,[0],[0],[0]],[[{"name":"wh_vfx_a_loop_02_13","rect":[255,559,124,148],"offset":[0,0],"originalSize":[190,198],"capInsets":[0,0,0,0]}],[0],0,[0],[0],[0]],[[{"name":"wh_vfx_a_loop_09","rect":[285,129,126,152],"offset":[0,0],"originalSize":[190,198],"rotated":1,"capInsets":[0,0,0,0]}],[0],0,[0],[0],[0]],[[{"name":"fs_vfx_pink_18","rect":[391,274,83,103],"offset":[0,1],"originalSize":[135,141],"rotated":1,"capInsets":[0,0,0,0]}],[0],0,[0],[0],[4]],[[{"name":"wh_vfx_c_03","rect":[225,435,64,60],"offset":[-1,3],"originalSize":[132,132],"capInsets":[0,0,0,0]}],[0],0,[0],[0],[2]],[[{"name":"wh_vfx_a_loop_01","rect":[639,257,126,146],"offset":[0,0],"originalSize":[190,198],"capInsets":[0,0,0,0]}],[0],0,[0],[0],[0]],[[[4,"payselect_pink",0.92,25,"2",[{},"comps",11,[{},"cc.Sprite",11,[{},"spriteFrame",12,[[[{"frame":0},"value",6,0],[{"frame":0.04},"value",6,1],[{"frame":0.08},"value",6,2],[{"frame":0.12},"value",6,3],[{"frame":0.16},"value",6,4],[{"frame":0.2},"value",6,5],[{"frame":0.24},"value",6,6],[{"frame":0.28},"value",6,7],[{"frame":0.32},"value",6,8],[{"frame":0.36},"value",6,9],[{"frame":0.4},"value",6,10],[{"frame":0.44},"value",6,11],[{"frame":0.48},"value",6,12],[{"frame":0.52},"value",6,13],[{"frame":0.56},"value",6,14],[{"frame":0.6},"value",6,15],[{"frame":0.64},"value",6,16],[{"frame":0.68},"value",6,17],[{"frame":0.72},"value",6,18],[{"frame":0.76},"value",6,19],[{"frame":0.8},"value",6,20],[{"frame":0.84},"value",6,21],[{"frame":0.88},"value",6,22]],11,11,11,11,11,11,11,11,11,11,11,11,11,11,11,11,11,11,11,11,11,11,11]]]]]],0,0,[0,0,0,0,0,0,0,0,0,0,0,0,0,0,0,0,0,0,0,0,0,0,0],[1,1,1,1,1,1,1,1,1,1,1,1,1,1,1,1,1,1,1,1,1,1,1],[138,139,140,141,142,143,144,145,146,147,148,149,150,151,152,153,154,155,156,157,158,159,160]]]]