[1,["a9G19VzgFDGrX4P5x+fwx/","51k7GcuKBBC4QCa+acbn4p","1dJmnKHIZKjolhU0+6l5f7","8ehfZb2HtFMJpuZYbJxqVm","31TDLUyLtCSIEKrq0o1Qx3","0dS2RxcttHorq6SpW4H5ZM","13KZy2eshMPrxRVEihH7QQ","14P9ZdlL1HEoqPQcSNMSeP","e4m1puXENJw5rgX6d1qdng","e6E5KnHIRFo5LqCsPHcS4u","faZR8reM5EoqMMhlfXITto","ffPBPPzrJCWL9TujC3V+UT","67rplR4HBO5o6KM53/Vto5","80A3TFsz5FSouq4Nny07CU","14mJJkzTJOkqdfYYv5bgtU","8daIQMTXNL5pRqjyKQ64YI","2cwsd41axAdpKrUJ2ot/ZK","69OG49YyFHm4+CRS3ZaA7f","e5H5/bw1pIdYrozO99kXEZ","9060Lb64NKnaBboZsK5N8P","3aiya4+S5DPKGlMftwUj/F","22rqhpD21IZKQGq3Iv20F9","92JAABjNZHEZF2Ttv+8J5/","ccUGBXV/dAR6XG85UxrX77","c8DfwjphxIfqqwngr9XSIR","360J1PPxFPR7A4l3tzUj0q","87j7pzCepF95Plel9UcQY6","30hvqqc4dJ4ozXkczgbkMr"],["value","_textureSetter","node","root","data","_spriteFrame","fastSpinGlowNode","backFastSpinItemPrefab","frontFastSpinItemPrefab","lightEffectHolder","_defaultClip"],["cc.SpriteFrame",["cc.Node",["_name","_prefab","_components","_parent","_children","_trs","_contentSize"],2,4,9,1,2,7,5],["cc.Sprite",["_dstBlendFactor","_sizeMode","node","_spriteFrame"],1,1,6],["cc.Prefab",["_name"],2],["1b32aClc7dKnbBRtIi8D6WQ",["node","fastSpinGlowNode","frameSpriteFrameList"],3,1,1,3],["cc.PrefabInfo",["fileId","root"],2,1],["430ddYgUTBEFruKjX3sEtoN",["node","backFastSpinItemPrefab","frontFastSpinItemPrefab"],3,1,6,6],["196c71v315EJaQHusK1YuWN",["node","lightEffectHolder"],3,1,1],["cc.Animation",["node","_clips","_defaultClip"],3,1,3,6],["cc.AnimationClip",["_name","_duration","sample","wrapMode","curveData"],-1,11]],[[5,0,1,2],[3,0,2],[2,0,1,2,3,3],[1,0,4,2,1,5,2],[1,0,3,2,1,6,2],[1,0,3,2,1,6,5,2],[1,0,2,1,2],[1,0,3,4,1,2],[4,0,1,2,1],[2,0,1,2,3],[6,0,1,2,1],[7,0,1,1],[8,0,1,2,1],[9,0,1,2,3,4,5]],[[[{"name":"fs_vfx_d_01","rect":[250,133,46,235],"offset":[-5,1],"originalSize":[56,247],"rotated":1,"capInsets":[0,0,0,0]}],[0],0,[0],[1],[0]],[[{"name":"fs_vfx_d_02","rect":[1,87,44,245],"offset":[-6,0],"originalSize":[56,247],"rotated":1,"capInsets":[0,0,0,0]}],[0],0,[0],[1],[0]],[[{"name":"fs_vfx_d_03","rect":[1,181,46,225],"offset":[-5,1],"originalSize":[56,247],"rotated":1,"capInsets":[0,0,0,0]}],[0],0,[0],[1],[0]],[[{"name":"fs_vfx_d_10","rect":[244,1,40,221],"offset":[-8,0],"originalSize":[56,247],"rotated":1,"capInsets":[0,0,0,0]}],[0],0,[0],[1],[0]],[[{"name":"fs_vfx_e","rect":[1,193,100,315],"offset":[0,0],"originalSize":[100,315],"capInsets":[0,0,0,0]}],[0],0,[0],[1],[1]],[[{"name":"fs_vfx_d_17","rect":[1,277,46,243],"offset":[-5,-1],"originalSize":[56,247],"rotated":1,"capInsets":[0,0,0,0]}],[0],0,[0],[1],[0]],[[{"name":"fs_vfx_d_12","rect":[1,229,46,247],"offset":[-5,0],"originalSize":[56,247],"rotated":1,"capInsets":[0,0,0,0]}],[0],0,[0],[1],[0]],[[{"name":"fx_vfx_glow","rect":[1,1,125,190],"offset":[0,0],"originalSize":[125,190],"capInsets":[0,0,0,0]}],[0],0,[0],[1],[1]],[[{"name":"fs_vfx_d_00","rect":[1,133,46,247],"offset":[-5,0],"originalSize":[56,247],"rotated":1,"capInsets":[0,0,0,0]}],[0],0,[0],[1],[0]],[[[1,"fast_spin_frame_item"],[3,"fast_spin_frame_item",[-4],[[8,-3,-2,[0,1]]],[0,"820vP/OKpEUaaAOVgdpNoR",-1],[0,0,0,0,0,0,1,0.95,0.95,1]],[4,"fast_spin_glow_flicker",1,[[9,1,0,-5]],[0,"0dCJ+CarxFTZToR8dBDTcU",1],[5,328.44,519.792]]],0,[0,3,1,0,6,2,0,2,1,0,-1,2,0,2,2,0,4,1,5],[0,0],[-1,-2],[23,24]],[[{"name":"fs_vfx_d_16","rect":[244,329,50,233],"offset":[-3,-1],"originalSize":[56,247],"rotated":1,"capInsets":[0,0,0,0]}],[0],0,[0],[1],[0]],[[[1,"fast_spin_effect_controller"],[6,"fast_spin_effect_controller",[[10,-2,0,1]],[0,"10XGetoyZByLCu3TCKL1z7",-1]]],0,[0,3,1,0,2,1,0,4,1,2],[0,0],[7,8],[25,26]],[[{"name":"fs_vfx_d_08","rect":[228,181,46,239],"offset":[-5,1],"originalSize":[56,247],"rotated":1,"capInsets":[0,0,0,0]}],[0],0,[0],[1],[0]],[[{"name":"fs_vfx_d_13","rect":[1,325,48,241],"offset":[-4,-3],"originalSize":[56,247],"rotated":1,"capInsets":[0,0,0,0]}],[0],0,[0],[1],[0]],[[{"name":"fs_vfx_d_09","rect":[238,381,48,247],"offset":[-4,0],"originalSize":[56,247],"rotated":1,"capInsets":[0,0,0,0]}],[0],0,[0],[1],[0]],[[[1,"fast_spin_firework_item"],[3,"fast_spin_firework_item",[-5,-6],[[11,-3,-2],[12,-4,[4],3]],[0,"9elYqGFCNOAaGSYUjmDK3s",-1],[0,0,0,0,0,0,1,0.95,0.95,1]],[7,"light_effect_holder",1,[-7,-8],[0,"0aCWAh5HtDPZAanCl/lWtS",1]],[4,"fx_vfx_glow",1,[[2,1,0,-9,0]],[0,"2753kjXqtJerYVB9k2A5ZY",1],[5,306.25,494]],[5,"left_light_effect",2,[[2,1,0,-10,1]],[0,"89Z4NazqZGzYt4yhbBv51v",1],[5,250,787],[-131,0,0,0,0,0,1,-1,1,1]],[5,"right_light_effect",2,[[2,1,0,-11,2]],[0,"f3juY31ElDvKzCd3d5wQ9V",1],[5,250,787],[145,0,0,0,0,0,1,1,1,1]]],0,[0,3,1,0,9,2,0,2,1,0,2,1,0,-1,3,0,-2,2,0,-1,4,0,-2,5,0,2,3,0,2,4,0,2,5,0,4,1,11],[0,0,0,0,0],[5,5,5,10,-1],[27,2,2,3,3]],[[{"name":"fs_vfx_d_11","rect":[238,43,42,229],"offset":[-7,0],"originalSize":[56,247],"rotated":1,"capInsets":[0,0,0,0]}],[0],0,[0],[1],[0]],[[[13,"firework_effect",0.72,25,"2",[{},"paths",11,[{"right_light_effect":{"props":{"opacity":[{"frame":0,"value":0},{"frame":0.08,"value":255},{"frame":0.16,"value":0},{"frame":0.24,"value":255},{"frame":0.32,"value":0},{"frame":0.4,"value":255},{"frame":0.48,"value":0},{"frame":0.56,"value":255},{"frame":0.64,"value":0},{"frame":0.68,"value":127.5}]}},"left_light_effect":{"props":{"opacity":[{"frame":0,"value":0},{"frame":0.08,"value":255},{"frame":0.16,"value":0},{"frame":0.24,"value":255},{"frame":0.32,"value":0},{"frame":0.4,"value":255},{"frame":0.48,"value":0},{"frame":0.56,"value":255},{"frame":0.64,"value":0},{"frame":0.68,"value":127.5}]}}},"left_firework_animation",11,[{"props":{}},"comps",11,[{},"cc.Sprite",11,[{},"spriteFrame",12,[[[{"frame":0},"value",6,0],[{"frame":0.04},"value",6,1],[{"frame":0.08},"value",6,2],[{"frame":0.12},"value",6,3],[{"frame":0.16},"value",6,4],[{"frame":0.2},"value",6,5],[{"frame":0.24},"value",6,6],[{"frame":0.28},"value",6,7],[{"frame":0.32},"value",6,8],[{"frame":0.36},"value",6,9],[{"frame":0.4},"value",6,10],[{"frame":0.44},"value",6,11],[{"frame":0.48},"value",6,12],[{"frame":0.52},"value",6,13],[{"frame":0.56},"value",6,14],[{"frame":0.6},"value",6,15],[{"frame":0.64},"value",6,16],[{"frame":0.68},"value",6,17]],11,11,11,11,11,11,11,11,11,11,11,11,11,11,11,11,11,11]]]],"right_firework_animation",11,[{"props":{}},"comps",11,[{},"cc.Sprite",11,[{},"spriteFrame",12,[[[{"frame":0},"value",6,18],[{"frame":0.04},"value",6,19],[{"frame":0.08},"value",6,20],[{"frame":0.12},"value",6,21],[{"frame":0.16},"value",6,22],[{"frame":0.2},"value",6,23],[{"frame":0.24},"value",6,24],[{"frame":0.28},"value",6,25],[{"frame":0.32},"value",6,26],[{"frame":0.36},"value",6,27],[{"frame":0.4},"value",6,28],[{"frame":0.44},"value",6,29],[{"frame":0.48},"value",6,30],[{"frame":0.52},"value",6,31],[{"frame":0.56},"value",6,32],[{"frame":0.6},"value",6,33],[{"frame":0.64},"value",6,34],[{"frame":0.68},"value",6,35]],11,11,11,11,11,11,11,11,11,11,11,11,11,11,11,11,11,11]]]]]]]],0,0,[0,0,0,0,0,0,0,0,0,0,0,0,0,0,0,0,0,0,0,0,0,0,0,0,0,0,0,0,0,0,0,0,0,0,0,0],[0,0,0,0,0,0,0,0,0,0,0,0,0,0,0,0,0,0,0,0,0,0,0,0,0,0,0,0,0,0,0,0,0,0,0,0],[4,5,6,7,8,9,10,11,12,13,14,15,16,17,18,19,20,21,4,5,6,7,8,9,10,11,12,13,14,15,16,17,18,19,20,21]],[[{"name":"fs_vfx_d_15","rect":[248,87,44,225],"offset":[-6,0],"originalSize":[56,247],"rotated":1,"capInsets":[0,0,0,0]}],[0],0,[0],[1],[0]],[[{"name":"fs_vfx_f_02","rect":[135,1,132,204],"offset":[0,0],"originalSize":[132,204],"capInsets":[0,0,0,0]}],[0],0,[0],[1],[22]],[[{"name":"fs_vfx_f_01","rect":[1,1,132,204],"offset":[0,0],"originalSize":[132,204],"capInsets":[0,0,0,0]}],[0],0,[0],[1],[22]],[[{"name":"fs_vfx_d_04","rect":[1,375,52,235],"offset":[-2,1],"originalSize":[56,247],"rotated":1,"capInsets":[0,0,0,0]}],[0],0,[0],[1],[0]],[[{"name":"fs_vfx_d_14","rect":[250,229,46,219],"offset":[-5,-1],"originalSize":[56,247],"rotated":1,"capInsets":[0,0,0,0]}],[0],0,[0],[1],[0]],[[{"name":"fs_vfx_d_05","rect":[246,277,50,235],"offset":[-3,-1],"originalSize":[56,247],"rotated":1,"capInsets":[0,0,0,0]}],[0],0,[0],[1],[0]],[[{"name":"fs_vfx_d_06","rect":[1,43,42,235],"offset":[-7,-5],"originalSize":[56,247],"rotated":1,"capInsets":[0,0,0,0]}],[0],0,[0],[1],[0]],[[{"name":"fs_vfx_d_07","rect":[1,1,40,241],"offset":[-8,-3],"originalSize":[56,247],"rotated":1,"capInsets":[0,0,0,0]}],[0],0,[0],[1],[0]]]]