[1,["68PoKM9SNLHrpuEzPJuXQT","bdbHP7IndM8pZnZJMCA1Eh"],["node","_spriteFrame","_textureSetter","root","bottomTextNode","topTextNode","data"],[["cc.Node",["_name","_opacity","_components","_prefab","_parent","_contentSize","_trs","_children","_color"],1,9,4,1,5,7,2,5],["cc.Sprite",["_sizeMode","_isTrimmedMode","node","_spriteFrame"],1,1,6],"cc.SpriteFrame",["cc.Prefab",["_name"],2],["19c36N1WQFBMbCrCOie3EVK",["node","tintNode","topTextNode","bottomTextNode"],3,1,2,1,1],["cc.PrefabInfo",["fileId","root"],2,1]],[[5,0,1,2],[0,0,1,4,2,3,8,5,6,3],[0,0,4,2,3,5,6,2],[1,0,1,2,3,3],[1,0,1,2,3],[3,0,2],[0,0,7,2,3,2],[4,0,1,2,3,1]],[[[{"name":"reel_shadow_d","rect":[732,1,630,339],"offset":[0,0],"originalSize":[630,339],"capInsets":[0,0,0,0]}],[2],0,[0],[2],[1]],[[[5,"slot_tint_controller"],[6,"slot_tint_controller",[-7,-8,-9,-10],[[7,-6,[-4,-5],-3,-2]],[0,"c0KNSsOy5G/6qiXeNIMqX7",-1]],[1,"tint_top",180,1,[[3,0,false,-11,0]],[0,"4asuiYYqtINbYbF8Yuw8WS",1],[4,4278190080],[5,900,485],[0,300,0,0,0,0,1,1,1,1]],[1,"tint_bottom",180,1,[[3,0,false,-12,1]],[0,"6d1nEoj2tCpo/l/YneUgus",1],[4,4278190080],[5,900,485],[0,-300,0,0,0,0,1,1,1,1]],[2,"top_text",1,[[4,2,false,-13]],[0,"7esMoV1dZKDaWW/5zAYXhI",1],[5,400,106],[0,320,0,0,0,0,1,1.428,1.428,1]],[2,"bottom_text",1,[[4,2,false,-14]],[0,"a8oIKglCZKz58kXhSorkyT",1],[5,400,106],[0,-280,0,0,0,0,1,1.428,1.428,1]]],0,[0,3,1,0,4,5,0,5,4,0,-1,2,0,-2,3,0,0,1,0,-1,2,0,-2,3,0,-3,4,0,-4,5,0,0,2,0,0,3,0,0,4,0,0,5,0,6,1,14],[0,0],[1,1],[0,0]]]]