[1,["873OkQSWVMYI2sOjIYfPfk","9cX6Xc1bBGcJc4Y2BRJiUc","6cz6ensz5Lq6hbppqiZCGM","1cXJH0D6NP1J+m8vO2jyKz","f7zeyaYR1N55Ws3CDFJ8+E","87mDuhcxtJTYlc9ZBrQCLs"],["_textureSetter","ic_hist","ic_win","txt_auto","txt_turbo_off","txt_turbo_on"],["cc.SpriteFrame",["cc.SpriteAtlas",["_name","_spriteFrames"],2,11]],[[1,0,1,2]],[[[[0,"setting_menu_locale.plist",[{},"ic_hist",6,0,"ic_win",6,1,"txt_auto",6,2,"txt_turbo_off",6,3,"txt_turbo_on",6,4]]],0,0,[0,0,0,0,0],[1,2,3,4,5],[1,2,3,4,5]],[[{"name":"txt_auto","rect":[111,1,90,90],"offset":[0,0],"originalSize":[90,90],"capInsets":[0,0,0,0]}],[0],0,[0],[0],[0]],[[{"name":"ic_win","rect":[387,1,60,60],"offset":[0,0],"originalSize":[60,60],"capInsets":[0,0,0,0]}],[0],0,[0],[0],[0]],[[{"name":"txt_turbo_on","rect":[295,1,90,90],"offset":[0,0],"originalSize":[90,90],"capInsets":[0,0,0,0]}],[0],0,[0],[0],[0]],[[{"name":"ic_hist","rect":[1,1,108,108],"offset":[0,0],"originalSize":[108,108],"capInsets":[0,0,0,0]}],[0],0,[0],[0],[0]],[[{"name":"txt_turbo_off","rect":[203,1,90,90],"offset":[0,0],"originalSize":[90,90],"capInsets":[0,0,0,0]}],[0],0,[0],[0],[0]]]]