[1,["45gI6A0iZHvL9U2JNXIt+h","69213WP+lLVpDujEdlwVFy","58GYKkpb5Gh4dYPU/JzyHp","bdFYThV8RH06zjY3Mh0y8r","8aE0P3dK1CQKhkmNwjqlOP","acgQpGATtO6I47tbvxxG9w","83H9Fv9cpEBogkUcnAMmKQ","9daDMIZtRDqpQSNoba+IfR"],["node","_spriteFrame","_textureSetter","root","data","warningTextSprite","dragonBetButtonController","tigerBetButtonController","warningTextPrefab"],[["cc.Node",["_name","_active","_opacity","_components","_prefab","_contentSize","_parent","_children","_trs","_eulerAngles","_anchorPoint"],0,9,4,5,1,2,7,5,5],"cc.SpriteFrame",["cc.Sprite",["_sizeMode","_isTrimmedMode","_dstBlendFactor","node","_spriteFrame"],0,1,6],["cc.Node",["_name","_parent","_components","_prefab","_contentSize","_trs","_children","_anchorPoint"],2,1,2,4,5,7,2,5],["cc.Prefab",["_name"],2],["04abfy4ZcRIeahQEcZxqNyb",["node","warningTextSprite"],3,1,1],["cc.PrefabInfo",["fileId","root"],2,1],["cc.Label",["_enabled","_string","_fontSize","_lineHeight","_N$horizontalAlign","_N$verticalAlign","node"],-3,1],["b93ddmmUt5G2YiZRzAD6Dn1",["node","tigerBetButtonController","dragonBetButtonController","warningTextPrefab"],3,1,1,1,6],["cc.Button",["node","clickEvents","_N$normalColor","_N$target"],3,1,9,5,1],["cc.ClickEvent",["_componentId","handler","target"],1,1],["9c3c7M9d25OKqhogjxHSeoa",["node","betButton","onNode","offNode","animatedNodeList"],3,1,1,1,1,2]],[[6,0,1,2],[2,2,0,1,3,4,4],[2,0,1,3,4,3],[0,0,6,7,3,4,5,10,2],[0,0,2,6,3,4,5,8,3],[0,0,1,6,3,4,5,8,3],[4,0,2],[3,0,1,6,2,3,4,7,5,2],[9,0,1,2,3,1],[10,0,1,2,3],[11,0,1,2,3,4,1],[0,0,7,3,4,5,2],[0,0,1,6,3,4,5,3],[0,0,7,3,4,2],[0,0,6,7,3,4,5,10,9,2],[0,0,2,6,3,4,5,8,9,3],[0,0,1,6,3,4,5,8,9,3],[3,0,1,2,3,4,5,2],[5,0,1,1],[7,0,1,2,3,4,5,6,7],[2,0,1,3,3],[8,0,1,2,3,1]],[[[{"name":"mh_bet_button_dragon","rect":[263,1,99,120],"offset":[0,0],"originalSize":[99,120],"capInsets":[0,0,0,0]}],[1],0,[0],[2],[0]],[[{"name":"mh_bet_button_tiger","rect":[263,123,99,120],"offset":[0,0],"originalSize":[99,120],"capInsets":[0,0,0,0]}],[1],0,[0],[2],[0]],[[{"name":"dragon_bet_deactive","rect":[1,1,129,142],"offset":[0,0],"originalSize":[129,142],"capInsets":[0,0,0,0]}],[1],0,[0],[2],[0]],[[{"name":"tiger_bet_deactive","rect":[132,1,129,142],"offset":[0,0],"originalSize":[129,142],"capInsets":[0,0,0,0]}],[1],0,[0],[2],[0]],[[[6,"warning_text_item"],[11,"warning_text_item",[-4,-5],[[18,-3,-2]],[0,"f7ejdTFh1NGKo5qEVCwDPq",-1],[5,200,150]],[12,"text_label",false,1,[[19,false,"AT LEAST ONE REEL IS SELECTED",50,50,1,1,-6]],[0,"6cdGeOesFIN7pHszh/4NiP",1],[5,838.21,50]],[17,"text_sprite",1,[-7],[0,"cfl5J1W01ECbtG7IbIMFOC",1],[5,735,286],[0,0,0,0,0,0,1,1.428,1.428,1]],[20,2,false,3]],0,[0,3,1,0,5,4,0,0,1,0,-1,2,0,-2,3,0,0,2,0,-1,4,0,4,1,7],[],[],[]],[[{"name":"dragon_bet_active","rect":[1,145,106,120],"offset":[0,0],"originalSize":[106,120],"rotated":1,"capInsets":[0,0,0,0]}],[1],0,[0],[2],[0]],[[{"name":"tiger_bet_active","rect":[123,145,106,120],"offset":[0,0],"originalSize":[106,120],"rotated":1,"capInsets":[0,0,0,0]}],[1],0,[0],[2],[0]],[[[6,"reel_select_controller"],[13,"reel_select_controller",[-5,-6],[[21,-4,-3,-2,12]],[0,"e159Cw+l9AFLhCEd7raLfE",-1]],[7,"tiger_bet_button",1,[-9,-10],[-7,-8],[0,"56XyxAzmNA75ID7MK3vfD3",1],[5,117.23,131.22],[0,0,0.5],[-540,315,0,0,0,0,1,1,1,1]],[7,"dragon_bet_button",1,[-13,-14],[-11,-12],[0,"771TEnYaxJHZDv57NF1TD2",1],[5,117.23,131.22],[0,0,0.5],[-540,-300,0,0,0,0,1,1,1,1]],[3,"tiger_button_on",2,[-16,-17],[[2,0,false,-15,2]],[0,"5eCGFrZIxPkLGUfOR8MRB1",1],[5,133,150],[0,1,0.5]],[3,"tiger_button_off",2,[-19,-20],[[2,0,false,-18,5]],[0,"fd/i1z81BHC78p0HpaB1V7",1],[5,161,178],[0,1,0.5]],[3,"dragon_button_on",3,[-22,-23],[[2,0,false,-21,8]],[0,"40W6RagzlFsI6DJoFqGxRW",1],[5,133,150],[0,1,0.5]],[14,"dragon_button_off",3,[-25,-26],[[2,0,false,-24,11]],[0,"c96oAWhOBN6InynImNYedj",1],[5,161,178],[0,1,0.5],[1,0,0,-1]],[4,"tiger_on_hover_node",0,4,[[1,1,0,false,-27,1]],[0,"02hzVsrjBN9qWFuZyveYAM",1],[5,142,172],[-60.5,0.2,0,0,0,0,1,1,1,1]],[4,"tiger_off_hover_node",0,5,[[1,1,0,false,-28,4]],[0,"6467FQv0dKr6CHGYNRwTp/",1],[5,142,172],[-76.1,-0.5,0,0,0,0,1,1.2,1.2,1]],[4,"dragon_on_hover_node",0,6,[[1,1,0,false,-29,7]],[0,"ccNaHEUUxHzZevItoM+ggT",1],[5,142,172],[-60.5,0.1,0,0,0,0,1,1,1,1]],[15,"dragon_off_hover_node",0,7,[[1,1,0,false,-30,10]],[0,"02RAgWnfRL8ZxyJrDNNBWZ",1],[5,142,172],[-75.4,-1.4,0,0,0,0,1,1.2,1.2,1],[1,0,0,1]],[5,"top_hover_sprite",false,4,[[1,1,0,false,-31,0]],[0,"a197MfPVdEo582yMaMZ8Ff",1],[5,142,172],[-60.5,0.2,0,0,0,0,1,1,1,1]],[5,"top_hover_sprite",false,5,[[1,1,0,false,-32,3]],[0,"7d9WYY+/5GC5AcwSsrQg2N",1],[5,142,172],[-76.1,-0.5,0,0,0,0,1,1.2,1.2,1]],[8,2,[[9,"b93ddmmUt5G2YiZRzAD6Dn1","clickTigerBetButton",1]],[4,4292269782],2],[10,2,14,4,5,[9,8]],[5,"bot_hover_sprite",false,6,[[1,1,0,false,-33,6]],[0,"c4UbJ2gTJKiqDyTPWaft6q",1],[5,142,172],[-60.5,0.1,0,0,0,0,1,1,1,1]],[16,"bot_hover_sprite",false,7,[[1,1,0,false,-34,9]],[0,"f6lK5PBM1HNqhWCmJFcP4n",1],[5,142,172],[-75.4,-1.4,0,0,0,0,1,1.2,1.2,1],[1,0,0,1]],[8,3,[[9,"b93ddmmUt5G2YiZRzAD6Dn1","clickDragonBetButton",1]],[4,4292269782],3],[10,3,18,6,7,[11,10]]],0,[0,3,1,0,6,19,0,7,15,0,0,1,0,-1,2,0,-2,3,0,-1,14,0,-2,15,0,-1,4,0,-2,5,0,-1,18,0,-2,19,0,-1,6,0,-2,7,0,0,4,0,-1,12,0,-2,8,0,0,5,0,-1,13,0,-2,9,0,0,6,0,-1,16,0,-2,10,0,0,7,0,-1,17,0,-2,11,0,0,8,0,0,9,0,0,10,0,0,11,0,0,12,0,0,13,0,0,16,0,0,17,0,4,1,34],[0,0,0,0,0,0,0,0,0,0,0,0,0],[1,1,1,1,1,1,1,1,1,1,1,1,8],[1,1,3,1,1,4,2,2,5,2,2,6,7]]]]