[1,["85A/y2AKVFJJ6BdUsEVoGw","ffnPRiGAZCQbYYYpi+fITm","4dQzfDxNFPDYNp2zv3w8TU","37pgAtNlNDpJ2DEKxCzYsN","14afLVZuhFn6SJTjKfCaX2","97vK8+N9NJIY+3kQKtWrZM","e7PUXLR7pC3b5EOoPU8kJF","dcyHH3bHdF062zWF3CzIhq","74Nz4oKzZK+aQxVbUZpIoG","26eUCoZMhAO6DFfwHF38La","feONqKGBpGMbQE7R/Yk/b3","7e8AGzeG5HVYQl7OCOBHMS","1bo9ZqXhJDop6YvlvOjw0y","90rMSpjfxLk4hUhHljs4/w","45kr8nGFxC4LrLUBystzd6","10g1HahY9EMoR8jajpoFZZ","dbFjk9zh9EV659gfBnAlU4","77qj4KefxJoJRW9Mdkyum2","dcmAWDCh9DmrKHSCu00O5k","2attKJeKhDG6OR7yEWXIJ1","5b+10RMjFCJoJbxIlOi6Ky","81d+TASwVCv7gW87qbl4gS","eeF510KrBNHrxi55AgCmYJ","74E5Q9+qtBDJhrYaRBVecD","f4PezHIMdMPZ8CcUYEOSf3","54cGoq2p5DraA34O5zgorV","47E4QUlIBHN6QJpczjk6Ai","e0HOzQOhZBx5RxCOuoLBTv","4cTP3PHH9NdbB7Kd03Km3O","5d7JNvOvhCNaw2sCDErAEE","afrHtqID5GMIbv8iuH1+eJ","e28V0nn2VGP7xL31YVdFn7","b31HJs7X5ARo0SZXWS1TE7","0fdDeeEPdCcrP2nZLFK/z6","91BeTIjUdATp2CIN/doPtk"],["_textureSetter","value","node","_spriteFrame","root","autoSpinHoverGlowNode","hoverRingNode","hoverGlowNode","circleGlowNode","sparkleAnimation","bounceNode","arrowSprite","autoSpinNumberDisplayNode","autoSpinHolder","spinArrowBg","spinArrow","spinButton","numberContainer","data","_parent","arrowSF","arrowBlurSF","arrowGreySF","arrowGreyBlurSF","_defaultClip"],["cc.SpriteFrame",["cc.Sprite",["_sizeMode","_isTrimmedMode","_dstBlendFactor","_srcBlendFactor","node","_spriteFrame"],-1,1,6],["cc.Node",["_name","_active","_opacity","_prefab","_children","_parent","_components","_contentSize","_trs"],0,4,2,1,12,5,7],["cc.Node",["_name","_opacity","_components","_prefab","_contentSize","_parent","_children","_trs"],1,9,4,5,1,2,7],["cc.AnimationClip",["_name","_duration","sample","curveData"],0,11],["cc.Prefab",["_name"],2],["cc.Node",["_name","_parent","_components","_prefab","_contentSize"],2,1,2,4,5],["e7eaaIEx4xOVJvsnfu5inKM",["node","spinButton","spinArrow","spinArrowBg","autoSpinHolder","autoSpinNumberDisplayNode","arrowSprite","bounceNode","sparkleAnimation","circleGlowNode","hoverGlowNode","hoverRingNode","autoSpinHoverGlowNode","arrowSF","arrowBlurSF","arrowGreySF","arrowGreyBlurSF"],3,1,1,1,1,1,1,1,1,1,1,1,1,1,6,6,6,6],["cc.PrefabInfo",["fileId","root"],2,1],["e13cc9FLShL66GevrFVSv5p",["maxContainerSize","enableComma","nodeNumberWidth","nodeNumberScale","commaWidth","commaScale","decimalWidth","decimalScale","decimalNumberWidth","decimalNumberScale","multiplySpriteWidth","multiplySpriteScale","layoutSpacingX","blurScale","node","numberContainer","numberSprite"],-11,1,1,3],["cc.Animation",["node","_clips"],3,1,3],["cc.Button",["node","clickEvents","_N$normalColor","_N$target"],3,1,9,5,1],["cc.ClickEvent",["_componentId","handler","target"],1,1]],[[8,0,1,2],[3,0,1,5,2,3,4,7,3],[1,2,0,1,4,5,4],[3,0,5,2,3,4,2],[4,0,1,2,3,4],[5,0,2],[2,0,4,6,3,7,2],[2,0,1,5,4,3,3],[2,0,5,4,3,2],[2,0,2,5,6,3,7,8,3],[3,0,6,2,3,4,2],[3,0,1,5,2,3,4,3],[6,0,1,2,3,4,2],[7,0,1,2,3,4,5,6,7,8,9,10,11,12,13,14,15,16,1],[1,0,1,4,5,3],[1,2,0,1,4,4],[1,3,2,0,1,4,5,5],[1,0,1,4,3],[1,0,4,5,2],[9,0,1,2,3,4,5,6,7,8,9,10,11,12,13,14,15,16,15],[10,0,1,1],[11,0,1,2,3,1],[12,0,1,2,3]],[[[{"name":"sb_arrow_grey","rect":[368,335,121,133],"offset":[-2,-1],"originalSize":[165,165],"rotated":1,"capInsets":[0,0,0,0]}],[0],0,[0],[0],[1]],[[{"name":"sb_glow","rect":[1,1,214,214],"offset":[0,0],"originalSize":[214,214],"capInsets":[0,0,0,0]}],[0],0,[0],[0],[1]],[[{"name":"sb_particle_01","rect":[437,138,112,123],"offset":[-1,2],"originalSize":[198,201],"capInsets":[0,0,0,0]}],[0],0,[0],[0],[0]],[[{"name":"sb_particle_09","rect":[151,351,152,171],"offset":[-9,-4],"originalSize":[198,201],"capInsets":[0,0,0,0]}],[0],0,[0],[0],[0]],[[{"name":"sb_particle_06","rect":[159,180,150,165],"offset":[-3,3],"originalSize":[198,201],"capInsets":[0,0,0,0]}],[0],0,[0],[0],[0]],[[{"name":"sb_auto","rect":[217,1,165,165],"offset":[0,0],"originalSize":[165,165],"capInsets":[0,0,0,0]}],[0],0,[0],[0],[1]],[[{"name":"sb_particle_00","rect":[451,263,98,111],"offset":[0,3],"originalSize":[198,201],"capInsets":[0,0,0,0]}],[0],0,[0],[0],[0]],[[{"name":"sb_particle_11","rect":[311,148,122,133],"offset":[5,16],"originalSize":[198,201],"capInsets":[0,0,0,0]}],[0],0,[0],[0],[0]],[[[4,"spin_button_sparkle",0.6666666666666666,18,[{},"comps",11,[{},"cc.Sprite",11,[{},"spriteFrame",12,[[[{"frame":0},"value",6,0],[{"frame":0.05555555555555555},"value",6,1],[{"frame":0.1111111111111111},"value",6,2],[{"frame":0.16666666666666666},"value",6,3],[{"frame":0.2222222222222222},"value",6,4],[{"frame":0.2777777777777778},"value",6,5],[{"frame":0.3333333333333333},"value",6,6],[{"frame":0.3888888888888889},"value",6,7],[{"frame":0.4444444444444444},"value",6,8],[{"frame":0.5},"value",6,9],[{"frame":0.5555555555555556},"value",6,10],[{"frame":0.6111111111111112},"value",6,11]],11,11,11,11,11,11,11,11,11,11,11,11]]]]]],0,0,[0,0,0,0,0,0,0,0,0,0,0,0],[1,1,1,1,1,1,1,1,1,1,1,1],[3,4,5,6,7,8,9,10,11,12,13,14]],[[[5,"spin_button_controller"],[6,"spin_button_controller",[-16,-17,-18],[[-2,[13,-15,-14,-13,-12,-11,-10,-9,-8,-7,-6,-5,-4,-3,17,18,19,20]],1,4],[0,"5bCdtEkR1JOIIXwm5Whtm3",-1],[5,224,224]],[10,"background",[-20,-21,-22],[[14,0,false,-19,4]],[0,"f5X4tz+SZG85QCFzXvyB1W",1],[5,235,235]],[7,"auto_spin_holder",false,1,[-23,-24,-25],[0,"d8msCucu1K0JKgxzsJmwNZ",1]],[8,"bounce_node",1,[2,-26],[0,"d8WI69PPpI7bisdq84uf7O",1]],[3,"auto_spin_number",3,[[19,180,false,50,1.428,0,0,0,0,0,0,0,0,-1,0,-28,-27,[6,7,8,9,10,11,12,13,14,15]]],[0,"80YtcR2IpIp7WWR/cmW7bm",1],[5,180,180]],[9,"spin_particle_animation",0,1,[[[15,1,2,false,-29],-30],4,1],[0,"98RWxTc31ASrPQ3TsPBQSY",1],[5,198,201],[0,0,0,0,0,0,1,2,2,1]],[1,"circle_glow_sprite",0,2,[[2,1,0,false,-31,1]],[0,"749he/ngZCPZeCQIon2ZCY",1],[5,306,306],[-5,3,0,0,0,0,1,1.05,1.05,1]],[1,"hover_glow_sprite",0,2,[[16,1,769,2,false,-32,2]],[0,"cbNiGfiYdO1Zmo1V0eSyLH",1],[5,176,177],[0,0,0,0,0,0,1,1.428,1.428,1]],[1,"hover_ring_sprite",0,2,[[2,1,2,false,-33,3]],[0,"9fnpUaAxFBLYe/LJOJNqZ3",1],[5,165,157],[0,0,0,0,0,0,1,1.428,1.428,1]],[12,"arrow",4,[-34],[0,"837TUOk8dB+7upAgLYCi1d",1],[5,235,235]],[11,"auto_spin_hover_glow_sprite",0,3,[[2,1,0,false,-35,16]],[0,"8agPS4a2VBtIwtf9DhiW4D",1],[5,274,267]],[20,6,[0]],[17,0,false,10],[3,"auto_spin_background",3,[[18,0,-36,5]],[0,"80L4XE+ypMzJnaI5f4XRrN",1],[5,235,235]],[21,1,[[22,"e7eaaIEx4xOVJvsnfu5inKM","clickSpinButton",1]],[4,4292269782],1]],0,[0,4,1,0,-1,15,0,5,11,0,6,9,0,7,8,0,8,7,0,9,12,0,10,4,0,11,13,0,12,5,0,13,3,0,14,2,0,15,10,0,16,15,0,2,1,0,-1,6,0,-2,4,0,-3,3,0,2,2,0,-1,7,0,-2,8,0,-3,9,0,-1,14,0,-2,5,0,-3,11,0,-2,10,0,17,5,0,2,5,0,2,6,0,-2,12,0,2,7,0,2,8,0,2,9,0,-1,13,0,2,11,0,2,14,0,18,1,2,19,4,36],[0,0,0,0,0,0,0,0,0,0,0,0,0,0,0,0,0,0,0,0,0,12],[-1,3,3,3,3,3,-1,-2,-3,-4,-5,-6,-7,-8,-9,-10,3,20,21,22,23,24],[2,15,16,17,18,19,20,21,22,23,24,25,26,27,28,29,30,31,32,33,34,2]],[[{"name":"sb_particle_05","rect":[305,347,144,159],"offset":[-2,2],"originalSize":[198,201],"capInsets":[0,0,0,0]}],[0],0,[0],[0],[0]],[[{"name":"sb_mh_ring","rect":[384,1,165,157],"offset":[0,0],"originalSize":[165,157],"rotated":1,"capInsets":[0,0,0,0]}],[0],0,[0],[0],[1]],[[{"name":"sb_particle_08","rect":[1,1,158,177],"offset":[-5,3],"originalSize":[198,201],"capInsets":[0,0,0,0]}],[0],0,[0],[0],[0]],[[{"name":"sb_particle_10","rect":[1,351,148,177],"offset":[-11,-6],"originalSize":[198,201],"capInsets":[0,0,0,0]}],[0],0,[0],[0],[0]],[[{"name":"sb_arrow_grey_blur","rect":[535,305,127,135],"offset":[-2,-1],"originalSize":[165,165],"capInsets":[0,0,0,0]}],[0],0,[0],[0],[1]],[[{"name":"sb_particle_02","rect":[437,1,120,135],"offset":[0,2],"originalSize":[198,201],"capInsets":[0,0,0,0]}],[0],0,[0],[0],[0]],[[{"name":"sb_mh_auto","rect":[1,217,192,187],"offset":[0,0],"originalSize":[192,187],"rotated":1,"capInsets":[0,0,0,0]}],[0],0,[0],[0],[1]],[[{"name":"sb_arrow_blur","rect":[535,168,127,135],"offset":[-2,-1],"originalSize":[165,165],"capInsets":[0,0,0,0]}],[0],0,[0],[0],[1]],[[{"name":"sb_mh_glow","rect":[190,217,176,177],"offset":[0,0],"originalSize":[176,177],"capInsets":[0,0,0,0]}],[0],0,[0],[0],[1]],[[{"name":"sb_button","rect":[368,168,165,165],"offset":[0,0],"originalSize":[165,165],"capInsets":[0,0,0,0]}],[0],0,[0],[0],[1]],[[{"name":"sb_particle_04","rect":[161,1,140,153],"offset":[0,2],"originalSize":[198,201],"capInsets":[0,0,0,0]}],[0],0,[0],[0],[0]],[[{"name":"sb_arrow","rect":[543,1,121,133],"offset":[-2,-1],"originalSize":[165,165],"capInsets":[0,0,0,0]}],[0],0,[0],[0],[1]],[[{"name":"sb_particle_03","rect":[303,1,132,145],"offset":[0,2],"originalSize":[198,201],"capInsets":[0,0,0,0]}],[0],0,[0],[0],[0]],[[{"name":"sb_particle_07","rect":[1,180,156,169],"offset":[-4,3],"originalSize":[198,201],"capInsets":[0,0,0,0]}],[0],0,[0],[0],[0]]]]