[1,["c0JB5HR0dBmJ6hv4u4SB5r","5dP5SuH9ZFXqg96Hp+hO2R","0bc4FZxhpJM5tIqsFDsDjz","46bvAxHj9DPZ6HjbcZ/46J"],["_textureSetter","info_message_1","info_message_2","info_message_3"],["cc.SpriteFrame",["cc.SpriteAtlas",["_name","_spriteFrames"],2,11]],[[1,0,1,2]],[[[{"name":"info_message_2","rect":[1,1,574,59],"offset":[-2,0],"originalSize":[580,59],"capInsets":[0,0,0,0]}],[0],0,[0],[0],[0]],[[{"name":"info_message_3","rect":[577,1,406,39],"offset":[0,2],"originalSize":[420,59],"capInsets":[0,0,0,0]}],[0],0,[0],[0],[0]],[[{"name":"info_message_1","rect":[1,62,742,43],"offset":[-2,-1],"originalSize":[750,59],"capInsets":[0,0,0,0]}],[0],0,[0],[0],[0]],[[[0,"infoboard_text.plist",[{},"info_message_1",6,0,"info_message_2",6,1,"info_message_3",6,2]]],0,0,[0,0,0],[1,2,3],[1,2,3]]]]