[1,["bbnSxTdtJMC5ScsXdZkF1P","7aHVNu5DNGgaZhVdUdPrcR","71n/6OhlxL1Z+C40hHrQOB","b13+CB/1xEQpVwhrZbIfNr","6biz1RlzxBqrjzvACJ0QNx","75/0wCK0RFHLImDG1pWeD2","5eEvlTkgtAHrRkNk5/WAy4","9bwXQMAEhGxK2MF/M/VFd1","99KwTO6j5HAqtO7mJlQ2zY","72qm5ODGNG+a332m/L4KQS","12I5ffEVZKxrG1l9XFy7xv","f5MWAQ1yJHUJYIuV9Y6u7A","81hns0lblNHKbbBOuhi2pT","70g705kNRCbq8eUWcsx+SJ","71VQ+f5DRD8bOM6sgVyvnv","86m/fzEXdCUrzqIdxHAo6q","1fTJyVV5JP+ovEx4eaPCwl","5cKzu96qxMaKJXcaSchHJ/","d6B5UrqnJNoYREDabgtY42","c1Gn9VnLxAM6h1Xc4TVWAC","abDY4Ph+1Kk5nrwkkyH3hO","9blkBdrZZAt4SixxKN+TRW","19Q9g3r71Fpq4TGIr3c1n2","7f2KbgCUJPkqxcAqKTdRu3","5aXIBM5nNH86jDkThRYBrR","adI1XsACZJi46ZKax7Rhg3","fdu3Ad+mpN/52DWc+38FnS","cdt8IJSKdHFL9hgVicaRT2","c4+a6UNChEHKtDfjxDQYHh","61f4AkNZtPjZC4JNcBdF4O","4fTSC3MeBLSKQztSpgUXRE","dats8TyzFCWL2eBgQ6nIwY","ff0Ga3cahFg7G2IPiiWYmY","a2/bZYkqRL2aJ1UF7drgaS","496zGM7rVLVZti/CHk39J1","6bbIvvgs9Cf5j0g428cDIE","b9a1Q1rBNHO6gpgsqTjnfv","a8/O6SehVO6IQTbEh3mJGT","2ewacW49JLTYvPaZ6xTCD2","a8Uso0O95NL6hjAeFfohHV"],["value","_textureSetter","node","_defaultClip","root","sparkleParticleSystem","sideGlowAnimation","spawnAnimation","wildItemHolderNode","data","wildItemPrefab","_spriteFrame"],["cc.SpriteFrame",["cc.Node",["_name","_prefab","_children","_components","_parent"],2,4,2,12,1],["cc.Node",["_name","_parent","_components","_prefab","_trs","_children"],2,1,2,4,7,2],["cc.Node",["_name","_parent","_components","_prefab","_contentSize","_trs","_anchorPoint"],2,1,9,4,5,7,5],["cc.Prefab",["_name"],2],["0f47cL4NBxFyYizzGKe3mdQ",["node","wildItemHolderNode","spawnAnimation","sideGlowAnimation","sparkleParticleSystem","wildItemPrefab"],3,1,1,1,1,1,6],["cc.PrefabInfo",["fileId","root"],2,1],["cc.Sprite",["_dstBlendFactor","_sizeMode","node"],1,1],["cc.ParticleSystem",["_dstBlendFactor","_custom","playOnLoad","totalParticles","duration","emissionRate","life","lifeVar","angleVar","startSizeVar","_positionType","speed","tangentialAccel","node","_startColor","_startColorVar","_endColor","_endColorVar","posVar"],-10,1,8,8,8,8,5],["cc.Animation",["node","_clips"],3,1,3],["cc.AnimationClip",["_name","_duration","sample","curveData"],0,11]],[[6,0,1,2],[7,0,1,2,3],[3,0,1,2,3,4,6,5,2],[9,0,1,1],[10,0,1,2,3,4],[4,0,2],[1,0,2,3,1,2],[1,0,4,1,2],[2,0,1,5,2,3,4,2],[2,0,1,2,3,4,2],[3,0,1,2,3,4,5,2],[5,0,1,2,3,4,5,1],[8,0,1,2,3,4,5,6,7,8,9,10,11,12,13,14,15,16,17,18,14]],[[[{"name":"f_reel_glow_06","rect":[1,735,141,365],"offset":[0,0],"originalSize":[141,365],"rotated":1,"capInsets":[0,0,0,0]}],[0],0,[0],[1],[0]],[[{"name":"f_reel_glow_12","rect":[716,1,141,365],"offset":[0,0],"originalSize":[141,365],"capInsets":[0,0,0,0]}],[0],0,[0],[1],[0]],[[{"name":"f_glow_in_15","rect":[347,163,160,344],"offset":[0,0],"originalSize":[170,344],"rotated":1,"capInsets":[0,0,0,0]}],[0],0,[0],[1],[1]],[[[5,"stacked_wild_effect_controller"],[6,"stacked_wild_effect_controller",[-8,-9,-10,-11],[[[11,-6,-5,-4,-3,-2,1],-7],4,1],[0,"35o/EoichBI7AJ7awaH5a4",-1]],[8,"side_glow_holder",1,[-13,-14],[-12],[0,"4b/mAxhsFCD6zqHCEgN703",1],[0,-10,0,0,0,0,1,1,1,1]],[10,"glow_in_anim_node",1,[[1,1,0,-15]],[0,"a4vnUZzChCore36F4tls74",1],[5,400,892],[-2,-10,0,0,0,0,1,1,1,1]],[7,"stacked_wild_holder",1,[0,"02yOtmiqxIEJABg4E22o2x",1]],[9,"sparkle_emitter",1,[-16],[0,"a7MjZVrHBBuJywQvcvz02+",1],[0,-200,0,0,0,0,1,1,1,1]],[12,1,true,false,70,0.1,700,3,1,5,20,1,250,0,5,[4,4294967295],[4,0],[4,16777215],[4,0],[0,200,450]],[2,"side_glow_right",2,[[1,1,0,-17]],[0,"94xYMSre1GOqU5KGFhzJ4J",1],[5,352,894],[0,0,0.5],[190,0,0,0,0,0,1,1,1,1]],[2,"side_glow_left",2,[[1,1,0,-18]],[0,"b2FvdRN9pBO5ff7hIj8xc6",1],[5,352,894],[0,0,0.5],[-190,0,0,0,0,0,1,-1,1,1]],[3,2,[0]],[3,1,[2]]],0,[0,4,1,0,5,6,0,6,9,0,7,10,0,8,4,0,2,1,0,-2,10,0,-1,3,0,-2,4,0,-3,5,0,-4,2,0,-1,9,0,-1,7,0,-2,8,0,2,3,0,-1,6,0,2,7,0,2,8,0,9,1,18],[0,0,0,6,9,10],[-1,10,-1,11,3,3],[2,21,3,22,2,3]],[[{"name":"f_glow_in_11","rect":[347,817,162,344],"offset":[0,0],"originalSize":[170,344],"rotated":1,"capInsets":[0,0,0,0]}],[0],0,[0],[1],[1]],[[{"name":"f_glow_in_07","rect":[347,653,162,344],"offset":[0,0],"originalSize":[170,344],"rotated":1,"capInsets":[0,0,0,0]}],[0],0,[0],[1],[1]],[[{"name":"f_glow_in_01","rect":[347,325,162,344],"offset":[0,0],"originalSize":[170,344],"rotated":1,"capInsets":[0,0,0,0]}],[0],0,[0],[1],[1]],[[{"name":"f_reel_glow_13","rect":[859,1,141,365],"offset":[0,0],"originalSize":[141,365],"capInsets":[0,0,0,0]}],[0],0,[0],[1],[0]],[[{"name":"f_reel_glow_02","rect":[144,1,141,365],"offset":[0,0],"originalSize":[141,365],"capInsets":[0,0,0,0]}],[0],0,[0],[1],[0]],[[{"name":"f_glow_in_06","rect":[1,653,162,344],"offset":[0,0],"originalSize":[170,344],"rotated":1,"capInsets":[0,0,0,0]}],[0],0,[0],[1],[1]],[[{"name":"f_glow_in_12","rect":[1,1,160,344],"offset":[0,0],"originalSize":[170,344],"rotated":1,"capInsets":[0,0,0,0]}],[0],0,[0],[1],[1]],[[{"name":"f_reel_glow_00","rect":[1,1,141,365],"offset":[0,0],"originalSize":[141,365],"capInsets":[0,0,0,0]}],[0],0,[0],[1],[0]],[[{"name":"f_reel_glow_09","rect":[430,368,141,365],"offset":[0,0],"originalSize":[141,365],"capInsets":[0,0,0,0]}],[0],0,[0],[1],[0]],[[{"name":"f_reel_glow_10","rect":[573,1,141,365],"offset":[0,0],"originalSize":[141,365],"capInsets":[0,0,0,0]}],[0],0,[0],[1],[0]],[[[4,"feature_side_glow",1,18,[{},"paths",11,[{},"side_glow_right",11,[{},"comps",11,[{},"cc.Sprite",11,[{},"spriteFrame",12,[[[{"frame":0},"value",6,0],[{"frame":0.05555555555555555},"value",6,1],[{"frame":0.1111111111111111},"value",6,2],[{"frame":0.16666666666666666},"value",6,3],[{"frame":0.2222222222222222},"value",6,4],[{"frame":0.2777777777777778},"value",6,5],[{"frame":0.3333333333333333},"value",6,6],[{"frame":0.3888888888888889},"value",6,7],[{"frame":0.4444444444444444},"value",6,8],[{"frame":0.5},"value",6,9],[{"frame":0.5555555555555556},"value",6,10],[{"frame":0.6111111111111112},"value",6,11],[{"frame":0.6666666666666666},"value",6,12],[{"frame":0.7222222222222222},"value",6,13],[{"frame":0.7777777777777778},"value",6,14],[{"frame":0.8333333333333334},"value",6,15],[{"frame":0.8888888888888888},"value",6,16],{"frame":0.9444444444444444,"value":null}],11,11,11,11,11,11,11,11,11,11,11,11,11,11,11,11,11,0]]]],"side_glow_left",11,[{},"comps",11,[{},"cc.Sprite",11,[{},"spriteFrame",12,[[[{"frame":0},"value",6,17],[{"frame":0.05555555555555555},"value",6,18],[{"frame":0.1111111111111111},"value",6,19],[{"frame":0.16666666666666666},"value",6,20],[{"frame":0.2222222222222222},"value",6,21],[{"frame":0.2777777777777778},"value",6,22],[{"frame":0.3333333333333333},"value",6,23],[{"frame":0.3888888888888889},"value",6,24],[{"frame":0.4444444444444444},"value",6,25],[{"frame":0.5},"value",6,26],[{"frame":0.5555555555555556},"value",6,27],[{"frame":0.6111111111111112},"value",6,28],[{"frame":0.6666666666666666},"value",6,29],[{"frame":0.7222222222222222},"value",6,30],[{"frame":0.7777777777777778},"value",6,31],[{"frame":0.8333333333333334},"value",6,32],[{"frame":0.8888888888888888},"value",6,33],{"frame":0.9444444444444444,"value":null}],11,11,11,11,11,11,11,11,11,11,11,11,11,11,11,11,11,0]]]]]]]],0,0,[0,0,0,0,0,0,0,0,0,0,0,0,0,0,0,0,0,0,0,0,0,0,0,0,0,0,0,0,0,0,0,0,0,0],[0,0,0,0,0,0,0,0,0,0,0,0,0,0,0,0,0,0,0,0,0,0,0,0,0,0,0,0,0,0,0,0,0,0],[4,5,6,7,8,9,10,11,12,13,14,15,16,17,18,19,20,4,5,6,7,8,9,10,11,12,13,14,15,16,17,18,19,20]],[[{"name":"f_reel_glow_05","rect":[287,368,141,365],"offset":[0,0],"originalSize":[141,365],"capInsets":[0,0,0,0]}],[0],0,[0],[1],[0]],[[{"name":"f_reel_glow_01","rect":[1,368,141,365],"offset":[0,0],"originalSize":[141,365],"capInsets":[0,0,0,0]}],[0],0,[0],[1],[0]],[[{"name":"f_glow_in_00","rect":[1,325,162,344],"offset":[0,0],"originalSize":[170,344],"rotated":1,"capInsets":[0,0,0,0]}],[0],0,[0],[1],[1]],[[{"name":"f_reel_glow_08","rect":[430,1,141,365],"offset":[0,0],"originalSize":[141,365],"capInsets":[0,0,0,0]}],[0],0,[0],[1],[0]],[[{"name":"f_reel_glow_11","rect":[573,368,141,365],"offset":[0,0],"originalSize":[141,365],"capInsets":[0,0,0,0]}],[0],0,[0],[1],[0]],[[{"name":"f_reel_glow_04","rect":[287,1,141,365],"offset":[0,0],"originalSize":[141,365],"capInsets":[0,0,0,0]}],[0],0,[0],[1],[0]],[[{"name":"f_reel_glow_03","rect":[144,368,141,365],"offset":[0,0],"originalSize":[141,365],"capInsets":[0,0,0,0]}],[0],0,[0],[1],[0]],[[{"name":"f_glow_in_10","rect":[1,817,162,344],"offset":[0,0],"originalSize":[170,344],"rotated":1,"capInsets":[0,0,0,0]}],[0],0,[0],[1],[1]],[[{"name":"f_glow_in_16","rect":[693,1,160,288],"offset":[0,28],"originalSize":[170,344],"rotated":1,"capInsets":[0,0,0,0]}],[0],0,[0],[1],[1]],[[{"name":"f_glow_in_14","rect":[1,163,160,344],"offset":[0,0],"originalSize":[170,344],"rotated":1,"capInsets":[0,0,0,0]}],[0],0,[0],[1],[1]],[[{"name":"f_reel_glow_16","rect":[368,735,141,365],"offset":[0,0],"originalSize":[141,365],"rotated":1,"capInsets":[0,0,0,0]}],[0],0,[0],[1],[0]],[[{"name":"f_glow_in_02","rect":[693,163,162,344],"offset":[0,0],"originalSize":[170,344],"capInsets":[0,0,0,0]}],[0],0,[0],[1],[1]],[[[4,"feature_glow_in",1,18,[{},"paths",11,[{},"glow_in_anim_node",11,[{},"comps",11,[{},"cc.Sprite",11,[{},"spriteFrame",12,[[[{"frame":0},"value",6,0],[{"frame":0.05555555555555555},"value",6,1],[{"frame":0.1111111111111111},"value",6,2],[{"frame":0.16666666666666666},"value",6,3],[{"frame":0.2222222222222222},"value",6,4],[{"frame":0.2777777777777778},"value",6,5],[{"frame":0.3333333333333333},"value",6,6],[{"frame":0.3888888888888889},"value",6,7],[{"frame":0.4444444444444444},"value",6,8],[{"frame":0.5},"value",6,9],[{"frame":0.5555555555555556},"value",6,10],[{"frame":0.6111111111111112},"value",6,11],[{"frame":0.6666666666666666},"value",6,12],[{"frame":0.7222222222222222},"value",6,13],[{"frame":0.7777777777777778},"value",6,14],[{"frame":0.8333333333333334},"value",6,15],[{"frame":0.8888888888888888},"value",6,16],{"frame":0.9444444444444444,"value":null}],11,11,11,11,11,11,11,11,11,11,11,11,11,11,11,11,11,0]]]]]]]],0,0,[0,0,0,0,0,0,0,0,0,0,0,0,0,0,0,0,0],[0,0,0,0,0,0,0,0,0,0,0,0,0,0,0,0,0],[23,24,25,26,27,28,29,30,31,32,33,34,35,36,37,38,39]],[[{"name":"f_glow_in_13","rect":[347,1,160,344],"offset":[0,0],"originalSize":[170,344],"rotated":1,"capInsets":[0,0,0,0]}],[0],0,[0],[1],[1]],[[{"name":"f_reel_glow_15","rect":[859,368,141,365],"offset":[0,0],"originalSize":[141,365],"capInsets":[0,0,0,0]}],[0],0,[0],[1],[0]],[[{"name":"f_glow_in_05","rect":[347,489,162,344],"offset":[0,0],"originalSize":[170,344],"rotated":1,"capInsets":[0,0,0,0]}],[0],0,[0],[1],[1]],[[{"name":"f_glow_in_04","rect":[1,489,162,344],"offset":[0,0],"originalSize":[170,344],"rotated":1,"capInsets":[0,0,0,0]}],[0],0,[0],[1],[1]],[[{"name":"f_reel_glow_14","rect":[716,368,141,365],"offset":[0,0],"originalSize":[141,365],"capInsets":[0,0,0,0]}],[0],0,[0],[1],[0]],[[{"name":"f_glow_in_08","rect":[693,509,162,344],"offset":[0,0],"originalSize":[170,344],"capInsets":[0,0,0,0]}],[0],0,[0],[1],[1]],[[{"name":"f_reel_glow_07","rect":[1,878,141,365],"offset":[0,0],"originalSize":[141,365],"rotated":1,"capInsets":[0,0,0,0]}],[0],0,[0],[1],[0]],[[{"name":"f_glow_in_03","rect":[857,163,162,344],"offset":[0,0],"originalSize":[170,344],"capInsets":[0,0,0,0]}],[0],0,[0],[1],[1]],[[{"name":"f_glow_in_09","rect":[857,509,162,344],"offset":[0,0],"originalSize":[170,344],"capInsets":[0,0,0,0]}],[0],0,[0],[1],[1]]]]