[1,["bedgJd8RdJKr+4DaAhH4Ob","26/024mxFCzKISDhbuA+af"],["_spriteFrame","root","rightEmitter","centerEmitter","leftEmitter","node","data","_textureSetter"],["cc.SpriteFrame",["cc.Prefab",["_name"],2],["cc.Node",["_name","_children","_components","_prefab"],2,2,9,4],["cc.Node",["_name","_parent","_components","_prefab","_trs"],2,1,2,4,7],["fcbb6H+G1pHhZTsySeJ92Ot",["node","leftEmitter","centerEmitter","rightEmitter"],3,1,1,1,1],["cc.PrefabInfo",["fileId","root"],2,1],["cc.ParticleSystem",["_dstBlendFactor","_custom","playOnLoad","totalParticles","duration","emissionRate","life","angle","angleVar","startSize","startSizeVar","endSize","endSizeVar","_positionType","speed","speedVar","tangentialAccel","rotationIsDir","startRadius","startRadiusVar","endRadius","endRadiusVar","node","_startColor","_startColorVar","_endColor","_endColorVar","posVar"],-19,1,8,8,8,8,5]],[[5,0,1,2],[3,0,1,2,3,4,2],[6,0,1,2,3,4,5,6,7,8,9,10,11,12,13,14,15,16,17,18,19,20,21,22,23,24,25,26,27,23],[1,0,2],[2,0,1,2,3,2],[4,0,1,2,3,1]],[[[[3,"slot_particle_effect_controller"],[4,"slot_particle_effect_controller",[-6,-7,-8],[[5,-5,-4,-3,-2]],[0,"f1figmwy1Eaon8Bq7xag36",-1]],[1,"left_emitter",1,[-9],[0,"97KZFsqPtPnq+aCqjNMhbR",1],[-349,41,0,0,0,0,1,1,1,1]],[2,1,true,false,100,0.2,50,0.75,270,0,21,21,21,21,1,125,31.25,0,true,570,70,670,80,2,[4,4294967295],[4,0],[4,16777215],[4,0],[0,180,450]],[1,"center_emitter",1,[-10],[0,"822vjDJZBPrqnloq6/Q+hw",1],[-1,41,0,0,0,0,1,1,1,1]],[2,1,true,false,100,0.2,50,0.75,270,0,21,21,21,21,1,125,31.25,0,true,570,70,670,80,4,[4,4294967295],[4,0],[4,16777215],[4,0],[0,180,450]],[1,"right_emitter",1,[-11],[0,"2eVP5RPppKj5l44WPJYFHT",1],[348,41,0,0,0,0,1,1,1,1]],[2,1,true,false,100,0.2,50,0.75,270,0,21,21,21,21,1,125,31.25,0,true,570,70,670,80,6,[4,4294967295],[4,0],[4,16777215],[4,0],[0,180,450]]],0,[0,1,1,0,2,7,0,3,5,0,4,3,0,5,1,0,-1,2,0,-2,4,0,-3,6,0,-1,3,0,-1,5,0,-1,7,0,6,1,11],[3,5,7],[0,0,0],[0,0,0]],[[{"name":"ui_particle","rect":[1517,456,25,25],"offset":[0,0],"originalSize":[25,25],"capInsets":[0,0,0,0]}],[0],0,[0],[7],[1]]]]