[1,["27XxiVY5hMhb0jsTvrqmKQ","dchglTOWRCs4B5mVUaNGZR","44iIAm8d9DEp+7DXxafvjn","050WegsWVIYLfO4pTsbuZD","27ocjjz9RCUKoUDz2tGENY","dd+O/kFdZHuoWgfdKZAPg1","bcafHJYYBFIbIvgkOujdE2","e8lQEApexOhpJTcnUGKLfB","eePBURTZlL3IghNT9J4EXg","55IrH6Kh9MAphdanu8Carm","6554EGm7hI66Jyp3SyOtAY","64DpiW7kdFnZxpOBHXWO+u","1awWwRC8FEHY+UF6+uxck1"],["_textureSetter","h_angpow_1x1","h_angpow_1x1_blur","h_coinpouch_1x1","h_coinpouch_1x1_blur","h_fcracker_1x1","h_fcracker_1x1_blur","h_fu_1x1","h_fu_1x1_blur","h_orange_1x1","h_orange_1x1_blur","h_peanuts_1x1","h_peanuts_1x1_blur"],["cc.SpriteFrame",["cc.SpriteAtlas",["_name","_spriteFrames"],2,11]],[[1,0,1,2]],[[[{"name":"h_coinpouch_1x1","rect":[213,229,222,206],"offset":[-3,-5],"originalSize":[322,336],"rotated":1,"capInsets":[0,0,0,0]}],[0],0,[0],[0],[0]],[[{"name":"h_peanuts_1x1_blur","rect":[763,313,136,134],"offset":[-1,0],"originalSize":[230,240],"rotated":1,"capInsets":[0,0,0,0]}],[0],0,[0],[0],[0]],[[{"name":"h_coinpouch_1x1_blur","rect":[607,1,158,162],"offset":[-2,-3],"originalSize":[230,240],"capInsets":[0,0,0,0]}],[0],0,[0],[0],[0]],[[{"name":"h_angpow_1x1_blur","rect":[591,361,150,170],"offset":[-1,-3],"originalSize":[230,240],"rotated":1,"capInsets":[0,0,0,0]}],[0],0,[0],[0],[0]],[[{"name":"h_orange_1x1","rect":[229,1,200,184],"offset":[-2,-5],"originalSize":[322,336],"rotated":1,"capInsets":[0,0,0,0]}],[0],0,[0],[0],[0]],[[{"name":"h_peanuts_1x1","rect":[421,193,190,168],"offset":[-1,-1],"originalSize":[322,336],"rotated":1,"capInsets":[0,0,0,0]}],[0],0,[0],[0],[0]],[[{"name":"h_orange_1x1_blur","rect":[755,165,142,146],"offset":[-1,-3],"originalSize":[230,240],"capInsets":[0,0,0,0]}],[0],0,[0],[0],[0]],[[{"name":"h_fcracker_1x1_blur","rect":[767,1,136,150],"offset":[0,-3],"originalSize":[230,240],"capInsets":[0,0,0,0]}],[0],0,[0],[0],[0]],[[{"name":"h_angpow_1x1","rect":[1,229,210,218],"offset":[-2,-6],"originalSize":[322,336],"capInsets":[0,0,0,0]}],[0],0,[0],[0],[0]],[[{"name":"h_fcracker_1x1","rect":[415,1,190,190],"offset":[0,-6],"originalSize":[322,336],"capInsets":[0,0,0,0]}],[0],0,[0],[0],[0]],[[{"name":"h_fu_1x1","rect":[1,1,226,226],"offset":[-3,-6],"originalSize":[322,336],"capInsets":[0,0,0,0]}],[0],0,[0],[0],[0]],[[{"name":"h_fu_1x1_blur","rect":[591,193,162,166],"offset":[-2,-3],"originalSize":[230,240],"capInsets":[0,0,0,0]}],[0],0,[0],[0],[0]],[[[0,"normal_symbol.plist",[{},"h_angpow_1x1",6,0,"h_angpow_1x1_blur",6,1,"h_coinpouch_1x1",6,2,"h_coinpouch_1x1_blur",6,3,"h_fcracker_1x1",6,4,"h_fcracker_1x1_blur",6,5,"h_fu_1x1",6,6,"h_fu_1x1_blur",6,7,"h_orange_1x1",6,8,"h_orange_1x1_blur",6,9,"h_peanuts_1x1",6,10,"h_peanuts_1x1_blur",6,11]]],0,0,[0,0,0,0,0,0,0,0,0,0,0,0],[1,2,3,4,5,6,7,8,9,10,11,12],[1,2,3,4,5,6,7,8,9,10,11,12]]]]