[1,["7dTrg/iq1KrZKM3lcgVlfV","ccyJ5qcj5JJ5qeMDA+Vf0g","2aj37IYqVBQZ7XGfcumtiw"],["_textureSetter","total_win","win"],["cc.SpriteFrame",["cc.SpriteAtlas",["_name","_spriteFrames"],2,11]],[[1,0,1,2]],[[[{"name":"win","rect":[1,62,102,46],"offset":[0,0],"originalSize":[102,46],"capInsets":[0,0,0,0]}],[0],0,[0],[0],[0]],[[[0,"infoboard_win_text.plist",[{},"total_win",6,0,"win",6,1]]],0,0,[0,0],[1,2],[1,2]],[[{"name":"total_win","rect":[1,1,111,59],"offset":[0,0],"originalSize":[111,59],"capInsets":[0,0,0,0]}],[0],0,[0],[0],[0]]]]