[1,["14F8J4EkhGk6wT593Jzr1y","b6fP55VwFHMKgHfWr9QI6Z","54aMalE0dOeKtt4wSt5WE5","01QVUb7r1JDJrjeDoRzvMW","06d3454RFE8I9b8ooG89tV","3aYt1iaJtLkL11zZOMOhGW","7dj55TXQhAUq47JVKtZj5Z"],["_textureSetter","dragon_copper","dragon_gold","dragon_silver","tiger_copper","tiger_gold","tiger_silver"],["cc.SpriteFrame",["cc.SpriteAtlas",["_name","_spriteFrames"],2,11]],[[1,0,1,2]],[[[{"name":"dragon_silver","rect":[1,1,222,226],"offset":[0,0],"originalSize":[224,244],"capInsets":[0,0,0,0]}],[0],0,[0],[0],[0]],[[{"name":"tiger_copper","rect":[1095,1,214,222],"offset":[0,0],"originalSize":[224,244],"capInsets":[0,0,0,0]}],[0],0,[0],[0],[0]],[[{"name":"tiger_gold","rect":[663,1,214,226],"offset":[0,0],"originalSize":[224,244],"capInsets":[0,0,0,0]}],[0],0,[0],[0],[0]],[[{"name":"dragon_gold","rect":[447,1,214,226],"offset":[0,0],"originalSize":[224,244],"capInsets":[0,0,0,0]}],[0],0,[0],[0],[0]],[[{"name":"tiger_silver","rect":[225,1,220,226],"offset":[0,0],"originalSize":[224,244],"capInsets":[0,0,0,0]}],[0],0,[0],[0],[0]],[[[0,"symbol.plist",[{},"dragon_copper",6,0,"dragon_gold",6,1,"dragon_silver",6,2,"tiger_copper",6,3,"tiger_gold",6,4,"tiger_silver",6,5]]],0,0,[0,0,0,0,0,0],[1,2,3,4,5,6],[1,2,3,4,5,6]],[[{"name":"dragon_copper","rect":[879,1,214,222],"offset":[0,0],"originalSize":[224,244],"capInsets":[0,0,0,0]}],[0],0,[0],[0],[0]]]]