[1,["31tDZxlrBAMpJvSC5RmZkn"],["_textureSetter"],["cc.SpriteFrame"],0,[[[{"name":"turbo_lightning_11","rect":[111,31,3,3],"offset":[-28.5,28.5],"originalSize":[60,60],"capInsets":[0,0,0,0]}],[0],0,[0],[0],[0]],[[{"name":"turbo_lightning_10","rect":[111,31,3,3],"offset":[-28.5,28.5],"originalSize":[60,60],"capInsets":[0,0,0,0]}],[0],0,[0],[0],[0]],[[{"name":"turbo_lightning_09","rect":[111,31,3,3],"offset":[-28.5,28.5],"originalSize":[60,60],"capInsets":[0,0,0,0]}],[0],0,[0],[0],[0]],[[{"name":"turbo_lightning_08","rect":[111,31,3,3],"offset":[-28.5,28.5],"originalSize":[60,60],"capInsets":[0,0,0,0]}],[0],0,[0],[0],[0]],[[{"name":"turbo_trans_04","rect":[1,81,34,44],"offset":[0,0],"originalSize":[50,50],"capInsets":[0,0,0,0]}],[0],0,[0],[0],[0]]]]