[1,["d0Yl+dXlBJ85COnV58Y+jN","59u7MJc4VLAZTgeJ0WmSXS","5bTGS8rs5G8qrJAxvo35Dd","dcdk1jHZpKcbauBmxZBDiJ","09XBDkHaBAwJvRVtaBC0R/","f08qsaCiBD1YP1wxtSC8Fg","39jGxiAeJPt440c9iikrbH","fagUCLUlRN3pcQMtf4AefQ","1cOK7o+kpL0IEY5kfRTiWo","83yNsQn2NOtY+yu0GTBrGc","cbD7zdF95E7L15+VP+sfE1","f3BVkzoepCxLjoJJjFfZgf","b95ZKZwlBFx7hOeuH1g53S","6cD+w59pROsaivaIWQSUeJ","7dTTnNceVKM48aVv9Ouhci","5cTYOn2MdAub7rPvLFLI8a","15f58beqtCuKCtTfOwQPvj","9ddf70fuVPX4bmDFpHTGge","74L4gt2xVN77PFxK52NhQ5","43ofRai25JervhkaO3hJcp","1eUfErMjxCxZHLZBzNKpxD","14sgEvaFtGPKRW/1pHqX3E","05+XFjn4NF566apf2cU2po","bcZ4MBLKVFy5WF+VpdRlac","58p8EAcTRKBoiptqm+Tk1v","40CvDYmS9JXYiPjT7fCuop","396iAWXUhA0rCr93MCyLHI","3dMLZvb9pKJ7ItR/8t6IF1","34sse+P5xEs6805jnI+Tvk","22+a/PYNZDW4OUcrgSyUXG","33anO9XPxPQqXHDb0qtNkH","70O4HuH25CCYMOal69ACpP","f4MqTeQgdO8Ig1GhNXBG4r","bdf107fP5HxrSkwYYS6LZT","e7OK/I+WhNmLt/KeDGLSNO","a4s496d0ZFSbDUADFq2oTl","d1tU9BqGZLNq3H6ea+nImp","27bgmE3VRIKb9huvI6zNrD","91eAZZ63FEuKneMeyb4m5O","a48VrHuPpHNqi2ZCWva0BH","5fXqFFRjdFVIvwVXd99Wy/","7en3o+sZJLaav0pr9WsN51","8aFrgvvJ1NEaLe9CC1nJU1","b65nxPzQNBDbz0JlbnGzNk","5fE3X+NoFEhqK75GBPzJIf","d0HS7wAvRJuYTskyhTYTTm","77xE0H8nBJvYRGdUxF8XEi","deD5XmAKBADJG9NPqqWDJD","8dRYLiMp9EZpLdmQIQyXws","b6PuAZ2rdOSpY3qiOeG7i3","a8UrUa4hROmKjB51R5KDv+","f07Qs73FtEp4n3eRFLU0Tw"],["node","_spriteFrame","_textureSetter","_defaultClip","value","_parent","root","dragonAnyTextSprite","tigerAnyTextSprite","botBulbWaveAnimator","topBulbWaveAnimator","neonDragonAnimator","neonTigerAnimator","data"],["cc.SpriteFrame",["cc.Node",["_name","_opacity","_prefab","_components","_parent","_contentSize","_trs","_children","_color","_eulerAngles"],1,4,9,1,5,7,2,5,5],["cc.Sprite",["_sizeMode","_isTrimmedMode","_dstBlendFactor","node","_spriteFrame"],0,1,6],["cc.Node",["_name","_parent","_components","_prefab","_trs","_children","_contentSize"],2,1,2,4,7,2,5],["cc.Node",["_name","_opacity","_skewX","_skewY","_parent","_components","_prefab","_color","_contentSize","_trs"],-1,1,12,4,5,5,7],["cc.AnimationClip",["_name","_duration","curveData","sample","speed"],-2],["cc.AnimationClip",["_name","_duration","sample","wrapMode","curveData"],-1,11],["cc.Prefab",["_name"],2],["81dbfqlRU9Furil8sjh+Ihn",["node","neonTigerAnimator","neonDragonAnimator","multiplierSpriteList","multiplierSpriteFrameList","spriteHolderNodeList","animationNodeList","colouredPayoutNodeList","topBulbWaveAnimator","botBulbWaveAnimator","tigerAnyTextSprite","dragonAnyTextSprite","firstTopBulbNodeList","secondTopBulbNodeList","firstBottomBulbNodeList","secondBottomBulbNodeList","flareNodeList"],3,1,1,1,2,3,2,2,2,1,1,1,1,2,2,2,2,2],["cc.PrefabInfo",["fileId","root"],2,1],["cc.Animation",["node","_clips"],3,1,3]],[[9,0,1,2],[2,2,0,1,3,4,4],[1,0,1,4,3,2,5,6,3],[1,0,1,4,7,3,2,5,6,3],[1,0,4,3,2,8,5,2],[2,0,1,3,4,3],[10,0,1,1],[2,0,3,4,2],[2,2,0,1,3,4],[1,0,4,3,2,5,6,2],[3,0,1,2,3,6,4,2],[4,0,1,3,4,5,6,7,8,9,4],[1,0,1,4,3,2,8,5,6,3],[1,0,1,4,3,2,8,5,6,9,3],[2,0,1,3,3],[1,0,7,2,2],[5,0,1,3,2,5],[5,0,1,4,2,5],[1,0,4,7,3,2,5,6,2],[3,0,1,5,2,3,6,4,2],[3,0,1,5,2,3,4,2],[4,0,1,4,5,6,7,8,9,3],[2,3,1],[6,0,1,2,3,4,5],[7,0,2],[1,0,7,3,2,2],[1,0,4,7,2,6,2],[1,0,7,2,8,2],[1,0,4,3,2,5,2],[4,0,1,2,4,5,6,7,8,9,4],[8,0,1,2,3,4,5,6,7,8,9,10,11,12,13,14,15,16,1]],[[[{"name":"multiplier_vfx_a_04","rect":[68,68,186,65],"offset":[0,0],"originalSize":[276,99],"rotated":1,"capInsets":[0,0,0,0]}],[0],0,[0],[2],[5]],[[{"name":"light_bulb_pink_01","rect":[208,1052,42,42],"offset":[0,0],"originalSize":[42,42],"capInsets":[0,0,0,0]}],[0],0,[0],[2],[0]],[[{"name":"multiplier_vfx_a_03","rect":[1,256,186,65],"offset":[0,0],"originalSize":[276,99],"capInsets":[0,0,0,0]}],[0],0,[0],[2],[5]],[[{"name":"any","rect":[0,0,70,31],"offset":[0,0],"originalSize":[70,31],"capInsets":[0,0,0,0]}],[0],0,[0],[2],[17]],[[[16,"top_bulb_wave",0.9,10,{"paths":{"left_bulb_holder/blue_bulb_sprite_5":{"props":{"opacity":[{"frame":0.1,"value":0},{"frame":0.3,"value":255},{"frame":0.5,"value":0}]}},"left_bulb_holder/blue_bulb_sprite_6":{"props":{"opacity":[{"frame":0.1,"value":0},{"frame":0.3,"value":255},{"frame":0.5,"value":0}]}},"left_bulb_holder/blue_bulb_sprite_7":{"props":{"opacity":[{"frame":0.1,"value":0},{"frame":0.3,"value":255},{"frame":0.5,"value":0}]}},"right_bulb_holder/blue_bulb_sprite_14":{"props":{"opacity":[{"frame":0.1,"value":0},{"frame":0.3,"value":255},{"frame":0.5,"value":0}]}},"right_bulb_holder/blue_bulb_sprite_15":{"props":{"opacity":[{"frame":0.1,"value":0},{"frame":0.3,"value":255},{"frame":0.5,"value":0}]}},"left_bulb_holder/blue_bulb_sprite_4":{"props":{"opacity":[{"frame":0.2,"value":0},{"frame":0.4,"value":255},{"frame":0.6,"value":0}]}},"left_bulb_holder/blue_bulb_sprite_8":{"props":{"opacity":[{"frame":0.2,"value":0},{"frame":0.4,"value":255},{"frame":0.6,"value":0}]}},"right_bulb_holder/blue_bulb_sprite_13":{"props":{"opacity":[{"frame":0.2,"value":0},{"frame":0.4,"value":255},{"frame":0.6,"value":0}]}},"right_bulb_holder/blue_bulb_sprite_16":{"props":{"opacity":[{"frame":0.2,"value":0},{"frame":0.4,"value":255},{"frame":0.6,"value":0}]}},"left_bulb_holder/blue_bulb_sprite_3":{"props":{"opacity":[{"frame":0.3,"value":0},{"frame":0.5,"value":255},{"frame":0.7,"value":0}]}},"left_bulb_holder/blue_bulb_sprite_9":{"props":{"opacity":[{"frame":0.3,"value":0},{"frame":0.5,"value":255},{"frame":0.7,"value":0}]}},"right_bulb_holder/blue_bulb_sprite_12":{"props":{"opacity":[{"frame":0.3,"value":0},{"frame":0.5,"value":255},{"frame":0.7,"value":0}]}},"right_bulb_holder/blue_bulb_sprite_17":{"props":{"opacity":[{"frame":0.3,"value":0},{"frame":0.5,"value":255},{"frame":0.7,"value":0}]}},"left_bulb_holder/blue_bulb_sprite_2":{"props":{"opacity":[{"frame":0.4,"value":0},{"frame":0.6,"value":255},{"frame":0.8,"value":0}]}},"right_bulb_holder/blue_bulb_sprite_11":{"props":{"opacity":[{"frame":0.4,"value":0},{"frame":0.6,"value":255},{"frame":0.8,"value":0}]}},"right_bulb_holder/blue_bulb_sprite_18":{"props":{"opacity":[{"frame":0.4,"value":0},{"frame":0.6,"value":255},{"frame":0.8,"value":0}]}},"right_bulb_holder/blue_bulb_sprite_10":{"props":{"opacity":[{"frame":0.5,"value":0},{"frame":0.7,"value":255},{"frame":0.9,"value":0}]}},"left_bulb_holder/blue_bulb_sprite_1":{"props":{"opacity":[{"frame":0.5,"value":0},{"frame":0.7,"value":255},{"frame":0.9,"value":0}]}}}}]],0,0,[],[],[]],[[{"name":"multiplier_vfx_a_02","rect":[1,68,186,65],"offset":[0,0],"originalSize":[276,99],"rotated":1,"capInsets":[0,0,0,0]}],[0],0,[0],[2],[5]],[[{"name":"tiger_neon_02","rect":[177,383,32,70],"offset":[0,0],"originalSize":[32,70],"rotated":1,"capInsets":[0,0,0,0]}],[0],0,[0],[2],[0]],[[{"name":"dragon_neon_04","rect":[1,702,138,127],"offset":[0,0],"originalSize":[138,127],"capInsets":[0,0,0,0]}],[0],0,[0],[2],[0]],[[{"name":"tiger_neon_03","rect":[1,333,86,174],"offset":[0,0],"originalSize":[86,174],"rotated":1,"capInsets":[0,0,0,0]}],[0],0,[0],[2],[0]],[[{"name":"tiger_neon_01","rect":[1,562,138,140],"offset":[0,0],"originalSize":[138,140],"rotated":1,"capInsets":[0,0,0,0]}],[0],0,[0],[2],[0]],[[{"name":"multiplier_vfx_b","rect":[198,305,76,50],"offset":[0,0],"originalSize":[76,50],"rotated":1,"capInsets":[0,0,0,0]}],[0],0,[0],[2],[0]],[[{"name":"slot_machine_bg","rect":[1,1709,398,209],"offset":[0,0],"originalSize":[398,209],"capInsets":[0,0,0,0]}],[0],0,[0],[2],[7]],[[{"name":"slot_machine","rect":[1,1,864,1706],"offset":[0,-83],"originalSize":[864,1872],"capInsets":[0,0,0,0]}],[0],0,[0],[2],[7]],[[{"name":"multiplier_vfx_a_07","rect":[202,68,186,65],"offset":[0,0],"originalSize":[276,99],"rotated":1,"capInsets":[0,0,0,0]}],[0],0,[0],[2],[5]],[[{"name":"multiplier_vfx_a_01","rect":[189,1,186,65],"offset":[0,0],"originalSize":[276,99],"capInsets":[0,0,0,0]}],[0],0,[0],[2],[5]],[[{"name":"multiplier_vfx_a_06","rect":[189,256,186,65],"offset":[0,0],"originalSize":[276,99],"capInsets":[0,0,0,0]}],[0],0,[0],[2],[5]],[[{"name":"light_bulb_blue_01","rect":[164,1101,42,42],"offset":[0,0],"originalSize":[42,42],"capInsets":[0,0,0,0]}],[0],0,[0],[2],[0]],[[[23,"coloured_wave",0.5,16,"2",[{},"comps",11,[{},"cc.Sprite",11,[{},"spriteFrame",12,[[[{"frame":0},"value",6,0],[{"frame":0.0625},"value",6,1],[{"frame":0.125},"value",6,2],[{"frame":0.1875},"value",6,3],[{"frame":0.25},"value",6,4],[{"frame":0.3125},"value",6,5],[{"frame":0.375},"value",6,6],[{"frame":0.4375},"value",6,7]],11,11,11,11,11,11,11,11]]]]]],0,0,[0,0,0,0,0,0,0,0],[4,4,4,4,4,4,4,4],[18,19,20,21,22,23,24,25]],[[{"name":"x5","rect":[1,1122,26,38],"offset":[0,0],"originalSize":[26,50],"rotated":1,"capInsets":[0,0,0,0]}],[0],0,[0],[2],[0]],[[{"name":"dragon1","rect":[141,802,107,37],"offset":[0,0],"originalSize":[107,37],"capInsets":[0,0,0,0]}],[0],0,[0],[2],[0]],[[{"name":"tiger1","rect":[141,762,108,38],"offset":[0,0],"originalSize":[108,38],"capInsets":[0,0,0,0]}],[0],0,[0],[2],[0]],[[{"name":"x50","rect":[177,417,62,42],"offset":[0,0],"originalSize":[62,60],"capInsets":[0,0,0,0]}],[0],0,[0],[2],[0]],[[{"name":"tiger_neon_04","rect":[1,831,127,90],"offset":[0,0],"originalSize":[127,90],"capInsets":[0,0,0,0]}],[0],0,[0],[2],[0]],[[{"name":"multiplier_vfx_a_00","rect":[1,1,186,65],"offset":[0,0],"originalSize":[276,99],"capInsets":[0,0,0,0]}],[0],0,[0],[2],[5]],[[{"name":"dragon3","rect":[1,923,120,41],"offset":[0,0],"originalSize":[120,41],"capInsets":[0,0,0,0]}],[0],0,[0],[2],[0]],[[{"name":"x25","rect":[82,1101,54,39],"offset":[0,0],"originalSize":[54,57],"rotated":1,"capInsets":[0,0,0,0]}],[0],0,[0],[2],[0]],[[{"name":"tiger2","rect":[41,1008,111,39],"offset":[0,0],"originalSize":[111,39],"rotated":1,"capInsets":[0,0,0,0]}],[0],0,[0],[2],[0]],[[[16,"bot_bulb_wave",0.8,10,{"paths":{"left_bulb_holder/pink_bulb_sprite_3":{"props":{"opacity":[{"frame":0.1,"value":0},{"frame":0.3,"value":255},{"frame":0.5,"value":0}]}},"left_bulb_holder/pink_bulb_sprite_4":{"props":{"opacity":[{"frame":0.1,"value":0},{"frame":0.3,"value":255},{"frame":0.5,"value":0}]}},"right_bulb_holder/pink_bulb_sprite_10":{"props":{"opacity":[{"frame":0.1,"value":0},{"frame":0.3,"value":255},{"frame":0.5,"value":0}]}},"right_bulb_holder/pink_bulb_sprite_11":{"props":{"opacity":[{"frame":0.1,"value":0},{"frame":0.3,"value":255},{"frame":0.5,"value":0}]}},"left_bulb_holder/pink_bulb_sprite_2":{"props":{"opacity":[{"frame":0.2,"value":0},{"frame":0.4,"value":255},{"frame":0.6,"value":0}]}},"left_bulb_holder/pink_bulb_sprite_5":{"props":{"opacity":[{"frame":0.2,"value":0},{"frame":0.4,"value":255},{"frame":0.6,"value":0}]}},"right_bulb_holder/pink_bulb_sprite_9":{"props":{"opacity":[{"frame":0.2,"value":0},{"frame":0.4,"value":255},{"frame":0.6,"value":0}]}},"right_bulb_holder/pink_bulb_sprite_12":{"props":{"opacity":[{"frame":0.2,"value":0},{"frame":0.4,"value":255},{"frame":0.6,"value":0}]}},"left_bulb_holder/pink_bulb_sprite_1":{"props":{"opacity":[{"frame":0.3,"value":0},{"frame":0.5,"value":255},{"frame":0.7,"value":0}]}},"left_bulb_holder/pink_bulb_sprite_6":{"props":{"opacity":[{"frame":0.3,"value":0},{"frame":0.5,"value":255},{"frame":0.7,"value":0}]}},"right_bulb_holder/pink_bulb_sprite_8":{"props":{"opacity":[{"frame":0.3,"value":0},{"frame":0.5,"value":255},{"frame":0.7,"value":0}]}},"right_bulb_holder/pink_bulb_sprite_13":{"props":{"opacity":[{"frame":0.3,"value":0},{"frame":0.5,"value":255},{"frame":0.7,"value":0}]}},"right_bulb_holder/pink_bulb_sprite_14":{"props":{"opacity":[{"frame":0.4,"value":0},{"frame":0.6,"value":255},{"frame":0.8,"value":0}]}}}}]],0,0,[],[],[]],[[{"name":"tiger3","rect":[1,966,116,40],"offset":[0,0],"originalSize":[116,40],"capInsets":[0,0,0,0]}],[0],0,[0],[2],[0]],[[{"name":"x100_grey","rect":[132,1008,91,48],"offset":[0,0],"originalSize":[91,62],"rotated":1,"capInsets":[0,0,0,0]}],[0],0,[0],[2],[0]],[[{"name":"dragon_neon_05","rect":[1,1,182,245],"offset":[0,0],"originalSize":[182,245],"rotated":1,"capInsets":[0,0,0,0]}],[0],0,[0],[2],[0]],[[{"name":"dragon_neon_02","rect":[170,461,78,100],"offset":[0,0],"originalSize":[78,100],"capInsets":[0,0,0,0]}],[0],0,[0],[2],[0]],[[{"name":"dragon_neon_06","rect":[1,269,195,62],"offset":[0,0],"originalSize":[195,62],"capInsets":[0,0,0,0]}],[0],0,[0],[2],[0]],[[{"name":"x25_grey","rect":[123,1101,54,39],"offset":[0,0],"originalSize":[54,57],"rotated":1,"capInsets":[0,0,0,0]}],[0],0,[0],[2],[0]],[[{"name":"x50_grey","rect":[182,1008,62,42],"offset":[0,0],"originalSize":[62,60],"capInsets":[0,0,0,0]}],[0],0,[0],[2],[0]],[[{"name":"tiger4","rect":[203,185,118,43],"offset":[0,0],"originalSize":[118,43],"rotated":1,"capInsets":[0,0,0,0]}],[0],0,[0],[2],[0]],[[{"name":"x100","rect":[82,1008,91,48],"offset":[0,0],"originalSize":[91,62],"rotated":1,"capInsets":[0,0,0,0]}],[0],0,[0],[2],[0]],[[[24,"foreground_controller"],[25,"foreground_controller",[-83,-84,-85,-86,-87,-88,-89,-90,-91,-92,-93,-94,-95,-96,-97,-98,-99,-100,-101,-102,-103,-104,-105,-106,-107,-108,-109],[[30,-82,-81,-80,[-76,-77,-78,-79],[88,89,90,91,92,93,94,95],[-68,-69,-70,-71,-72,-73,-74,-75],[-60,-61,-62,-63,-64,-65,-66,-67],[-52,-53,-54,-55,-56,-57,-58,-59],-51,-50,-49,-48,[-39,-40,-41,-42,-43,-44,-45,-46,-47],[-30,-31,-32,-33,-34,-35,-36,-37,-38],[-23,-24,-25,-26,-27,-28,-29],[-16,-17,-18,-19,-20,-21,-22],[-2,-3,-4,-5,-6,-7,-8,-9,-10,-11,-12,-13,-14,-15]]],[0,"aez0wpkOxGzodX4TpGKcyU",-1]],[15,"left_bulb_holder",[-110,-111,-112,-113,-114,-115,-116,-117,-118],[0,"faqQWREB9KTI0Mk0lO1FTy",1]],[15,"right_bulb_holder",[-119,-120,-121,-122,-123,-124,-125,-126,-127],[0,"2bpYRCqh9DOZdofO5KdQSO",1]],[26,"all_animation_holder",1,[-128,-129,-130,-131,-132,-133,-134,-135],[0,"d4SMYs4TpAWI6oESZjghd0",1],[0,780,0,0,0,0,1,1,1,1]],[15,"left_bulb_holder",[-136,-137,-138,-139,-140,-141,-142],[0,"7a2xNxHBRCrb1QWPmOb5At",1]],[27,"right_bulb_holder",[-143,-144,-145,-146,-147,-148,-149],[0,"84J4QT/TRH2J9m0953OubT",1],[4,4294727162]],[19,"neon_tiger_holder",1,[-151,-152,-153,-154,-155,-156],[-150],[0,"ed9vwBQm9PKoBCUGvIL0WQ",1],[5,274,321],[-337.1,769.6,0,0,0,0,1,1.25,1.25,1]],[19,"neon_dragon_holder",1,[-158,-159,-160,-161,-162,-163],[-157],[0,"6btUSuJn5H96JUWiqdtReF",1],[5,255,303],[380.1,778.4,0,0,0,0,1,1.25,1.25,1]],[20,"top_bulb_holder",1,[2,3],[-164],[0,"64IY4xodRFCqUXIgBifDgk",1],[0,300,0,0,0,0,1,1,1,1]],[3,"blue_bulb_sprite_1",0,2,[-166],[[1,1,2,false,-165,11]],[0,"easHykgIVAU6fW3wtgrcxM",1],[5,42,42],[-415.4,352.2,0,0,0,0,1,1,1,1]],[3,"blue_bulb_sprite_3",0,2,[-168],[[1,1,2,false,-167,14]],[0,"5dClrP9RNLgrKBFgKtd0Co",1],[5,42,42],[-501.7,250.3,0,0,0,0,1,1,1,1]],[3,"blue_bulb_sprite_4",0,2,[-170],[[1,1,2,false,-169,16]],[0,"72nhjMdddAjafc/8C1RZ30",1],[5,42,42],[-510.4,174.1,0,0,0,0,1,1,1,1]],[3,"blue_bulb_sprite_5",0,2,[-172],[[1,1,2,false,-171,18]],[0,"f1d4xLMFxN6bhTuKkGXVIx",1],[5,42,42],[-516.3,97.7,0,0,0,0,1,1,1,1]],[3,"blue_bulb_sprite_10",0,3,[-174],[[1,1,2,false,-173,24]],[0,"39PgrCqtJAyKs2/JC8w0cF",1],[5,42,42],[417.8,351.6,0,0,0,0,1,1,1,1]],[3,"blue_bulb_sprite_15",0,3,[-176],[[1,1,2,false,-175,30]],[0,"faB+Fm0sNDi4fkjVbPWx/1",1],[5,42,42],[522.1,8.1,0,0,0,0,1,1,1,1]],[3,"blue_bulb_sprite_17",0,3,[-178],[[1,1,2,false,-177,33]],[0,"ef3567EKpPubBxABr2K+x+",1],[5,42,42],[524.6,-135.2,0,0,0,0,1,1,1,1]],[20,"bottom_bulb_holder",1,[5,6],[-179],[0,"33A7PNzWdERrPVosMwO7eB",1],[0,-300,0,0,0,0,1,1,1,1]],[3,"pink_bulb_sprite_1",0,5,[-181],[[1,1,2,false,-180,37]],[0,"bdUlobk7dHArVzrSzQn4Ul",1],[5,42,42],[-520.6,230.2,0,0,0,0,1,1,1,1]],[3,"pink_bulb_sprite_2",0,5,[-183],[[1,1,2,false,-182,39]],[0,"0aeYqqQ6lFVoNS5hTxyTat",1],[5,42,42],[-519.8,141.3,0,0,0,0,1,1,1,1]],[3,"pink_bulb_sprite_5",0,5,[-185],[[1,1,2,false,-184,43]],[0,"45ttQCPVlBYKCVskKXZ+we",1],[5,42,42],[-503.6,-131.4,0,0,0,0,1,1,1,1]],[3,"pink_bulb_sprite_8",0,6,[-187],[[1,1,2,false,-186,47]],[0,"b1gEdBkU5HQbwl6KGzbLIo",1],[5,42,42],[521.4,228.9,0,0,0,0,1,1,1,1]],[3,"pink_bulb_sprite_10",0,6,[-189],[[1,1,2,false,-188,50]],[0,"63zUhXw0pK/YoxwIXERfkT",1],[5,42,42],[514.1,46.4,0,0,0,0,1,1,1,1]],[3,"pink_bulb_sprite_11",0,6,[-191],[[1,1,2,false,-190,52]],[0,"0fZ/DiY7VKMIde/KzC4lo3",1],[5,42,42],[511.3,-43.2,0,0,0,0,1,1,1,1]],[3,"pink_bulb_sprite_13",0,6,[-193],[[1,1,2,false,-192,55]],[0,"7bSmFnq4pB25gPVLeuOisw",1],[5,42,42],[499.79,-217.17,0,0,0,0,1,1,1,1]],[18,"tiger_mixed",1,[-195],[[7,2,-194,80]],[0,"e5NrhLc/dN8LDLKp5EaOsI",1],[5,108,38],[-149.1,877.3,0,0,0,0,1,1.428,1.428,1]],[18,"dragon_mixed",1,[-197],[[7,2,-196,84]],[0,"e8qeKXthJJDoiOd/gPIbON",1],[5,107,37],[149.5,878.6,0,0,0,0,1,1.428,1.428,1]],[29,"colour_wave_animation_1",0,5,4,[[[8,1,2,false,-198],-199],4,1],[0,"fchObo1vFEf4nHzpyzCEk7",1],[4,4294949376],[5,276,99],[-160,-101,0,0,0,0,1,1.3,1.3,1]],[21,"colour_wave_animation_2",0,4,[[[8,1,2,false,-200],-201],4,1],[0,"54Ub9PJE5Ego4eIeF3ADnq",1],[4,4294949376],[5,276,99],[-159,-31,0,0,0,0,1,1.2,1.2,1]],[11,"colour_wave_animation_3",0,2,4,[[[8,1,2,false,-202],-203],4,1],[0,"82XiMsHOVOiroo/W+yD2iO",1],[4,4294949376],[5,276,99],[-154,34,0,0,0,0,1,1.1,1.1,1]],[11,"colour_wave_animation_4",0,2,4,[[[8,1,2,false,-204],-205],4,1],[0,"239brngsRKMYEmzXLZDQvn",1],[4,4294949376],[5,276,99],[-150,97,0,0,0,0,1,1.1,1.1,1]],[21,"colour_wave_animation_5",0,4,[[[8,1,2,false,-206],-207],4,1],[0,"3e+703FaVO7YjgVQuftCmE",1],[4,4293009663],[5,276,99],[164,-97,0,0,0,0,1,1.3,1.3,1]],[11,"colour_wave_animation_6",0,-1,4,[[[8,1,2,false,-208],-209],4,1],[0,"21z74oHu5Fm6uL9qdtbhtC",1],[4,4293009663],[5,276,99],[162,-28,0,0,0,0,1,1.2,1.2,1]],[11,"colour_wave_animation_7",0,-1.5,4,[[[8,1,2,false,-210],-211],4,1],[0,"6aVRP1QM5D2IwV7pKQZC7q",1],[4,4293009663],[5,276,99],[155,37,0,0,0,0,1,1.1,1.1,1]],[11,"colour_wave_animation_8",0,-1.5,4,[[[8,1,2,false,-212],-213],4,1],[0,"a3d8KKgh9N3pyUrGfmOzn7",1],[4,4293009663],[5,276,99],[149,100,0,0,0,0,1,1.1,1.1,1]],[4,"flare_sprite_1",10,[[1,1,2,false,-214,10]],[0,"1bu0sdL8VKvJ+UGR1DGnLM",1],[4,4294758229],[5,121,120]],[2,"blue_bulb_sprite_2",0,2,[[1,1,2,false,-215,12]],[0,"a54erJrEdKMqLbXXYVA71G",1],[5,42,42],[-478,319.5,0,0,0,0,1,1,1,1]],[4,"flare_sprite_3",11,[[1,1,2,false,-216,13]],[0,"65JSekGn1IzpjyuwNpdSfD",1],[4,4294758229],[5,121,120]],[4,"flare_sprite_4",12,[[1,1,2,false,-217,15]],[0,"9aK5X3VLlPnqHEiB/Vk6jh",1],[4,4294758229],[5,121,120]],[4,"flare_sprite_5",13,[[1,1,2,false,-218,17]],[0,"ebYGpn6ylOhbVQ8WzsUVuS",1],[4,4294758229],[5,121,120]],[2,"blue_bulb_sprite_6",0,2,[[1,1,2,false,-219,19]],[0,"1dkPA8L+BP3LJpVX3qnTiM",1],[5,42,42],[-520.29,7.97,0,0,0,0,1,1,1,1]],[2,"blue_bulb_sprite_7",0,2,[[1,1,2,false,-220,20]],[0,"85E55C+D5NA4cOMTh+CGdd",1],[5,42,42],[-521.5,-67.5,0,0,0,0,1,1,1,1]],[2,"blue_bulb_sprite_8",0,2,[[1,1,2,false,-221,21]],[0,"f82Rw0o0RKHI2AS9WGhqy0",1],[5,42,42],[-522.5,-135.3,0,0,0,0,1,1,1,1]],[2,"blue_bulb_sprite_9",0,2,[[1,1,2,false,-222,22]],[0,"65I3qJ3+xE7qOB9b0l9aFx",1],[5,42,42],[-522.4,-206.6,0,0,0,0,1,1,1,1]],[4,"flare_sprite_10",14,[[1,1,2,false,-223,23]],[0,"5aaO/UqgNLI7PPvPr9EIMj",1],[4,4294758229],[5,121,120]],[2,"blue_bulb_sprite_11",0,3,[[1,1,2,false,-224,25]],[0,"63g7a01fFFqL1JdoW8w+sA",1],[5,42,42],[480,322.9,0,0,0,0,1,1,1,1]],[2,"blue_bulb_sprite_12",0,3,[[1,1,2,false,-225,26]],[0,"41R3BxX0lCQqgK3P+khdAj",1],[5,42,42],[504.1,250.3,0,0,0,0,1,1,1,1]],[2,"blue_bulb_sprite_13",0,3,[[1,1,2,false,-226,27]],[0,"33/tGchwZJQYuO16ffyK7b",1],[5,42,42],[513.4,174.2,0,0,0,0,1,1,1,1]],[2,"blue_bulb_sprite_14",0,3,[[1,1,2,false,-227,28]],[0,"daTBd/rBdHOrJcMV2Bt8a5",1],[5,42,42],[517.8,97,0,0,0,0,1,1,1,1]],[4,"flare_sprite_15",15,[[1,1,2,false,-228,29]],[0,"11sKU7igJALZP7XcFwkITI",1],[4,4294758229],[5,121,120]],[2,"blue_bulb_sprite_16",0,3,[[1,1,2,false,-229,31]],[0,"66NfH8PuRBS6jpF/lj5Q4+",1],[5,42,42],[524.3,-67.3,0,0,0,0,1,1,1,1]],[4,"flare_sprite_17",16,[[1,1,2,false,-230,32]],[0,"2fAlHpXCZNqpYCoHVJKfKg",1],[4,4294758229],[5,121,120]],[2,"blue_bulb_sprite_18",0,3,[[1,1,2,false,-231,34]],[0,"5fAd5DV6lC/6+aIjGa6Fok",1],[5,42,42],[523.4,-208.8,0,0,0,0,1,1,1,1]],[4,"flare_sprite_1",18,[[1,1,2,false,-232,36]],[0,"76kTgC93hMyJ10VGZFvxcN",1],[4,4294727162],[5,121,120]],[4,"flare_sprite_2",19,[[1,1,2,false,-233,38]],[0,"0bUcosj9VAC4B2A5UVxtfC",1],[4,4294727162],[5,121,120]],[2,"pink_bulb_sprite_3",0,5,[[1,1,2,false,-234,40]],[0,"32OEybw79PYJhalOvxBRUz",1],[5,42,42],[-515,46.7,0,0,0,0,1,1,1,1]],[2,"pink_bulb_sprite_4",0,5,[[1,1,2,false,-235,41]],[0,"706jgHyNdEZKSd0ddtMX4C",1],[5,42,42],[-509.6,-43.4,0,0,0,0,1,1,1,1]],[4,"flare_sprite_5",20,[[1,1,2,false,-236,42]],[0,"71rYJrfzJAgpsLVKnqkomN",1],[4,4294727162],[5,121,120]],[2,"pink_bulb_sprite_6",0,5,[[1,1,2,false,-237,44]],[0,"36JLiG1DxFQp+xvKbJ9wqI",1],[5,42,42],[-497.9,-217.9,0,0,0,0,1,1,1,1]],[2,"pink_bulb_sprite_7",0,5,[[1,1,2,false,-238,45]],[0,"2dOOMTQwNKcq8WD7c0VPk5",1],[5,42,42],[-493,-303.1,0,0,0,0,1,1,1,1]],[4,"flare_sprite_8",21,[[1,1,2,false,-239,46]],[0,"91ZthrDYRKppW4fF9JwQPa",1],[4,4294727162],[5,121,120]],[2,"pink_bulb_sprite_9",0,6,[[1,1,2,false,-240,48]],[0,"afoZpgtMxKbosF3dFWHHH1",1],[5,42,42],[518.3,141.1,0,0,0,0,1,1,1,1]],[4,"flare_sprite_10",22,[[1,1,2,false,-241,49]],[0,"56UzmYsOhFeYnubn1YRTkw",1],[4,4294727162],[5,121,120]],[4,"flare_sprite_11",23,[[1,1,2,false,-242,51]],[0,"2dI7sQR1xNqaPDccZmOD/h",1],[4,4294727162],[5,121,120]],[2,"pink_bulb_sprite_12",0,6,[[1,1,2,false,-243,53]],[0,"eeuuNUG9JH8ILI7xtsjGdT",1],[5,42,42],[505.2,-130.91,0,0,0,0,1,1,1,1]],[4,"flare_sprite_13",24,[[1,1,2,false,-244,54]],[0,"797d6xPwxDgYZL3NCt7BMt",1],[4,4294727162],[5,121,120]],[2,"pink_bulb_sprite_14",0,6,[[1,1,2,false,-245,56]],[0,"398EBmrj9AUKAOutrkOHTe",1],[5,42,42],[495.87,-303.01,0,0,0,0,1,1,1,1]],[12,"blue_payout_effect_4",0,1,[[1,1,2,false,-246,72]],[0,"59XB4N1eZNn4ko62aUzKmA",1],[4,4294950912],[5,76,50],[-56.3,879.4,0,0,0,0,1,1.4,1.4,1]],[12,"blue_payout_effect_3",0,1,[[1,1,2,false,-247,73]],[0,"10IdEEFMpPU4YrT4SuuhI8",1],[4,4294950912],[5,76,50],[-57.9,816.8,0,0,0,0,1,1.5,1.5,1]],[12,"blue_payout_effect_2",0,1,[[1,1,2,false,-248,74]],[0,"dfI8W/7vVMTr1D9H/5O8rE",1],[4,4294950912],[5,76,50],[-60.2,750.5,0,0,0,0,1,1.55,1.55,1]],[12,"blue_payout_effect_1",0,1,[[1,1,2,false,-249,75]],[0,"f3aHAWWEZBTZ9goLFc6pIq",1],[4,4294950912],[5,76,50],[-60.8,679.8,0,0,0,0,1,1.65,1.65,1]],[13,"purple_payout_effect_8",0,1,[[1,1,2,false,-250,76]],[0,"83w3fPiWpM+q/ZvkSKKcpD",1],[4,4294902000],[5,76,50],[57.9,878.6,0,0,0,0,1,1.4,1.4,1],[1,0,0,-180]],[13,"purple_payout_effect_7",0,1,[[1,1,2,false,-251,77]],[0,"64lIL9wJZB17SzeAGfn5vz",1],[4,4294902000],[5,76,50],[59.4,815.6,0,0,0,0,1,1.5,1.5,1],[1,0,0,-180]],[13,"purple_payout_effect_6",0,1,[[1,1,2,false,-252,78]],[0,"499x7U1zlOYbb87v4WVMYE",1],[4,4294902000],[5,76,50],[61.2,749,0,0,0,0,1,1.55,1.55,1],[1,0,0,-180]],[13,"purple_payout_effect_5",0,1,[[1,1,2,false,-253,79]],[0,"3fCRp8P+VKw5J4sVHTOt9U",1],[4,4294902000],[5,76,50],[62,680,0,0,0,0,1,1.65,1.65,1],[1,0,0,-180]],[9,"tiger_copper",1,[[7,2,-254,81]],[0,"74vzEUWqBDhaYoo3bqtDX7",1],[5,111,39],[-154.2,815.2,0,0,0,0,1,1.428,1.428,1]],[9,"tiger_silver",1,[[7,2,-255,82]],[0,"5bYKUAviJF7YetIDtSO50Y",1],[5,116,40],[-160.1,749.7,0,0,0,0,1,1.428,1.428,1]],[9,"tiger_gold",1,[[7,2,-256,83]],[0,"2ceq+9OHRBEbSs6rH6/pQy",1],[5,118,43],[-163.4,680,0,0,0,0,1,1.428,1.428,1]],[9,"dragon_copper",1,[[7,2,-257,85]],[0,"ba8U+dBrJLiKF7jhw3u81m",1],[5,112,38],[155.8,814.3,0,0,0,0,1,1.428,1.428,1]],[9,"dragon_silver",1,[[7,2,-258,86]],[0,"84DA8OYllB8bG5W85Cvqay",1],[5,120,41],[159.3,748.9,0,0,0,0,1,1.428,1.428,1]],[9,"dragon_gold",1,[[7,2,-259,87]],[0,"31NGF/5PdKS5dwciWYgQBB",1],[5,118,42],[163.4,679.5,0,0,0,0,1,1.428,1.428,1]],[9,"payout_menu_background",1,[[5,2,false,-260,0]],[0,"90iKcZYuxE05A1XGHUsIIh",1],[5,398,209],[-1.3,776.6,0,0,0,0,1,1.25,1.25,1]],[6,27,[1]],[6,28,[2]],[6,29,[3]],[6,30,[4]],[6,31,[5]],[6,32,[6]],[6,33,[7]],[6,34,[8]],[28,"background_sprite",1,[[5,0,false,-261,9]],[0,"7cD7eYejFDGbmTqqX+mwSg",1],[5,1080,2340]],[10,"5_sprite",1,[-262],[0,"bewK4m2IlABoVNWgcWpV+b",1],[5,32,63],[0,880,0,0,0,0,1,1,1,1]],[14,0,false,91],[10,"25_sprite",1,[-263],[0,"cceBD6/O1KI4sL74F+rHPr",1],[5,67,71],[0,817,0,0,0,0,1,1,1,1]],[14,0,false,93],[10,"50_sprite",1,[-264],[0,"71fc3fHQlOspdbiUMJDwCl",1],[5,77,75],[0,747.1,0,0,0,0,1,1,1,1]],[14,0,false,95],[10,"100_sprite",1,[-265],[0,"c4wTiVu1JI2K6CRkr8ux8I",1],[5,114,77],[0,680,0,0,0,0,1,1,1,1]],[14,0,false,97],[6,9,[35]],[6,17,[57]],[2,"tiger_sprite_1",0,7,[[5,2,false,-266,58]],[0,"c2BfXnQXdKZLjTWXYLgBv+",1],[5,138,140],[-8,-0.8,0,0,0,0,1,1,1,1]],[2,"tiger_sprite_2",0,7,[[5,2,false,-267,59]],[0,"a8K7T+FbRHHK0iDxcDXgbe",1],[5,32,70],[-79.1,-37.5,0,0,0,0,1,1,1,1]],[2,"tiger_sprite_3",0,7,[[5,2,false,-268,60]],[0,"edmfLr9zRCEpFqpG1ukM8g",1],[5,86,174],[-119.5,-63,0,0,0,0,1,1,1,1]],[2,"tiger_sprite_4",0,7,[[5,2,false,-269,61]],[0,"3cpBiEOdRK9Ymn/g6xiemI",1],[5,127,90],[-78.8,-58.9,0,0,0,0,1,1,1,1]],[2,"tiger_sprite_5",0,7,[[5,2,false,-270,62]],[0,"4dcDfUA/hAGI2Ksf7hJ76K",1],[5,107,77],[-64.4,46.2,0,0,0,0,1,1,1,1]],[2,"tiger_sprite_6",0,7,[[5,2,false,-271,63]],[0,"abdOJIZKtNc5Iy7eBhX1B6",1],[5,200,82],[105.3,-96.9,0,0,0,0,1,1,1,1]],[6,7,[64]],[2,"dragon_sprite_1",0,8,[[5,2,false,-272,65]],[0,"84BPKVelxDqZ4K7KhXQfiv",1],[5,167,139],[-24.9,-13.6,0,0,0,0,1,1,1,1]],[2,"dragon_sprite_2",0,8,[[5,2,false,-273,66]],[0,"e2oYWMYOJDg4zQ+ze8s6ND",1],[5,78,100],[-24.1,-94.6,0,0,0,0,1,1,1,1]],[2,"dragon_sprite_3",0,8,[[5,2,false,-274,67]],[0,"46OdvvsytCrJ5n9GYxvlpe",1],[5,107,118],[54.8,10.8,0,0,0,0,1,1,1,1]],[2,"dragon_sprite_4",0,8,[[5,2,false,-275,68]],[0,"65XqATdOtOPbyLJI4hHJnN",1],[5,138,127],[59.5,-62.6,0,0,0,0,1,1,1,1]],[2,"dragon_sprite_5",0,8,[[5,2,false,-276,69]],[0,"bfbsFxUYBGapPUAhoNq9HM",1],[5,182,245],[37.3,-60.6,0,0,0,0,1,1,1,1]],[2,"dragon_sprite_6",0,8,[[5,2,false,-277,70]],[0,"89I7o0dxRANI5Ee3jFSDyT",1],[5,195,62],[-144.4,-128.9,0,0,0,0,1,1,1,1]],[6,8,[71]],[10,"localized_any_text_sprite",25,[-278],[0,"cfsTz0UO5Lr7FlHURQ6CwB",1],[5,70,31],[0,-10,0,0,0,0,1,1,1,1]],[22,115],[10,"localized_any_text_sprite",26,[-279],[0,"7aBRfkIrNGpJk+JO0qMYwU",1],[5,70,31],[0,-10,0,0,0,0,1,1,1,1]],[22,117]],0,[0,6,1,0,-1,35,0,-2,37,0,-3,38,0,-4,39,0,-5,44,0,-6,49,0,-7,51,0,-8,53,0,-9,54,0,-10,57,0,-11,60,0,-12,62,0,-13,63,0,-14,65,0,-1,19,0,-2,56,0,-3,58,0,-4,21,0,-5,22,0,-6,64,0,-7,66,0,-1,18,0,-2,55,0,-3,20,0,-4,59,0,-5,61,0,-6,23,0,-7,24,0,-1,10,0,-2,11,0,-3,13,0,-4,41,0,-5,43,0,-6,45,0,-7,47,0,-8,15,0,-9,16,0,-1,36,0,-2,12,0,-3,40,0,-4,42,0,-5,14,0,-6,46,0,-7,48,0,-8,50,0,-9,52,0,7,118,0,8,116,0,9,100,0,10,99,0,-1,70,0,-2,69,0,-3,68,0,-4,67,0,-5,74,0,-6,73,0,-7,72,0,-8,71,0,-1,82,0,-2,83,0,-3,84,0,-4,85,0,-5,86,0,-6,87,0,-7,88,0,-8,89,0,-1,77,0,-2,76,0,-3,75,0,-4,25,0,-5,80,0,-6,79,0,-7,78,0,-8,26,0,-1,98,0,-2,96,0,-3,94,0,-4,92,0,11,114,0,12,107,0,0,1,0,-1,81,0,-2,4,0,-3,90,0,-4,91,0,-5,93,0,-6,95,0,-7,97,0,-8,9,0,-9,17,0,-10,7,0,-11,8,0,-12,67,0,-13,68,0,-14,69,0,-15,70,0,-16,71,0,-17,72,0,-18,73,0,-19,74,0,-20,25,0,-21,75,0,-22,76,0,-23,77,0,-24,26,0,-25,78,0,-26,79,0,-27,80,0,-1,10,0,-2,36,0,-3,11,0,-4,12,0,-5,13,0,-6,40,0,-7,41,0,-8,42,0,-9,43,0,-1,14,0,-2,45,0,-3,46,0,-4,47,0,-5,48,0,-6,15,0,-7,50,0,-8,16,0,-9,52,0,-1,27,0,-2,28,0,-3,29,0,-4,30,0,-5,31,0,-6,32,0,-7,33,0,-8,34,0,-1,18,0,-2,19,0,-3,55,0,-4,56,0,-5,20,0,-6,58,0,-7,59,0,-1,21,0,-2,61,0,-3,22,0,-4,23,0,-5,64,0,-6,24,0,-7,66,0,-1,107,0,-1,101,0,-2,102,0,-3,103,0,-4,104,0,-5,105,0,-6,106,0,-1,114,0,-1,108,0,-2,109,0,-3,110,0,-4,111,0,-5,112,0,-6,113,0,-1,99,0,0,10,0,-1,35,0,0,11,0,-1,37,0,0,12,0,-1,38,0,0,13,0,-1,39,0,0,14,0,-1,44,0,0,15,0,-1,49,0,0,16,0,-1,51,0,-1,100,0,0,18,0,-1,53,0,0,19,0,-1,54,0,0,20,0,-1,57,0,0,21,0,-1,60,0,0,22,0,-1,62,0,0,23,0,-1,63,0,0,24,0,-1,65,0,0,25,0,-1,115,0,0,26,0,-1,117,0,0,27,0,-2,82,0,0,28,0,-2,83,0,0,29,0,-2,84,0,0,30,0,-2,85,0,0,31,0,-2,86,0,0,32,0,-2,87,0,0,33,0,-2,88,0,0,34,0,-2,89,0,0,35,0,0,36,0,0,37,0,0,38,0,0,39,0,0,40,0,0,41,0,0,42,0,0,43,0,0,44,0,0,45,0,0,46,0,0,47,0,0,48,0,0,49,0,0,50,0,0,51,0,0,52,0,0,53,0,0,54,0,0,55,0,0,56,0,0,57,0,0,58,0,0,59,0,0,60,0,0,61,0,0,62,0,0,63,0,0,64,0,0,65,0,0,66,0,0,67,0,0,68,0,0,69,0,0,70,0,0,71,0,0,72,0,0,73,0,0,74,0,0,75,0,0,76,0,0,77,0,0,78,0,0,79,0,0,80,0,0,81,0,0,90,0,-1,92,0,-1,94,0,-1,96,0,-1,98,0,0,101,0,0,102,0,0,103,0,0,104,0,0,105,0,0,106,0,0,108,0,0,109,0,0,110,0,0,111,0,0,112,0,0,113,0,-1,116,0,-1,118,0,13,1,2,5,9,3,5,9,5,5,17,6,5,17,279],[0,0,0,0,0,0,0,0,0,0,0,0,0,0,0,0,0,0,0,0,0,0,0,0,0,0,0,0,0,0,0,0,0,0,0,0,0,0,0,0,0,0,0,0,0,0,0,0,0,0,0,0,0,0,0,0,0,0,0,0,0,0,0,0,0,0,0,0,0,0,0,0,0,0,0,0,0,0,0,0,0,0,0,0,0,0,0,0,0,0,0,0,0,0,0,0,82,83,84,85,86,87,88,89,92,94,96,98,99,100,107,114,116,118],[1,-1,-1,-1,-1,-1,-1,-1,-1,1,1,1,1,1,1,1,1,1,1,1,1,1,1,1,1,1,1,1,1,1,1,1,1,1,1,-1,1,1,1,1,1,1,1,1,1,1,1,1,1,1,1,1,1,1,1,1,1,-1,1,1,1,1,1,1,-1,1,1,1,1,1,1,-1,1,1,1,1,1,1,1,1,1,1,1,1,1,1,1,1,-1,-2,-3,-4,-5,-6,-7,-8,3,3,3,3,3,3,3,3,1,1,1,1,3,3,3,3,1,1],[26,2,2,2,2,2,2,2,2,27,3,1,1,3,1,3,1,3,1,1,1,1,1,3,1,1,1,1,1,3,1,1,3,1,1,8,3,4,3,4,4,4,3,4,4,4,3,4,4,3,4,3,4,4,3,4,4,9,28,29,30,31,32,33,10,34,35,36,37,38,39,11,6,6,6,6,6,6,6,6,40,41,42,43,44,45,46,47,12,48,13,49,14,50,15,51,2,2,2,2,2,2,2,2,15,14,13,12,8,9,10,11,16,16]],[[{"name":"multiplier_vfx_a_05","rect":[135,68,186,65],"offset":[0,0],"originalSize":[276,99],"rotated":1,"capInsets":[0,0,0,0]}],[0],0,[0],[2],[5]],[[{"name":"tiger_neon_06","rect":[1,185,200,82],"offset":[0,0],"originalSize":[200,82],"capInsets":[0,0,0,0]}],[0],0,[0],[2],[0]],[[[17,"neon_tiger",0.5833333333333334,2,{"paths":{"tiger_sprite_1":{"props":{"opacity":[{"frame":0,"value":0,"curve":"constant"},{"frame":0.08333333333333333,"value":255},{"frame":0.25,"value":0},{"frame":0.4166666666666667,"value":255}]}},"tiger_sprite_2":{"props":{"opacity":[{"frame":0,"value":255,"curve":[0.18,0.89,0.31,1.21]},{"frame":0.16666666666666666,"value":0,"curve":"constant"},{"frame":0.3333333333333333,"value":255}]}},"tiger_sprite_3":{"props":{"opacity":[{"frame":0,"value":255,"curve":"constant"},{"frame":0.16666666666666666,"value":0,"curve":"constant"},{"frame":0.3333333333333333,"value":255}]}},"tiger_sprite_4":{"props":{"opacity":[{"frame":0,"value":0,"curve":"constant"},{"frame":0.16666666666666666,"value":255},{"frame":0.3333333333333333,"value":0},{"frame":0.5,"value":255}]}},"tiger_sprite_5":{"props":{"opacity":[{"frame":0,"value":0,"curve":"constant"},{"frame":0.25,"value":255},{"frame":0.4166666666666667,"value":0},{"frame":0.5833333333333334,"value":255}]}},"tiger_sprite_6":{"props":{"opacity":[{"frame":0,"value":255,"curve":"constant"},{"frame":0.16666666666666666,"value":0,"curve":"constant"},{"frame":0.3333333333333333,"value":255}]}}}}]],0,0,[],[],[]],[[{"name":"dragon2","rect":[1,1008,112,38],"offset":[0,0],"originalSize":[112,38],"rotated":1,"capInsets":[0,0,0,0]}],[0],0,[0],[2],[0]],[[{"name":"dragon_neon_03","rect":[143,563,107,118],"offset":[0,0],"originalSize":[107,118],"capInsets":[0,0,0,0]}],[0],0,[0],[2],[0]],[[{"name":"light_bulb_flare","rect":[130,841,121,120],"offset":[0,0],"originalSize":[121,120],"rotated":1,"capInsets":[0,0,0,0]}],[0],0,[0],[2],[0]],[[{"name":"dragon4","rect":[123,964,118,42],"offset":[0,0],"originalSize":[118,42],"capInsets":[0,0,0,0]}],[0],0,[0],[2],[0]],[[{"name":"dragon_neon_01","rect":[1,421,167,139],"offset":[0,0],"originalSize":[167,139],"capInsets":[0,0,0,0]}],[0],0,[0],[2],[0]],[[{"name":"x5_grey","rect":[41,1121,26,38],"offset":[0,0],"originalSize":[26,50],"rotated":1,"capInsets":[0,0,0,0]}],[0],0,[0],[2],[0]],[[[17,"neon_dragon",0.75,2,{"paths":{"dragon_sprite_1":{"props":{"opacity":[{"frame":0,"value":255},{"frame":0.08333333333333333,"value":0,"curve":"constant"},{"frame":0.25,"value":255,"curve":"linear"},{"frame":0.3333333333333333,"value":0,"curve":"constant"},{"frame":0.5,"value":255}]}},"dragon_sprite_2":{"props":{"opacity":[{"frame":0,"value":255},{"frame":0.08333333333333333,"value":0,"curve":"constant"},{"frame":0.25,"value":255,"curve":"linear"},{"frame":0.3333333333333333,"value":0,"curve":"constant"},{"frame":0.5,"value":255}]}},"dragon_sprite_3":{"props":{"opacity":[{"frame":0,"value":0,"curve":"constant"},{"frame":0.08333333333333333,"value":255},{"frame":0.16666666666666666,"value":0,"curve":"constant"},{"frame":0.3333333333333333,"value":255},{"frame":0.5,"value":0,"curve":"constant"},{"frame":0.5833333333333334,"value":255}]}},"dragon_sprite_4":{"props":{"opacity":[{"frame":0,"value":0,"curve":"constant"},{"frame":0.25,"value":127.5},{"frame":0.3333333333333333,"value":0,"curve":"constant"},{"frame":0.5833333333333334,"value":255},{"frame":0.6666666666666666,"value":0},{"frame":0.75,"value":255}]}},"dragon_sprite_5":{"props":{"opacity":[{"frame":0,"value":0,"curve":"constant"},{"frame":0.16666666666666666,"value":255},{"frame":0.25,"value":0,"curve":"constant"},{"frame":0.4166666666666667,"value":255},{"frame":0.5,"value":0,"curve":"constant"},{"frame":0.5833333333333334,"value":255}]}},"dragon_sprite_6":{"props":{"opacity":[{"frame":0,"value":0,"curve":"constant"},{"frame":0.08333333333333333,"value":255},{"frame":0.16666666666666666,"value":0,"curve":"constant"},{"frame":0.3333333333333333,"value":255},{"frame":0.5,"value":0},{"frame":0.5833333333333334,"value":255}]}}}}]],0,0,[],[],[]],[[{"name":"tiger_neon_05","rect":[143,683,107,77],"offset":[0,0],"originalSize":[107,77],"capInsets":[0,0,0,0]}],[0],0,[0],[2],[0]]]]