[1,["9aR2wv0/BGvrJjvo3PE7oW","10AG0bQvVP8K4cCuHX8+z7","a4icbDLEpNgo3VDrLGBMzk"],["_textureSetter","total_win","win"],["cc.SpriteFrame",["cc.SpriteAtlas",["_name","_spriteFrames"],2,11]],[[1,0,1,2]],[[[{"name":"total_win","rect":[1,1,124,72],"offset":[0,0],"originalSize":[124,72],"capInsets":[0,0,0,0]}],[0],0,[0],[0],[0]],[[[0,"infoboard_win_text.plist",[{},"total_win",6,0,"win",6,1]]],0,0,[0,0],[1,2],[1,2]],[[{"name":"win","rect":[127,1,116,70],"offset":[0,-1],"originalSize":[116,72],"capInsets":[0,0,0,0]}],[0],0,[0],[0],[0]]]]