[1,["95XtJ51HZE37AWlzElUczv","44w0/qdOZPIohOK3SKKQMU","d6OwBhhbJOYrNpJ20I1iCZ","ee6mgUHppCRqr3vpCQ1I/q","d4eMmuudNCSYWmd1IJr0ps","99uBy8e0xAcY4RRSoDRLOC","50x6oa4yBBJoYENgpUtWu3","62TOvaLtZFPIcWcFp60lkO","6464N/fgZD4Kv1vbaG85Tw","61L+guWO1EjqePMbaIytDN","35trM0Ze1MdrkV1+EXCkoF","ebUj7ufHdNYILtO+31lnqM","8atou+2YZK2othpOYA+MDF","21p2zc+M9NB4qopisa3xep","d7fzVbzEpLm4IhlRXZL/PU","11KbfwfexNkq8WLciegHvt","07U5eOR11E5Y8ZRqtPm3U/"],["_textureSetter","value"],["cc.SpriteFrame",["cc.AnimationClip",["_name","_duration","sample","curveData"],0,11]],[[1,0,1,2,3,4]],[[[{"name":"2","rect":[155,120,57,68],"offset":[0,0],"originalSize":[57,68],"rotated":1,"capInsets":[0,0,0,0]}],[0],0,[0],[0],[1]],[[{"name":"5","rect":[73,1,57,70],"offset":[0,0],"originalSize":[57,70],"rotated":1,"capInsets":[0,0,0,0]}],[0],0,[0],[0],[1]],[[{"name":"infoboard_vfx_c_14","rect":[457,1,149,28],"offset":[26,20],"originalSize":[201,84],"rotated":1,"capInsets":[0,0,0,0]}],[0],0,[0],[0],[0]],[[{"name":"6","rect":[73,60,58,69],"offset":[0,0],"originalSize":[58,69],"rotated":1,"capInsets":[0,0,0,0]}],[0],0,[0],[0],[1]],[[{"name":"infoboard_vfx_c_13","rect":[1,343,173,66],"offset":[14,2],"originalSize":[201,84],"capInsets":[0,0,0,0]}],[0],0,[0],[0],[0]],[[{"name":"1","rect":[1,193,43,66],"offset":[0,0],"originalSize":[47,68],"rotated":1,"capInsets":[0,0,0,0]}],[0],0,[0],[0],[1]],[[{"name":"infoboard_vfx_c_11","rect":[188,87,187,78],"offset":[7,-3],"originalSize":[201,84],"capInsets":[0,0,0,0]}],[0],0,[0],[0],[0]],[[[0,"firework_anim",0.9375,16,[{},"comps",11,[{},"cc.Sprite",11,[{},"spriteFrame",12,[[[{"frame":0},"value",6,0],[{"frame":0.0625},"value",6,1],[{"frame":0.125},"value",6,2],[{"frame":0.1875},"value",6,3],[{"frame":0.25},"value",6,4],[{"frame":0.3125},"value",6,5],[{"frame":0.375},"value",6,6],[{"frame":0.4375},"value",6,7],[{"frame":0.5},"value",6,8],[{"frame":0.5625},"value",6,9],[{"frame":0.625},"value",6,10],[{"frame":0.6875},"value",6,11],[{"frame":0.75},"value",6,12],[{"frame":0.8125},"value",6,13],[{"frame":0.875},"value",6,14]],11,11,11,11,11,11,11,11,11,11,11,11,11,11,11]]]]]],0,0,[0,0,0,0,0,0,0,0,0,0,0,0,0,0,0],[1,1,1,1,1,1,1,1,1,1,1,1,1,1,1],[2,3,4,5,6,7,8,9,10,11,12,13,14,15,16]],[[{"name":"infoboard_vfx_c_08","rect":[190,1,185,84],"offset":[8,0],"originalSize":[201,84],"capInsets":[0,0,0,0]}],[0],0,[0],[0],[0]],[[{"name":"0","rect":[1,1,60,70],"offset":[0,0],"originalSize":[60,70],"rotated":1,"capInsets":[0,0,0,0]}],[0],0,[0],[0],[1]],[[{"name":"decimal","rect":[117,193,38,36],"offset":[0,0],"originalSize":[40,38],"rotated":1,"capInsets":[0,0,0,0]}],[0],0,[0],[0],[1]],[[{"name":"8","rect":[1,63,58,69],"offset":[0,0],"originalSize":[58,69],"rotated":1,"capInsets":[0,0,0,0]}],[0],0,[0],[0],[1]],[[{"name":"infoboard_vfx_c_04","rect":[377,1,173,78],"offset":[8,-2],"originalSize":[201,84],"rotated":1,"capInsets":[0,0,0,0]}],[0],0,[0],[0],[0]],[[{"name":"comma","rect":[69,193,40,46],"offset":[0,0],"originalSize":[40,46],"rotated":1,"capInsets":[0,0,0,0]}],[0],0,[0],[0],[1]],[[{"name":"infoboard_vfx_c_07","rect":[1,87,185,84],"offset":[8,0],"originalSize":[201,84],"capInsets":[0,0,0,0]}],[0],0,[0],[0],[0]],[[{"name":"infoboard_vfx_c_05","rect":[188,167,179,80],"offset":[8,-2],"originalSize":[201,84],"capInsets":[0,0,0,0]}],[0],0,[0],[0],[0]],[[{"name":"4","rect":[66,123,59,68],"offset":[0,0],"originalSize":[59,68],"capInsets":[0,0,0,0]}],[0],0,[0],[0],[1]],[[{"name":"infoboard_vfx_c_06","rect":[1,259,181,82],"offset":[8,-1],"originalSize":[201,84],"capInsets":[0,0,0,0]}],[0],0,[0],[0],[0]],[[{"name":"infoboard_vfx_c_10","rect":[1,1,187,84],"offset":[7,0],"originalSize":[201,84],"capInsets":[0,0,0,0]}],[0],0,[0],[0],[0]],[[{"name":"infoboard_vfx_c_03","rect":[184,329,169,74],"offset":[7,-1],"originalSize":[201,84],"capInsets":[0,0,0,0]}],[0],0,[0],[0],[0]],[[{"name":"9","rect":[144,61,57,69],"offset":[0,0],"originalSize":[57,69],"rotated":1,"capInsets":[0,0,0,0]}],[0],0,[0],[0],[1]],[[{"name":"3","rect":[145,1,58,69],"offset":[0,0],"originalSize":[58,69],"rotated":1,"capInsets":[0,0,0,0]}],[0],0,[0],[0],[1]],[[{"name":"7","rect":[155,179,55,68],"offset":[0,0],"originalSize":[57,68],"rotated":1,"capInsets":[0,0,0,0]}],[0],0,[0],[0],[1]],[[{"name":"infoboard_vfx_c_02","rect":[369,176,161,70],"offset":[6,0],"originalSize":[201,84],"rotated":1,"capInsets":[0,0,0,0]}],[0],0,[0],[0],[0]],[[{"name":"infoboard_vfx_c_00","rect":[355,339,147,56],"offset":[-1,-2],"originalSize":[201,84],"capInsets":[0,0,0,0]}],[0],0,[0],[0],[0]],[[{"name":"infoboard_vfx_c_12","rect":[188,249,173,78],"offset":[14,-3],"originalSize":[201,84],"capInsets":[0,0,0,0]}],[0],0,[0],[0],[0]],[[{"name":"infoboard_vfx_c_09","rect":[1,173,185,84],"offset":[8,0],"originalSize":[201,84],"capInsets":[0,0,0,0]}],[0],0,[0],[0],[0]],[[{"name":"infoboard_vfx_c_01","rect":[441,176,155,64],"offset":[3,0],"originalSize":[201,84],"rotated":1,"capInsets":[0,0,0,0]}],[0],0,[0],[0],[0]]]]