{"BonusWallet":{"BonusWallet":"Bonus Wallet","Offer":"Offer: %{id}","Expired":"Expired","Completed":"Completed","Discard":"Discard","DiscardWallet":"Discard Offer","WalletInuse":"Current Wallet","SelectWallet":"Select Wallet","BonusRatioLabel":"Roll-over Bal.","BonusRatioLabelFull":"Roll-over Balance","InitialBonusRatioLabel":"Roll-over Requirements","MaximumConversionRate":"Withdrawal Limit %{rate}","Expiry":"Expiry Date","BonusWalletDiscarded":"Discarded","DiscardWalletTitle":"Discard %{name}？","DiscardMessage":"By discarding Bonus Wallet, all remaining balance in the wallet will be discarded","LoadMoreData":"Pull up to load more","ReloadStartLoading":"Release to start loading","AllRecordDisplayed":"All record(s) displayed","ConvertedToCashTitle":"Conditions Met!","ConvertedToCashLimitDesc":"Balance: %{balance}\nWithdrawal Limit: %{withdrawal}\n\n%{amount} has been transferred to the cash wallet. Click the button to return to the cash wallet.","ConvertedToCashDesc":"Remaining balance of %{amount} has been transferred to the cash wallet, click the button to return to the cash wallet.","CurrentWalletExpired":"Current Wallet Expired","Acknowledge":"OK","AutoSwitchedToCash":"Your current bonus wallet has expired, click the button to return to the cash wallet.","BonusWalletInvalid":"Bonus Wallet Invalid","BonusWalletInvalidDesc":"Your current bonus wallet is invalid, click the button to return to the cash wallet.","NoOfferFound":"Please don't forget to visit us always, more offers will be made available in the future!","WalletLocked":"In Use","BonusWalletLockedTitle":"Bonus Wallet is Locked","BonusWalletLockedDesc":"Bonus Wallet is locked due to the latest spin in \"%{gameName}\" has not completed. Completing the spin may unlock this.","BonusWalletLockedInitDesc":"Bonus Wallet is locked due to the latest spin in \"%{gameName}\" has not completed. Completing the spin may unlock this.\n\nClick the button to return to the cash wallet.","CashWallet":"Cash Wallet","Game":"Game #%{id}","RollOverMode":"Rollover Mode","Cash":"Cash","Bonus":"Bonus","BonusWalletContinueTitle":"Your bonus wallet is currently in use","BonusWalletContinueDesc":"Current bonus wallet balance","BonusWalletExpiredTitle":"Bonus Wallet expired","BonusWalletExpiredNoPrize":"Bonus Wallet expired, remaining balance in the wallet has been discarded","ContinueGame":"Continue to Game","MoreOffers":"More Promotions","NextTime":"Later","BackToGame":"Back to Game","CompletedDialog":"Your bonus wallet \"%{bonusTitle}\" is complete. Click the button to return to the cash wallet.","SwapMode":"Switch Mode","SelectMode":"Select Mode","DialogRetry":"Retry","DialogCancel":"Cancel","ResourceLoadingMessage":"Loading","InsufficientBalance":"Insufficient bonus wallet balance! Click the button to return to the cash wallet."},"FreeGame":{"FreeGame":"Free Game","DiscardTitle":"Discard %{name}?","DiscardMessage":"By discarding free game(s), all accumulated prizes in the free game(s) will be discarded","Congratulations":"Congratulations","FreeGameCompletedWin":"Free Game(s) completed. You won","FreeGameCompletedNoWin":"Free Game(s) completed","FreeGameExpired":"Free Game(s) expired","FreeGameExpiredNoPrize":"Free Game(s) expired, all accumulated prizes in the free game(s) have been discarded","FreeGameViewRemaining":"You have %{games} free game(s) remaining","FreeGameViewAccumulated":"Accumulated prizes so far","ConvertToBonusWallet":"Winnings has been added into Bonus Wallet","ConvertToCashWallet":"Winnings has been added into Cash Wallet","Offer":"Offer: %{id}","MoreOffers":"More Promotions","BackToGame":"Back to Game","ContinueGame":"Continue to Game","PlayGameNow":"Play Now","DiscardGame":"Discard Offer","Expired":"Expired","Completed":"Completed","ExpiryDate":"Expiry Date","FreeGameRemaining":"Remaining %{gameCount} game(s)","FreeGameTotal":"Total %{gameCount} game(s)","DiscardWallet":"Discarded","GameInUse":"Current Game","MaximumConversionRate":"Withdrawal Limit %{rate}","LoadMoreData":"Pull up to load more","ReloadStartLoading":"Release to start loading","AllRecordDisplayed":"All record(s) displayed","Discard":"Discard","Acknowledge":"OK","UseBonusWallet":"Switch to Bonus Wallet","FreeGameInvalid":"Free Game(s) invalid","AutoSwitchedToCash":"Your current free game is invalid, click the button to return to the cash wallet.","NextTime":"Later","NoOfferFound":"Please don't forget to visit us always, more offers will be made available in the future!","SingleBet":"Bet","CurrentWin":"Total Won %{amount}","WalletLocked":"In Use","FreeGameLockedTitle":"Free Game is Locked","FreeGameLockedDesc":"Free Game is locked due to the latest spin in \"%{gameName}\" has not completed. Completing the spin may unlock this.","FreeGameLockedInitDesc":"Free Game is locked due to the latest spin in \"%{gameName}\" has not completed. Completing the spin may unlock this.\n\nClick the button to return to the cash wallet","Game":"Game #%{id}","CashWallet":"Cash Wallet","CompletedDialog":"Your free game \"%{freeGameTitle}\" is complete. Click the button to return to the cash wallet.","DialogRetry":"Retry","DialogCancel":"Cancel","ResourceLoadingMessage":"Loading"},"WalletHelper":{"Cancel":"Cancel","Confirm":"Confirm","View":"View","NextTime":"Later","ChangeWalletTitle":"Change Wallet","ChangeWalletDesc":"Switch to Cash Wallet?","WalletReminder":"Offer Reminder","NewWalletDesc":"Congratulations, you have new offers! Check it now?","WalletReminderDesc":"You still have ongoing offers! Check it now?"},"WalletList":{"CurrentWallet":"Cash Wallet","BonusWallet":"Bonus Wallet","FreeGameWallet":"Free Games","RemainingCount":"%{value} Remaining","PointWallet":"Point Wallet","CloseUp":"Close","CashDistribute":"Balance","WalletError":"Server Error"}}