{"paths":{"0":["texture/big_win/zh/bigwin_text",3],"1":["texture/infoboard/pl/infoboard_win_text",3],"2":["texture/infoboard/it/infoboard_win_text",3],"3":["texture/infoboard/ru/infoboard_win_text",3],"4":["texture/foreground/es/any",3],"5":["texture/warning_text/vi/atleast1",3],"6":["texture/infoboard/da/infoboard_win_text",3],"7":["texture/symbol/symbol",3],"8":["texture/symbol/symbol_blur",3],"9":["texture/big_win/ru/bigwin_text",3],"10":["texture/infoboard/it/infoboard_text",3],"11":["texture/foreground/th/any",3],"12":["texture/slot_tint/ko/play2",3],"13":["texture/warning_text/pt/atleast1",3],"14":["texture/slot_tint/id/play2",3],"15":["texture/foreground/tr/any",3],"16":["lib/setting_menu/texture/landscape/setting_menu_landscape",3],"17":["texture/warning_text/pl/atleast1",3],"18":["texture/infoboard/fi/infoboard_win_text",3],"19":["texture/infoboard/nl/infoboard_text",3],"20":["texture/big_win/id/bigwin_text",3],"21":["texture/warning_text/de/atleast1",3],"22":["texture/infoboard/no/infoboard_text",3],"23":["texture/slot_tint/ro/play2",3],"24":["texture/slot_tint/ru/play2",3],"25":["lib/setting_menu/texture/anim/turbo_vfx",3],"26":["texture/big_win/de/bigwin_text",3],"27":["texture/foreground/ro/any",3],"28":["texture/infoboard/es/infoboard_win_text",3],"29":["lib/setting_menu/audio/list_item_click",0],"30":["texture/infoboard/sv/infoboard_win_text",3],"31":["texture/warning_text/id/atleast1",3],"32":["texture/warning_text/ja/atleast1",3],"33":["texture/foreground/ko/any",3],"34":["texture/warning_text/ru/atleast1",3],"35":["texture/foreground/sv/any",3],"36":["texture/warning_text/no/atleast1",3],"37":["texture/infoboard/fr/infoboard_text",3],"38":["texture/foreground/fi/any",3],"39":["texture/infoboard/th/infoboard_text",3],"40":["texture/slot_tint/sv/play2",3],"41":["texture/warning_text/it/atleast1",3],"42":["texture/infoboard/sv/infoboard_text",3],"43":["texture/slot_tint/pl/play2",3],"44":["texture/infoboard/fr/infoboard_win_text",3],"45":["texture/big_win/ro/bigwin_text",3],"46":["texture/slot_tint/fr/play2",3],"47":["texture/infoboard/fi/infoboard_text",3],"48":["texture/infoboard/th/infoboard_win_text",3],"49":["texture/warning_text/zh/atleast1",3],"50":["texture/slot_tint/tr/play2",3],"51":["texture/slot_tint/da/play2",3],"52":["texture/big_win/it/bigwin_text",3],"53":["texture/warning_text/th/atleast1",3],"54":["texture/warning_text/atleast1",3],"55":["texture/foreground/ja/any",3],"56":["audio/bgm_mg_prize",0],"57":["texture/infoboard/ro/infoboard_win_text",3],"58":["texture/foreground/da/any",3],"59":["texture/infoboard/zh/infoboard_text",3],"60":["texture/big_win/da/bigwin_text",3],"61":["lib/setting_menu/texture/hd/zh/setting_menu_locale",3],"62":["texture/infoboard/ja/infoboard_win_text",3],"63":["texture/infoboard/ru/infoboard_text",3],"64":["lib/setting_menu/texture/hd/setting_menu",3],"65":["texture/slot_tint/es/play2",3],"66":["texture/infoboard/infoboard_text",3],"67":["texture/slot_tint/no/play2",3],"68":["texture/big_win/tr/bigwin_text",3],"69":["texture/warning_text/ro/atleast1",3],"70":["texture/warning_text/tr/atleast1",3],"71":["texture/foreground/ru/any",3],"72":["texture/foreground/fr/any",3],"73":["audio/bgm_mg_main",0],"74":["lib/setting_menu/texture/hd/setting_menu_locale",3],"75":["texture/big_win/ja/bigwin_text",3],"76":["texture/slot_tint/fi/play2",3],"77":["texture/big_win/ko/bigwin_text",3],"78":["texture/big_win/sv/bigwin_text",3],"79":["lib/setting_menu/audio/menu_icon_press",0],"80":["texture/infoboard/vi/infoboard_text",3],"81":["texture/infoboard/no/infoboard_win_text",3],"82":["texture/infoboard/id/infoboard_text",3],"83":["texture/big_win/no/bigwin_text",3],"84":["texture/infoboard/infoboard_win_text",3],"85":["texture/slot_tint/th/play2",3],"86":["texture/big_win/th/bigwin_text",3],"87":["texture/infoboard/pl/infoboard_text",3],"88":["texture/foreground/zh/any",3],"89":["lib/setting_menu/audio/wallet_counting_above",0],"90":["lib/click_effect/texture/click_atlas",3],"91":["texture/foreground/de/any",3],"92":["texture/warning_text/es/atleast1",3],"93":["texture/infoboard/vi/infoboard_win_text",3],"94":["texture/big_win/fr/bigwin_text",3],"95":["texture/slot_tint/nl/play2",3],"96":["texture/foreground/id/any",3],"97":["texture/warning_text/da/atleast1",3],"98":["texture/infoboard/es/infoboard_text",3],"99":["texture/big_win/bigwin_text",3],"100":["texture/slot_tint/vi/play2",3],"101":["texture/infoboard/nl/infoboard_win_text",3],"102":["texture/foreground/no/any",3],"103":["texture/foreground/pt/any",3],"104":["texture/slot_tint/de/play2",3],"105":["texture/big_win/nl/bigwin_text",3],"106":["texture/foreground/nl/any",3],"107":["texture/slot_tint/ja/play2",3],"108":["texture/warning_text/fr/atleast1",3],"109":["texture/infoboard/da/infoboard_text",3],"110":["texture/big_win/fi/bigwin_text",3],"111":["texture/infoboard/de/infoboard_text",3],"112":["texture/infoboard/tr/infoboard_text",3],"113":["texture/foreground/vi/any",3],"114":["texture/big_win/vi/bigwin_text",3],"115":["texture/infoboard/id/infoboard_win_text",3],"116":["texture/slot_tint/play2",3],"117":["lib/setting_menu/audio/slider_effect",0],"118":["texture/infoboard/de/infoboard_win_text",3],"119":["texture/foreground/it/any",3],"120":["texture/warning_text/sv/atleast1",3],"121":["texture/infoboard/zh/infoboard_win_text",3],"122":["texture/infoboard/pt/infoboard_text",3],"123":["texture/big_win/pt/bigwin_text",3],"124":["texture/slot_tint/pt/play2",3],"125":["texture/warning_text/ko/atleast1",3],"126":["texture/foreground/any",3],"127":["texture/big_win/es/bigwin_text",3],"128":["texture/foreground/pl/any",3],"129":["texture/big_win/pl/bigwin_text",3],"130":["texture/slot_tint/it/play2",3],"131":["texture/infoboard/pt/infoboard_win_text",3],"132":["texture/infoboard/ja/infoboard_text",3],"133":["texture/warning_text/fi/atleast1",3],"134":["texture/infoboard/ko/infoboard_text",3],"135":["texture/infoboard/ko/infoboard_win_text",3],"136":["texture/warning_text/nl/atleast1",3],"137":["texture/infoboard/ro/infoboard_text",3],"138":["texture/slot_tint/zh/play2",3],"139":["audio/GeneralAudio",0],"140":["texture/infoboard/tr/infoboard_win_text",3],"141":["texture/warning_text/de/atleast1",5,1],"142":["texture/foreground/ja/any",5,1],"143":["lib/setting_menu/prefab/general/setting_slider_single_num",2],"144":["texture/warning_text/fi/atleast1",5,1],"145":["texture/infoboard/fr/infoboard_win_text",4],"146":["lib/setting_menu/texture/hd/setting_menu_locale",4],"147":["texture/infoboard/vi/infoboard_win_text",4],"148":["texture/foreground/tr/any",5,1],"149":["lib/setting_menu/texture/anim/turbo_icon_up",1],"150":["texture/big_win/de/bigwin_text",4],"152":["texture/foreground/pt/any",5,1],"153":["texture/infoboard/no/infoboard_text",4],"154":["texture/big_win/vi/bigwin_text",4],"155":["texture/big_win/it/bigwin_text",4],"156":["texture/infoboard/da/infoboard_win_text",4],"159":["texture/foreground/zh/any",5,1],"160":["texture/slot_tint/nl/play2",5,1],"161":["lib/setting_menu/prefab/others/land/payout_button",2],"162":["texture/infoboard/nl/infoboard_win_text",4],"164":["texture/big_win/fr/bigwin_text",4],"165":["texture/warning_text/es/atleast1",5,1],"166":["lib/setting_menu/prefab/others/rules_button",2],"167":["load_res/spin_button_controller",2],"168":["lib/click_effect/prefab/click_effect_layer",2],"169":["texture/warning_text/ru/atleast1",5,1],"171":["texture/foreground/da/any",5,1],"172":["lib/setting_menu/prefab/others/land/more_menu_button",2],"174":["texture/big_win/fi/bigwin_text",4],"175":["texture/infoboard/fr/infoboard_text",4],"176":["load_res/slot_controller",2],"177":["lib/setting_menu/texture/hd/setting_menu",4],"178":["texture/infoboard/ko/infoboard_win_text",4],"179":["texture/warning_text/nl/atleast1",5,1],"180":["texture/infoboard/infoboard_text",4],"181":["texture/foreground/fi/any",5,1],"182":["texture/infoboard/th/infoboard_text",4],"183":["texture/warning_text/ko/atleast1",5,1],"184":["texture/foreground/sv/any",5,1],"185":["lib/setting_menu/texture/anim/turbo_lighting_style_3",1],"187":["texture/big_win/pl/bigwin_text",4],"189":["texture/infoboard/pt/infoboard_win_text",4],"191":["lib/setting_menu/prefab/others/land/hide_more_menu_button",2],"192":["texture/foreground/ko/any",5,1],"193":["texture/infoboard/de/infoboard_win_text",4],"194":["texture/big_win/no/bigwin_text",4],"195":["texture/infoboard/no/infoboard_win_text",4],"198":["lib/setting_menu/prefab/general/back_button",2],"199":["texture/slot_tint/it/play2",5,1],"200":["texture/slot_tint/zh/play2",5,1],"201":["load_res/fast_spin_effect_controller",2],"202":["texture/foreground/ru/any",5,1],"203":["load_res/double_win_display_controller",2],"205":["texture/big_win/pt/bigwin_text",4],"206":["texture/warning_text/sv/atleast1",5,1],"208":["texture/infoboard/ru/infoboard_win_text",4],"209":["texture/slot_tint/sv/play2",5,1],"210":["texture/big_win/es/bigwin_text",4],"211":["texture/foreground/no/any",5,1],"212":["texture/slot_tint/th/play2",5,1],"213":["texture/foreground/es/any",5,1],"214":["texture/slot_tint/play2",5,1],"215":["texture/warning_text/tr/atleast1",5,1],"216":["texture/infoboard/sv/infoboard_win_text",4],"218":["lib/setting_menu/prefab/others/land/rules_button",2],"219":["texture/slot_tint/es/play2",5,1],"222":["texture/big_win/ru/bigwin_text",4],"223":["lib/setting_menu/prefab/others/history_button",2],"224":["texture/big_win/zh/bigwin_text",4],"225":["lib/setting_menu/prefab/others/land/sound_button",2],"226":["texture/infoboard/ru/infoboard_text",4],"227":["texture/infoboard/da/infoboard_text",4],"228":["lib/setting_menu/texture/anim/turbo_vfx",4],"230":["texture/slot_tint/pt/play2",5,1],"231":["texture/infoboard/fi/infoboard_text",4],"232":["texture/infoboard/tr/infoboard_win_text",4],"233":["texture/symbol/symbol_blur",4],"234":["lib/setting_menu/prefab/others/turbo_spin_button",2],"235":["texture/warning_text/no/atleast1",5,1],"236":["texture/infoboard/it/infoboard_win_text",4],"237":["texture/infoboard/ro/infoboard_win_text",4],"238":["lib/setting_menu/prefab/others/land/quit_button",2],"239":["texture/foreground/nl/any",5,1],"240":["texture/foreground/ro/any",5,1],"241":["texture/infoboard/ja/infoboard_win_text",4],"242":["texture/infoboard/pl/infoboard_text",4],"243":["texture/infoboard/tr/infoboard_text",4],"244":["texture/infoboard/ro/infoboard_text",4],"246":["texture/warning_text/pl/atleast1",5,1],"247":["texture/infoboard/infoboard_win_text",4],"248":["texture/warning_text/ro/atleast1",5,1],"249":["texture/slot_tint/ro/play2",5,1],"250":["lib/setting_menu/texture/landscape/setting_menu_landscape",4],"251":["texture/infoboard/es/infoboard_text",4],"252":["texture/foreground/vi/any",5,1],"253":["texture/symbol/symbol",4],"254":["texture/foreground/de/any",5,1],"255":["texture/warning_text/da/atleast1",5,1],"258":["texture/infoboard/zh/infoboard_win_text",4],"259":["texture/foreground/any",5,1],"260":["texture/infoboard/zh/infoboard_text",4],"261":["lib/setting_menu/prefab/others/spin_options_button",2],"263":["lib/setting_menu/prefab/setting_menu/land/setting_menu",2],"264":["texture/big_win/ro/bigwin_text",4],"265":["texture/big_win/th/bigwin_text",4],"266":["load_res/footer_controller",2],"267":["texture/warning_text/zh/atleast1",5,1],"268":["texture/big_win/ja/bigwin_text",4],"270":["texture/slot_tint/de/play2",5,1],"271":["texture/infoboard/th/infoboard_win_text",4],"272":["lib/setting_menu/prefab/general/setting_slider_num",2],"273":["texture/infoboard/nl/infoboard_text",4],"274":["texture/big_win/sv/bigwin_text",4],"275":["texture/slot_tint/fr/play2",5,1],"276":["lib/setting_menu/prefab/others/more_menu_button",2],"277":["load_res/background_controller",2],"278":["texture/infoboard/pl/infoboard_win_text",4],"279":["texture/warning_text/th/atleast1",5,1],"280":["lib/setting_menu/prefab/others/land/smartbot_button",2],"281":["texture/big_win/id/bigwin_text",4],"283":["texture/warning_text/it/atleast1",5,1],"284":["lib/setting_menu/prefab/info_footer/setting_info_footer_controller",2],"285":["texture/big_win/bigwin_text",4],"286":["texture/warning_text/atleast1",5,1],"288":["lib/setting_menu/prefab/others/payout_button",2],"289":["texture/big_win/ko/bigwin_text",4],"290":["lib/setting_menu/texture/anim/turbo_icon_loop",1],"291":["texture/slot_tint/id/play2",5,1],"293":["lib/setting_menu/prefab/info_footer/land/setting_info_footer_controller",2],"294":["texture/foreground/pl/any",5,1],"295":["texture/infoboard/de/infoboard_text",4],"297":["lib/setting_menu/prefab/others/quit_button",2],"298":["texture/big_win/tr/bigwin_text",4],"300":["texture/infoboard/it/infoboard_text",4],"301":["load_res/foreground_controller",2],"302":["lib/click_effect/animation/click_effect",1],"305":["load_res/slot_tint_controller",2],"308":["texture/warning_text/id/atleast1",5,1],"309":["lib/setting_menu/texture/anim/turbo_lighting_style_2",1],"310":["lib/setting_menu/texture/anim/turbo_icon_1st_up",1],"311":["load_res/infoboard_controller",2],"312":["load_res/multiplier_controller",2],"313":["lib/setting_menu/texture/anim/turbo_lighting_style_1",1],"314":["lib/setting_menu/prefab/others/minus_bet_button",2],"315":["lib/click_effect/texture/click_atlas",4],"316":["texture/slot_tint/ja/play2",5,1],"317":["texture/warning_text/ja/atleast1",5,1],"318":["texture/big_win/da/bigwin_text",4],"319":["texture/slot_tint/pl/play2",5,1],"320":["texture/foreground/fr/any",5,1],"321":["texture/slot_tint/fi/play2",5,1],"322":["lib/setting_menu/prefab/others/hide_more_menu_button",2],"323":["texture/infoboard/sv/infoboard_text",4],"324":["texture/slot_tint/ru/play2",5,1],"325":["texture/warning_text/pt/atleast1",5,1],"326":["texture/foreground/it/any",5,1],"328":["load_res/double_win_controller",2],"329":["texture/infoboard/id/infoboard_win_text",4],"330":["texture/big_win/nl/bigwin_text",4],"331":["lib/setting_menu/prefab/others/land/max_bet_button",2],"332":["texture/slot_tint/da/play2",5,1],"333":["texture/foreground/th/any",5,1],"335":["texture/foreground/id/any",5,1],"337":["load_res/pay_select_effect_controller",2],"342":["lib/setting_menu/prefab/setting_menu/setting_menu",2],"343":["texture/infoboard/es/infoboard_win_text",4],"344":["texture/slot_tint/vi/play2",5,1],"345":["texture/warning_text/fr/atleast1",5,1],"346":["texture/warning_text/vi/atleast1",5,1],"347":["lib/setting_menu/texture/hd/zh/setting_menu_locale",4],"348":["lib/setting_menu/prefab/others/plus_bet_button",2],"349":["texture/infoboard/id/infoboard_text",4],"350":["load_res/big_win_controller",2],"351":["texture/slot_tint/ko/play2",5,1],"352":["texture/infoboard/ja/infoboard_text",4],"353":["texture/infoboard/vi/infoboard_text",4],"354":["texture/infoboard/pt/infoboard_text",4],"356":["texture/infoboard/fi/infoboard_win_text",4],"357":["lib/setting_menu/prefab/others/land/history_button",2],"358":["texture/slot_tint/no/play2",5,1],"359":["lib/setting_menu/prefab/others/sound_button",2],"360":["texture/infoboard/ko/infoboard_text",4],"363":["lib/setting_menu/prefab/others/smartbot_button",2],"364":["texture/slot_tint/tr/play2",5,1],"365":["load_res/reel_select_controller",2]},"types":["cc.AudioClip","cc.AnimationClip","cc.Prefab","cc.Texture2D","cc.SpriteAtlas","cc.SpriteFrame"],"uuids":["01HVrbv/5E758L7JrQYnm5","070Q2ol/pGn7SCSMEIsmFZ","09O75hrVdAk5XsTNL3n9Ht","0bJfR35YpDS7kcngOy0LC8","0fxRYCpapMnKuR8LUg8tbX","10LeeDr+5IHaVFScVyaU3j","13Vzprd9NAqKww3LTHmmHH","14F8J4EkhGk6wT593Jzr1y","15avV7x9pGN5Yrzt/M9z3c","16cmv0tPFDuqIs54IjW66N","1aHJTdSKlKZ52kJtlH8GpA","1dbmsi4WNINY0UK/4X2aJZ","1d/hfabstOJKvVSdIvWfBz","21Iq0AMQpL8ad6kZmaPJRP","22GeVzBApAz7D9/tgl/vPB","22iXyj4nJK4L6uYJsdOa0X","22lqnZQStKwbp2itKv/jia","23H0BgUK9JAoTOr7LbufGy","23x31JICJMjpImoMuRWiJG","24miNkf6hPq6dfI0M02bGb","25WUvMX4dCpb8uL0OWszUe","2aOR5aPiNEx4R4mK2LKW4O","2cmFAD52VPwICzk4FvyGR8","2dQBNRlLxBm65rcQUoYArE","2eCifQWiNK67NpNld6WPKQ","31tDZxlrBAMpJvSC5RmZkn","32QRCCvlJEQ67cKLI+mCpA","323XMdUjNG06iK9gMat7Pz","33PhdgvXhLo4bEdcaEpebH","36c3bdBEFIpbaimkDqGWHe","36scPKqzFE55E4BQOjas/I","3ayDLCU8pObbKxoSuT35Q9","3cJJMymlJKFIgv0PJxwSyS","3dzSZSijtLwZ9CMh36pV+u","3d+mRW3lhJHKtxXr2m7Ti+","432R5BZR9PTZr99/IW+Fm6","45Q5hPZmxMPJej/QaZr18n","45Sl4CojlJzZl6RM/zT5m7","4cdfrK0DRK8oYpAZxWt7he","4e3wBvNwlIaqfkMVLZa8x5","50cWK/HClAQJoB+ZK+9J35","516fp+DYBEjJDkVz9GuWjO","524BEdClpDe44MHYstuPq/","53mtKJv8JIOasGVAqhCz2H","54RjD+Kr5HSbK3wX8BUrxb","554oDFMLhC1LCxT5Hj1/hG","555nFIyoBJqatNVPBJ7sjb","57M5QOgvRIdL2qGLbObNPq","5aK+rlTzBGq5eutOGICKiJ","5bFr1wsjVDsYR8r4WCKh9i","5eAQ5BMplAyr0RhOKaRNgc","5evOcpFe5IMb/7PZ05IVXY","5fVOypnylEFIX1SHyetJcF","5f1/pGQ05LZrD93N8OtAZr","5f6u23C8ZBUJZliKIblHK1","6alWjmn/5HEpFAARn3odhh","6cYx+VMF5NrY8xBcdvooOZ","6dnxqsc0tEwp65yuZm9+Sv","6dp7+028JGoITHk5B+bNuu","6e3ox3f19EK7ObGNHX5WED","71aUENvRNOx5OzLFDqy+OC","73tULYH41JvpYzLwhm+ddm","74ZwA1rVdPJ4rJz6SjLFQ6","75WrFjEDFGPa5CxqrdnXPq","755QemO8VKoYn/j8Mchu8M","78qtpTV5VMKY3Fr/4lhRR/","79fgkdWx5JLKj34YfY6164","7cAYLIKihPyZhRJz54a8Go","7crQD/9hdMmrO7EAXGIYGi","7edMyOpplF8aLbJMWfcSvG","7forAq5rRIXI3wEMTdFTiE","80OTebNLhIZqG99IBr9i9a","81AQ5x2p9NpJ5u8vZqe5nQ","85aJjhF4lEvoERkLAP7oss","873OkQSWVMYI2sOjIYfPfk","88ezECHUJMJpaPKZ8W4x8b","8aq9f0M29MPqsm5+R66LDh","8a/RuJmnxPGLy24AWtXN/Y","8bVcoHFK9JxKnzTX3mlCdK","8dQz7gkPNNaahYZ8JS6gup","8d0j9mpl5NeaOgq5ev1BiB","91/khzdSRJwKT368hrY1hB","926dJvaDdBxIBqusVRdKsa","93p35vOLhPUaW+u0CNLo6U","9aR2wv0/BGvrJjvo3PE7oW","9a/ESE9hVFSo8z5hpNyjPI","9bHy+3xStKcrO5M6aKRLTX","9caLNzKvpByKMYrlIJYSsj","9ddf70fuVPX4bmDFpHTGge","a0PoqT6p1LA4t/JT3G9ozp","a0emHyPaVA67szpITHEsY7","a37nG7jepHH5iqPp8xAYoW","a68Ev4haxJKrfxtQ/oM2ym","a8Id+pUUtHVKh7Tu9JmhW4","a93Cep7F9NxJ968yVCVST6","aa9T5oNoNP84Df9vI/pz5i","b1KmNVV6VAcLwYaFahvT2+","b4NP8/JAxGCpPkUtSmVyyw","b4R8ojkdFBY5qaDN4sQ0/T","b4lDvMLoxE0rPcIuAalKy5","b7EdHrSlVObYwpP6yUtDsD","b7nI0RYOpNKJdmqtRE8beW","b8HeLID5hE9qvIqZBi3Qqp","b8Pm0hOvFGPZ+//BveqT6h","bb6CMbDq1DiKIzZY1fBfvz","bcAhfdaUxHfL1DVoEZzL1S","bcRNIKKuxD4brJTDacGlJB","bcowmkmW9FkILToW3PU1dK","bd3PltcXVKHpY67STNvRDb","beIxfSjNBIMZiGUcUf5fAB","bfAdCKPVpPcpUTJiEghQrX","c2RFJzmCRAoqflCDH/mvV7","c5QNOgdgROr6RRYj/D2QiS","c6qFYk8VJCaaBzEpCoJpmj","c90BIKkoRFdJ5Qi3M1xPjt","carQ/m/R5E541gVd2UQ/Ci","ceWpLBaK1GxYp/2xAfg+M7","d0TZJXuUZMu7O/UDk1TLN3","d5QlzxlUJNerkhKb6BOgyk","d6T5GVyqJNz7rB1uQJGsCo","d7S1o7371MjrtHHxPqDWe/","dc29fb0IZGxqJnu7ZLAqD/","dfbaAkYpxCjr8xPdRaWPHJ","e3uLBHKFNAdo6tVKKn8eyr","e5CD1AAhFLKpfXnPzxtD7i","e8tAMfUstCs4FdvQR+2UXK","e9jStn0ktJGLHu3Sb0isil","ecWxNe1H5AJ4aZgo0rCqSB","ec99jebKBHq6MkBK6h8ind","f0vwGAdUZMaqFwohm+IzKQ","f2QbM/LGdOKqYEHKmBltc5","f3TBu/KQFIDqtprcoc8DUE","f4QkwCtb1DVavr7pi6ljqs","f6lUDkve9BYaK8q9786D9e","f80UtQT25Ay5a5huHeRXnI","f9G1CAAR5BiKMn+FPOwaTT","f94hhvEdFA3KpMSLl/n3IO","faFJ/7DFhLoIs+RHTsSmyK","fa9ZLBWF5K7IyYai7vE7hL","fcKauKYj5P2pEL2ReZ/vBW","fcpOB/PMNN0pVwj6326VF4","00T0bnTd1Eo6mMqc91vDCf","02jcEEXLFDmIUSYDhvxRYY","03QEQiHqhPLrQE0HXRDaE2","044Xv/g9ZJK5qyAmyTscO0","05YQEEi81AUYqedgwiFMcN","05cM49Jd5IPpWsETPQc4tg","06aaVodYZACY50ohBjBV/r","08KjIZlEJL/a6TkT/SPjME","08TaJZFSFCTpKM6/2/8Pyp","086+rnpFJMTbf9gwSQOfYj","09ph9H2qxJaIi2xeJKq5D0","0aJ8/74AxKd6QFXxcztpTY","0b7M4LqCdD25TtfNtXHhJn","0b+/RWdGRBzaQntmjzrzwM","0ctDk46GNFi5KUq+XsgzuN","0eihwcAGpGYImWhxm0JFcN","10dkBv9tNNZIDCPfRcaJj7","13Ktp17KRCdpxAtbK3/Zq/","15f58beqtCuKCtTfOwQPvj","151iCUoDJEjqDhyR/kncAx","17MsA+5CtIF4/cbSpu+C2a","17xx29DT9NgbODKmFtzIAr","18K+2cjhtB3pBDjk9N2ToT","18xUl6wCFNSJSvV/3UabJB","1aSLt9w/RD5YAzxrSlHSA0","1a4Ls1X19M477cZ5ZpDVTJ","1dYpo805hGVJenGRboLaLa","1dfmTFHexCxpeSh2HrcwrL","1fBA7IKctEy4o9S6Rn0xIV","1f0QA1X0RKyLMMbZG3b5rO","20fQ6Ht5tB0qVdcf9NmpOn","22gpPiFL9L37CT0qDNokPT","23UYauIeNGNoW4Inb+QRku","24T5Du2JxHwoA7oC9gqJdU","248YRFG6NNaJYmHDtf17ra","26krP+VuxOH5wRn3t3LMOu","27OKpY16NCU4xWpDSxorJZ","27bsQCjLpPP6KS8uiUdgLN","27mzGf1lFHmpzMzWjoBc4Z","29dVrAm+JFJ7MPtZO40rKB","2dP8n/0ZJM87Z9bxPNpdwi","31AlKO9ElHaYQUeOZDWeTL","32vnY0La5FC5Zo4QIWpTkc","372hx560JH47mD3gVu3CDO","393E3xGRJB6JlOeZ1lhWR0","3aa0ljqvlGpY52ZrMoGrb6","3fWu55Di1BrLJzsa+Y4T+h","402UOHfB9Gw5viTFg2srVg","4124eciWhLsYO1MnPr+2T1","419sSvm7RKfIvvFwlVXylf","42Jm0++sBKOK7O/gy/BCh0","42O1PbD0RPMYVgKRdr6Bnu","42TXQndBJPEpdFQq/Uyo4C","43MvvXd7ZAkJWD5iWJO52V","44DDyAP75MV4gjNJtxEpaM","44w0/qdOZPIohOK3SKKQMU","45gI6A0iZHvL9U2JNXIt+h","484KNHTaNDfrM+lf3kJyBr","495Tc0SnNGmqf08Vo7Ak5P","4cIyZ9NZlIRryqoFvs5+ho","4c/8oy0sVFE4sbdKleMoiM","4dnPTl07FGba5xD45eQq/b","51aOzvzDhAiqYxXJaFqJjc","51k7GcuKBBC4QCa+acbn4p","52iTm0rAtMAY7/doiwBP6S","53RTQmBH1CArSv8tIE2yNN","53clR4utFL0oJDszlc79nK","55PDe4HqlOwKflnd+QGSjt","55YrqCs5ZNAK5OB9wJbdl5","57zWkkRVlEu56dTe9eGFlC","588dlCGQZJk7i88KclPXkO","5cFhOnAlpC8IkXYI2w7lix","5dJmkMgDhFEaRia0cf0yTR","5fYYwvix5NUpmIl4BiK98J","62pI6kiY5EC6123vnzCMMM","63Abwu8CFF0LWh/oKuICwO","63aGwI7pxLarAO8gK6WoID","632MF1jC9Ctbhi6DcaVyfg","64KSKE0AlBlIHg3T49kqL2","650umEwHRJWKDYlF6hDdRt","69Zr61y2NDDLfLpEBqzDuZ","6b2wyt4cVOy5nagEmZcwkP","6eX1vHPz1Ppr545GRdbGax","6fyc789RtC75xuUmwGmdvL","73xtl+bzVAN4q2K/fwxC6N","748wRvJXRMfaTtrg52/UEx","75LJgZvX1LAKOrGknMu1HU","75uL6mrWBEb7TB3Kdkr43W","76qtFDmBpGS7St1/ASGH7T","768MpE0HdL17J2weH42vWj","77QU8eqZZMe6cvViospJI9","78p8DK+GtPd46dNX0HgkQe","7axXigUWRJ65sFgziylAwi","7bR0PPWv9J+64Eu+m6Q3He","7cInNU+U5B9pwsUY/s/Ind","7cKhMjAVhAC5IAe0yBsQwR","7dvisPseRLpJr4woruaaSY","7eIXa4CpxIu4pq9jsTOyeH","7exxf0ly9Po4yhL+rwtYFy","7f54/J5IROHaEL0eSJXjXf","80qZsnAghORKdrrA1khNU8","81DOni7XNLTqIHkt6xvVhL","81uKQLVlBFQLlMgljbgTu8","81+SstZWRKVK/hh4RhI+0Y","83P0mZBr1LTIRFUElMXx12","85WyTwgNpGM5C7bNfQZFNJ","86+xv94SJACIYLzsvm7NUg","87Vx16MeRBCLZmBL+f0EFP","875I3zoItODqLuEJ+Ozz5W","879q9vbdFE7b9UXnMp4Sii","8aCWJVwUBNA7HROtHDHWpA","8a55ndqEZNk4ejMTsEUUYZ","8b6iMji8RLOYdPWMrlKlbU","8ejxBOUE9MtIQIpnboHu+L","8fsVE9S0lOUqcmLm47graK","92JAABjNZHEZF2Ttv+8J5/","92VO3pA6pPnpwUk0B5hD1O","93PRWAhH1AZIcOXKjsAqmk","9339gbsodDaI7wk5aaOF9d","94NZ64grNHTb6jBfSZ7vfP","95Duaf8flBjrJF7bIIOD36","95XtJ51HZE37AWlzElUczv","95gOPzwnlE+o4wdzZRTEzR","96u1ApQMpHv46VzUMcFZ7Y","97KP9bTr5I9LLPOPLUwXRo","97S1z5ITBAE4T6V4P6kY8t","97eK0wjFtJoJqpU4BP9xwF","98YIE8QIVIOamhkG7JAfpI","98uEYbWFNN5rWo5Op85a7W","98x/3u2U5NMaxmqk4BhHqU","9aeQbYA71KKZmTEHaZcwfC","9cpeJY8NtGlo2Iz7+hPAmk","9dmJ+nwDJK5Z6B0nL6BC8b","9fNK0x/URA8YogbcMLRSDh","9fXU6HSKxAYb2qJDWpBGd9","9f91nz6mhAzrPCNpRyJmRt","a1p3Yp7I1Gi5dhh9JFwmeW","a1qBrtpXVBxZA3ZMKsLp2j","a4T2vGChhEx6TWytnvRvi6","a465B1mTBI3rT7k2H7Lvkc","a47rm/T/tDjZu3RaIPafW2","a5TnfVDZxB5pZIr+VXt4pd","a6chY/RB9Iz7J/Gw6anxIh","a8NGW0Iz5FmoYtp2wWEMdw","a8kh7coPZOIKKXpN+dB8vK","a88sS6zOFMZ7j2XI5zQBlB","a9G19VzgFDGrX4P5x+fwx/","ablIS9P4VJn40J2sVTxaW3","acdOLnynNCaYt4k5SFCgQM","aehRTVPVNHfJ+I3C8T1eE5","af7GhcGStHIaH5PdgyxkCH","b15yI/T6dGV4yycnGCJmiT","b2xCWA5edC6qr7bo4xjFIH","b56bf8vZVIAZloJs8Je0YF","b7EXuLtmNOdbFRlS8aUah3","b7YvGOKq1KhoovxGrU3evF","b9ZbRiO1BDsLeZTwo8Ic8D","b9dMKPvutLMIo1YkDMwRxb","b9ug2q6c5KxbNtpZmnHwMS","b92q+tB+VBoKjLFSqguULj","bbaIg3WW9KJq+cQixpC5x1","bdVzb8341HO5RSqGy4JgSl","bdbHP7IndM8pZnZJMCA1Eh","bdbrqIiX5Ha4TUSZnr4EPE","bdoIMGWppKkrXPQvxlGK0K","beGGryWVNA0KYeJ+Nt//ux","bfKtLKZJ5JcJey6TdVH63x","bfkMY+GwxEK74RQnkNZUad","bf5Nikv9dO1I6udsDti50h","c2Jmi3BXFGkqcqVAqHyNsd","c2l8k2lBxJWpB88k25cWOm","c3bERjOH1Fm5vZ0Ii2QCGl","c3ytrgSltFF6os9uyuXTvp","c4SRzEdVxAk4tSp6uRqZgt","c4mnEZNmVD2q8ibELZ5qGd","c5YtRztD9KsJQwDd4IVF8K","c6eiB63b5OEr/s1KyQxWG3","c6v42eDcdBDpqpHbza7D4D","cbfx1GJt5PH5cyICU8iOIg","cbuJlOez9BLKtlu6mM8aYZ","ccUTVTznFGb6FaQQiLX4PC","cdBANGEO9AxppkjsqUe/06","cdLt2O+h9NN7ybIgfHRP7H","cedG+hgzRBwLAM+GUZEy3H","cfXATzjJxPg5px04dNs38a","cfaJdceeJOG5xFzBTLfQ+d","d0Yl+dXlBJ85COnV58Y+jN","d0o0mAfN5CnouoDjPxgBsr","d2HJl7A6hCAZlfBFyPXTpu","d52yT8AipL2KCRTyblsopX","d6h3uYavJIarQdfPmBRA8f","d6iRjgY7VN1apZAv3x+61s","d84xpi7ftMFZ+ZX9PdGJrV","d87c5ZGhZJAJij1syZPATT","d9+AyDbm5Nz4RgstADsvW/","dbhU9CMzNHPKvN4Ho0gxbl","db03JwbERODLX87AJXpqwJ","ddKWvH4XRAdIkBmPL2AaIu","deVTLWvY5EaJDY7P7QXyjs","dfi9CwcJNO9avvNE046+iZ","dftG9dE91FGpo0JcCYxMGF","dfzoz27NJPK6dG2GxfeNRy","e0Y5q6ZGZE2IMshWDvZCkt","e0aneXHzNPd7LafyDaf+My","e23o4uMopGfrY12e0Q02QO","e7QqfkjPNG1o884Cmq2hYO","e7uTB/hGZMt7vnQe6Wcb/J","e7xi6BRfBO1rTP7Nhh3l/s","e8L7YI4FRFeIrMSsF4rqzW","e9vJE6rNxLn7I8Txqr6RXQ","eauNxzJAxDCJLnnA3pTeP6","eb7f7JufBBY4+ogx1uic5g","edl1RrWGJKroEfQS2gCDGK","ed0QtF8XpDHb+3f1tdSGPv","f08qsaCiBD1YP1wxtSC8Fg","f1CTJibAZH34KtBfC29xKv","f1UbJM2kpHw5Vly1r9+/OF","f3C/wWmeJIjoFDJZnmlO/I","f3dCiTeWBN4qsIWpKKJaiQ","f5gDkz+RxFjLgO4h06DBpQ","fagUCLUlRN3pcQMtf4AefQ","fbP6Z8u+pEwJLsD1gYXxkP","fdMZfeRqZCmq73xtPD7qp+","fdiHXZY61PzLDR4aisBlqK","ffW5ajUyFJQKK/yme9YG+G","00MjDk7olEjrL0JrGDkFaZ","00hzbTS7tHur81i73VxaK3","01QVUb7r1JDJrjeDoRzvMW","01f60nSWhNVYAiuDJgjZUf","0198tzXcZHp6d73eG3Yh/G","02HYZDn+hDb5lJzxlmjXgh","02aIgelQhAhqc337oEE6oN","02delMVqdBD70a/HSD99FK","023BlOTq9MP4GvRtbZQMBB","03Cog2GvBIDq+CnNXlpxC+","03GS3GyUJAUoF9TEE7hL+H","03dAfCMoFFa65pFfJwtogh","03vPOl3UdCIr2iw05LUq3S","04oDxphxxIyKifXsAId6F/","05Y6TsmW1BH4zrJZP7RheL","05cuT/VYFOtap2KreXdAF5","05hAQpaQ1IRJO6WgNbDUgP","05zYVCFrtOHqWR8w+bdYSD","05+XFjn4NF566apf2cU2po","05/2Me0/VFbK0bCrK5U21q","06d3454RFE8I9b8ooG89tV","07IF+nRsVBPYnf50u8nSRm","07QE1UefdCFLzD8N9tbIg+","07U5eOR11E5Y8ZRqtPm3U/","07nKnJLzVMQZFjnMgMyFqp","077HRNnyRNxb17fl94e43B","08H5M+K1tKIYp9oobPyYr1","08KA12vulPbqW4hXR9+saz","08KthG9MVBHqbAFUeU91RC","08ommyhFdMOZSBSxYEM6LI","09G5+28ORCnpfnf89Y4v5l","09W7SjRMNBRI/5XMt00kBT","09XBDkHaBAwJvRVtaBC0R/","0aPqUorLpGOL95wvfJx0qh","0ajBdIjbJMP6iE9n+iDQg6","0bU2pE81dIMrXhEzkTgSXc","0cHl7VmeJI7YxZEUBSTawP","0cTu6JRTxOfJ7evBKhbG8g","0ciwvjA8JPqqssaAo/B+GR","0dQg+Wtf5MjbPifrXrp5K4","0dS2RxcttHorq6SpW4H5ZM","0dUjfgt6tHo544ORdhXP2G","0dkbAMokdARpz2V5u/GuxN","0d+AK+JKhB/YGV2OAM8Ovc","0edixXbWBC160ZqJjBWZ+S","0ef484PFNH1oaYDZjnqOkm","0fAilwfI1JXYqcRYgqpKl4","0fKhCwYeRET7qDloYxtIfA","0fOmsiwohDlYUfSsZztrAv","0fSws87jdEVJE1l+1/4Ouw","0fVZ5XHMFKXqq4gAICZyY/","0fZPLTuINBXJEkz0ZXlObk","0faUO70uZEPJmWE4NL22mI","0fg3HmxZpE/o0TR0q7SLeW","0f5lucLQ5Asqlkio1MyTnA","10AG0bQvVP8K4cCuHX8+z7","10Q3gJXwhP94/UGcWrkrRB","10R8b9TBJHqadJ4vZAxno9","10W1cy1wdLSJraMxqupyep","11DzBDUPFIS69UuOjhtJdR","11KbfwfexNkq8WLciegHvt","11U4x1wFBLNbHRhk8aA76Q","11rcnVXblMJL6SbM+2Fwa7","1154x+av5BTYzhsq5DC8pj","12J8HxVmBHJo18iQoU4E/w","12pxs9IONCTpfmz2D/Pn/x","13KZy2eshMPrxRVEihH7QQ","13PqXETQNFEqslUn5MeuQx","13P1U5+URE1IUusVCJtDKT","13eEpqS61I276QYrG0TK73","13jLEzetlLRYgKjojM4Qsk","14P9ZdlL1HEoqPQcSNMSeP","14kOzcLkxLtKnp67M3butw","14mJJkzTJOkqdfYYv5bgtU","14sWHKJHJHxaTvEbuPY93y","14sgEvaFtGPKRW/1pHqX3E","14uw1zwMxDLoCfmbgljwat","15A+K+ppFF05i249Vy0kcl","15rVVEayBH3ptIZ9j13guo","16IZgfOsRCooijut0SxpSx","16QaFKYsRL3LKcoP8OsE2E","17SF2CBdJPbbKGfD21UQhH","18VU3NZ79Jk6ijfhUvZe5Y","18XOrCoxlPSbfFBxT5762b","18gL/PVeBGL4O0u2dro0qH","185ZuJFC5EFbYZq8+mDJlR","19fzqV2/VG+bFcWm6YQChE","1bEO7jW8JDcJy1swG8Nfbb","1bgdBAt51FFbu5crSNQugs","1bzE5vYl1FQ7s+jfn1jIw/","1cOK7o+kpL0IEY5kfRTiWo","1cXJH0D6NP1J+m8vO2jyKz","1cXNyDkHRHPY75av2T+r8L","1dB4oQd1pHVrNyqxxZLs8i","1dJmnKHIZKjolhU0+6l5f7","1dwQGSxa5CZp5HbrUasTtI","1dw6Wr3ahDL5ZVrfowVPF8","1eUfErMjxCxZHLZBzNKpxD","1emHhX7tlMGpLhEdFfnGF9","1fhwizZ6lD2Y7A9qAPpqf3","20F+dC45FIbrvAdHAl0BmP","20XQA1x/FNwZOnpmdQau52","20Xa2wQ1lPtpZJhpw3Q1pk","20eQ/2XohAibp6MGmCFy++","21b9L05uRI15WBeuus3ROB","21c1s4li1NnJmyhM2F+pln","21p2zc+M9NB4qopisa3xep","22GYjBEv5AXaNRJK4ccPTQ","22edqvTnZEmKLtV51J15AI","22oVfSkgFHb5dQvRGk2nCl","22rqhpD21IZKQGq3Iv20F9","22vk9HLQpFtJBK3vTamqdA","22+a/PYNZDW4OUcrgSyUXG","23JalBnrZOzL6TI0arnb2O","23V8m6dv1H2qlm5drKJ1jA","23kPfRxsVIr7+L8+lfcBwy","23qyMOCB1HzrQ0gpZNe8Wf","23so478LtDO4eLhxET5TNc","23sqrcesVC26iq7trCR2o3","237FqcRxFCiqToBThCKdR+","24FvQsyvJPhoq84YQZet4L","24en8MZHRBXKuX+zdUsReA","24qbqXP3RO45lvWQua3cHx","24uE0fY+tPZpj2UtF17dW5","2496Zs7z1GxKBlO1/VxYVz","25BCADRSZEM5efoQL28NJL","25b6ELSblK46sC8RcE5Z+b","25ku4IFX1I9qyYgHY7V/cu","25qmntGkJA9LB2koiiPLfn","257o/0SItORaN78nVMbd2X","27bgmE3VRIKb9huvI6zNrD","27z+24fdVBh7vjdJGykqf4","28SG08/aVP674LehztV58X","28hWakGJNDUrNCbXrarXyY","28mq51xR5EHLNKkyWKjgXu","280I4xsQFHibNyok7F3oca","29JeaC1KBFFLquSNjBtI9F","29ZJQzR15Ek6sE2YSpBLIg","29e3hqCaVE96SiJUrv7PVY","29e5dSMX9GfLozlExkapfV","2aG/nG5ORG1Ita5KaMH07F","2aJBI5Pc1OqaCC8OaF1S1X","2auNs+o1lJtLQaviJhIAhk","2ayYnc2phJU5Pue6OpZYES","2bAoTkvSpFbbXkFZ8chuXt","2bBZb7qC5J6ZL0SosbAvXx","2bN6RrPiZKRICxS+T6h7H9","2bWBZEjNlOz5fXO3R+yKgf","2bky/dDp9O6LPMcO2odhXn","2b6K3qTXFBGK6zsdpWs9Oj","2cDQO5m4VLII1JDwE775H5","2cReCO0qJB9IQ1hLFHORvj","2cR0scUOhF1Jg2rJVklYuF","2caLckIthFKJXkS/p22q5j","2ccaKKaQBPW5G7bRhcWyU4","2cd9UA9mlHi6Txgqu9oo2y","2clE+SoEtPuq166fyXpHzh","2cwsd41axAdpKrUJ2ot/ZK","2dy6kmQH5OfIiPfmyYS3n8","2eO3yk9C1K3IRFcmZffLA8","2el3QAiVNMNrkPrLIYsNLO","2ezErtOodIQYa5imq5tdca","2e4g0zVUFLzr9c8six5T2I","30LsyMLgNEAr40dpWWtuXK","30hvqqc4dJ4ozXkczgbkMr","31Dnmcl95MmbUGOWHr4dWM","31JwWVN9RPsrzRvrQ3TFNy","31TDLUyLtCSIEKrq0o1Qx3","31XxhjHqJEZa5x56OaI0qj","31booGNu9LJLw8g3T9LuFG","32Fw0ogxNJMLRWKTei8og3","32GM+HBOtMtozdV85Z30Kg","32euVcMJBE0pLTcbvI/xdb","33Ej/2az9D9bXUIOH+Tm6B","33VtmBAVpNaJGs8iXegNeU","33anO9XPxPQqXHDb0qtNkH","33lihZ/jhB3atdrJLQ99bZ","34L0VZdupCZJIHzenqhNLf","34sse+P5xEs6805jnI+Tvk","34wdksKnFDtrLm/HABDisK","341BTE5+pElIrFUu1TRhYg","35CcMqKoRMq6KoVpYAlPl/","35FaaGIOpH07JFJ/RsYrlW","35trM0Ze1MdrkV1+EXCkoF","35xku6YppKga/dOItbn9iC","353ho4SHNMSbrL7LUVoMl6","360J1PPxFPR7A4l3tzUj0q","366F8NeuBKuqKSTtc/S4Ko","3663K5j9pO1b8em6LYzYHN","37c10/pIlO264vqALNCNls","370IIecxVC/JG2t4jxmBXV","38HFR24zNHxoXkM/yke7Pf","38JSRYrCBMaLpRLC3ZRZ1v","38XICjNEBPpKtr0kDxyUO5","38heWBWsNPMpH716ZTxi+z","38n++KjqxGsoddUeVb1Tst","38xcF2ZR9EhIT6vfUUkAaE","39H3v9IodOna8aeCpH3Xr6","39TCAolPFKkIgpQe0KJiNT","39cSoCflNFkpxZd7t0cXQl","39jGxiAeJPt440c9iikrbH","39y5fhrqNH56+u6d3PTncy","3928qbnAZJbpI/tV3gcRd1","396iAWXUhA0rCr93MCyLHI","3aNLXekkVBwaQ1Mdy+sWfs","3aYt1iaJtLkL11zZOMOhGW","3aiya4+S5DPKGlMftwUj/F","3a9sUpKsFLJIOOLn/u8NqT","3bCCna+LFEGbpn+U6NzNkt","3bSvhIRXBE/rIFybZ5uqmi","3baRcQwXJJoK9cEpgpM4sl","3bxHrlhHNF5LAEJ7A00gSc","3b+TvAem5AVYB/ieoPLlw9","3cJUNlgldIb5KR4MJoU6Oj","3cnotQsMxJgYbZbABwUeGk","3dMLZvb9pKJ7ItR/8t6IF1","3dM3mlybFDLZYMKLGyzvlk","3dY3p8bs1JnJxiC8nDCfKg","3dnXuoHu1KPpfStYJqe1M1","3dpvE8f4BNbZcwt89jpiNx","3d4+/ebHhLA6XeAOedZ8k4","3eKxzMUgRG1Ik3knXSfOfP","3efRNwNL1Gyo6noLu8ox6L","3ehVgA+dJOGp+JclZWtqyv","3fHv9mTi5PyazsiCYwawWU","3fgMu1x7FOa7wt/m+lgXow","3fnLmY4gpMSKsJWpUG4Zbz","3fpKS9qCZCmIOB6DW2FgIh","40CvDYmS9JXYiPjT7fCuop","40H57mUGlFeJ4zkAIGRLGO","40T7DnWXlGzrI4h/uv5FPq","41GMqpb1RIhbXZTlwWqgUb","41Hp1NemdHrrhcxhf1M5P1","41IOw8Sm1DvpG2GfltvMsT","41QqGXJfBMqrjBjTAp6F5V","41nvBeFklHArHId5AB+huj","41rx4WTw1N7b1Z6iMa6W35","42W0+Ig91DY62JK5tH8dcj","42f4sTHX1NdrxslMrmVd7P","43g3ThjSBCWo91qqZZCNRi","43kVv++Y5HRqACdZqwT6kX","43ofRai25JervhkaO3hJcp","436qN4pSVCaLB3+hG83nEx","44SUoXgqxBc5iaV93YE4lG","44eKOEzctHDq8SwmEq07Hh","44lPpfEdBK1ZaBYXqzFm8Y","45ABISHdJFRpPRB5kdWlC4","45eFMDlrtPTJitd7BChG8C","45htUWkL9Py5Q7KISz9VkW","45yFM+FVlJcYf4qTlQfKJk","45/fx8CyJA34ECJibRtLZ4","46oqT8IxFFFo+q3F6lsBIr","466pSjYUFAmbWEfVulhxX1","47f1L9uTJDWbKZupymda1y","47wjYQ7gRH/7MLHL1vhxTY","49MnLphU1LXZPYd40OaR8f","49YEJxpWNENISZydrNT+nY","49kU4ix2dGerynTeavXZ2i","4910HwPPdK8aooYB7HhQ65","494ZT8Of5AK5eFwQg8gdWe","4aH4QlmW5HPr2fcuHnHxaZ","4aOKU9qc1BG5lhqu6bDDUb","4aVKtcg0NEhInSv/hutvtd","4ae4K67eNICbbM99F7uFGc","4arETfmOZO+JR+rWAn8MBO","4bKB8HyalPlKipadJwkrf+","4bNnXbGC5OfooS2n0KCN0p","4bao4ZnNJPl7pzNoRc/NfE","4b1awR1sBKIIbNPsBBFWAz","4b8TZh9mlKO6vdU83HDilb","4cMSCy+HlLbLjZ6h91zfko","4cQNwVZzBA9rFg8ZKZSjrG","4ddFO+DWhNuLXTaCugoGU1","4drIDsjZxG4piE/Bom5DFg","4eb52MUaxAo6/hWYXOmqYV","4ej9AlbjBIor82U+xd95X5","4foVbHkoJA2q6kpI+/76CO","4ft8r34mZPDJvyuiUx5dxP","4fzX2k0ANEqYAdXlAkILbN","50x6oa4yBBJoYENgpUtWu3","501ji6KftGUrmQWiAiy9z2","503+ZTDnhA9rIc4cOFaUe4","5083gw8vROLJGRQZsyc19k","51Jj3hNUxMNbZhqIB11YWe","51f4vyU3ZE86BFFET2OrsZ","51hLSkG61AWpFL6iZkCFuw","51klU+quNMKY9jDpARzKmt","52dKRi2QNPFLDndeuYdZae","52mEcDxuZCsZ+bV0Nlb5lK","52nvEo29lF+7An7z6/2ene","520ktDjm5ABL8yV6UN+hFk","53VUlQwytLFYjsxTT83z0e","54aMalE0dOeKtt4wSt5WE5","540MoItSpBZKrw4RXOBIaP","55BSp6Q1hGiIXNNr408Dhm","55KO04DGVDH6GO1BIpgwdK","55bXAa84tFo75nEaz1JCbq","55q4bCmeFHTI9q1k92yau5","55ypvlzO1IHrqjuS2+OZOu","552BO0jvpDVJHI0DcXEYQz","57TOtEF5BA2JCMfnW9EQpN","57gkGKfG1KmYB4Tkr5ljmJ","57jRhJhUxARoPlz9Xiry55","58GYKkpb5Gh4dYPU/JzyHp","58KqnAUdBNdaYpqtdLm/08","58p8EAcTRKBoiptqm+Tk1v","584eVOPIlHPakIKM1Dm7g4","59CQG1B55ISqLxMXB6fVoz","59T3n/6C1MS40tFDrdicD0","59dAPlLFJAUYQQHtd83Xyz","59u7MJc4VLAZTgeJ0WmSXS","5aGJmpfatOQ7jvX1YuBBp2","5agBKj7bdATI37kPb045eL","5ajTJRVhNGp41RnXyigr5x","5atftsiZZHQbfKOdf3IE1c","5bNdRL8V9IbpiaBrc9l5c7","5bTGS8rs5G8qrJAxvo35Dd","5bTsDLFXRNe7f3e7nSAb2K","5cTYOn2MdAub7rPvLFLI8a","5cXLuMHQZEcI9dh/u+nXr3","5chNhrQNZK6J3ly+zRjKnb","5cnGPuHM5FLYv6LV/GkMBf","5c1aA10plNKLqq0YgUcv8A","5dBM/thyRDvolkVBp+vYw/","5dSwRzcR9P5LXDt4AhShDd","5dhYfe9TlFc4JNLqtoyqa0","5eHGa0jdRAWrl/XCC2l8qX","5eUJAnd0JJR71myNT2DMqL","5ejtPhmhxNoLfG69AlXQDz","5fE3X+NoFEhqK75GBPzJIf","5fFO94fWtMlIgAIqJCsuym","5fXqFFRjdFVIvwVXd99Wy/","5fiRg0+nJMFLHq8UYQerRQ","5fkdUTkyRJ6pgUJY7tltpO","5fuyOwDWRLrq2wVHXA+igC","60LGApkqxLhL+InpGCX6nZ","60rTxIVTJL1auG/62H+bV/","60+9E7xdlHyouTh0ReaJey","61FXJEhhdI35q/1/ZBbRD2","61L+guWO1EjqePMbaIytDN","615rghYXhNDol2X++9EDDr","62Dp/CIyZHUIvbs++mBldk","62Sh8eXGxC6aHtokoJSxoV","62TOvaLtZFPIcWcFp60lkO","62UtG0PAtM/Z4xfkS+RuaX","6235EhxBpMibpThqy9rmnf","63DWCnD9JOn7/nyNKJzHlI","63rXTbht5BfYucgROFV2UH","63zMHapDdOiYMMkY2ySXhn","635rjiIJdBAqna5Qgasm0I","64VAr9cgFBNb2+w4pc6WJ8","64bRB1bq9EEodd1SMUEgDt","64q83wqzpBgZOp7B4LJNKw","644MEfgTJG1oR7PK44OgT0","6464N/fgZD4Kv1vbaG85Tw","65NXIRoDtCWqE4bCrZKtup","65VEdXUilB268si9yR3tCg","65homKDRJCBbPNQJXRtL9z","65uobrjcNAw6YiPzQKw7ZY","65xzdEHo1IPYMFwsXjMnSN","650KGD12BEpaYHeUt80aJb","6558ltuABN0boGJbReig3D","66d8aq4RtFXK32dQ2is/qX","66pKyG1oJLiILl5d+G662r","67M7y/k8pIjZjEVSchB/ft","67rplR4HBO5o6KM53/Vto5","67wKYLyfFHUpxHstrL5MCF","68MdRJ3LRGsbUfPqp8Gx/1","68PoKM9SNLHrpuEzPJuXQT","68Sz8iWG9B3Y9JxDp3SfLf","68hG8sdfJHA6jIfTELYBY0","682+vrJPJAMJeAsIMQOK1y","69OG49YyFHm4+CRS3ZaA7f","69mmOGaWVDbKdVL6QNCRUp","69rl2ZBrBPw6OIsbFFAKYn","690+0Cy8tF5oQmNW1cACoL","69213WP+lLVpDujEdlwVFy","6aVee1y6FOmKvHInPZqtqB","6ab4F+OeFIjqG2Pu55vupr","6anWXPsBtIPpG17notkhDN","6a7ouLLslO/Y3JSQ0Gw7Wr","6bGAdna6FPb4eCNQKdg8uD","6bLM1e4nZOSpkVjbGDFEqL","6bQsxcsN1M0JnzLfpi/u/4","6buVmwDelL1auUbaziOLft","6b/4qWw9RAbYtSdZXHz7fr","6cD+w59pROsaivaIWQSUeJ","6cEfh359BDLa/L6uvKPV1c","6cz6ensz5Lq6hbppqiZCGM","6c/VN1785FIKkfMabMeOe2","6dLC5KYitA4LDWsFxuafnK","6dUEX6uftD3p97KGneMi2B","6dgoPoqvBBb4rQOWMVaMu6","6driwwVRlARbZTS3rMRiZQ","6eGizDJVRKXpPfLKoPhD00","6ehg/Nd51KYrP4qnyp5Z/S","6evMrPcJJOAqv35St1AatF","6e9Ap8Su5Nh5+/RWQZOMgQ","6fAFQdHtdCirUVovTR7PRl","6fVR6rDWlF3Yhbpevn+yz3","6fdT63l7tEqZ3IENjxriPV","70OfMHpD5NLZLttXzVh0eb","70O4HuH25CCYMOal69ACpP","73DHNTdilBKaTou/uNh9Nk","73IfSwz2BMLYYCLQkUkPbr","73fBZpUntJg4pNk5Ej8iQz","73tbAvs7FMCZW6wivulS+w","73ufY6DeBCub4yTkgZGZ7u","73/rVRW5tKAorAbYIR1GUx","74L4gt2xVN77PFxK52NhQ5","75J0T5rOFEOZLbspcmiKfE","76HMWW7S9CG4NerTU4cqhD","76pPkI/n9Bx5SHEuJn5dLB","76uH1VIFxM97e0n7PfaqOa","76vtIAhzxJwr9/3jZafOBc","76/maU+1dKNoG7jwOIb/HO","77Cd5QTKRKirKyQAR3J0ol","77frG2pTtDtqCOe4ZylLBc","77f61NM3JOw4bborcv3qD2","77xE0H8nBJvYRGdUxF8XEi","7885Fw685IVIkC49bx1g98","79k51nus9ATpvJG1Wv3q7x","79o+F020NJnrY5/32nS4Z8","79/AjgeD9Ia7we7a+ZNxEx","79/xtw8cxKD4KRh0A/iDQv","7aJoveQVRG05ZrjZXIujgS","7af+FIT+dDy5FDKJK36LMC","7asBeVriRCBa92r18cIX+U","7buF7pAT1MkZ6ILjcYwkXQ","7b2SNCzcZBLYm1rwgc9Oo3","7cgRXyJqdJTYu5bf0zZ64m","7coJQMGKxPNaJj8XS7yTVA","7dTTnNceVKM48aVv9Ouhci","7ddfK54khKdKfwvAlt0Toj","7dj55TXQhAUq47JVKtZj5Z","7d1XagGjxAKZCJUhzdgO0h","7eZA56jYlH8o3pl6N3IKP1","7ellat1YVM95wUUKQPbfVg","7en3o+sZJLaav0pr9WsN51","7fNkWZvh1FsoQwJU0vjjjC","80A3TFsz5FSouq4Nny07CU","80D7Aac4hI5Y21ts2ZGztf","80EsyDZ5tG0r9Tgz6Se/kA","80KqJgPQBDUIzm27h7i0H0","80rtPkvC5DuINWVU5M7MPm","81NGc9jTNCr74+g7eMNcON","816Ha4ERJLS7nscXGo6qPK","82UICgup9Ny79TuaZRz++a","82gALzY1ZCq5ES9U31ityN","83AdtlKKJAJpEpSXef4sdt","83DitpJaJDH7FCh0CTZLKd","83H9Fv9cpEBogkUcnAMmKQ","83SY4w2g5K94HDuVLmnJV/","83eSOzwohGzpzjOAKTudiP","83yNsQn2NOtY+yu0GTBrGc","84O7tcGXZO0rhOaZ1h9E3l","84qgthK8xEGbDbuZtRgo9F","85P0Q6Cl5MAY2rLbPMsNAI","85QyQdfzJPzp8jQJ60P388","86aj/6SytBBIv3CF5RZ/bJ","86tqAuEttIAqsm/yWPHO6+","87Fbdl1yZO1oj75YTld3r0","87j7pzCepF95Plel9UcQY6","87mDuhcxtJTYlc9ZBrQCLs","88KtX97gNPJZvBBFxBfqFT","88WOStbdNJBottCDuxcWJo","89A1ShY6ZJ6pUFITl0X0XX","89cwNO38lERanJ16DSmZYl","891q2n4GpDiqaAknmkvEa8","8aE0P3dK1CQKhkmNwjqlOP","8aFrgvvJ1NEaLe9CC1nJU1","8ag+onUoRDrJCgDWp0T3fQ","8atou+2YZK2othpOYA+MDF","8bctXbVslLEZ/UXEdHuur0","8bjf/t8exGIJw6w6IpA4Rj","8bziNPNEBPOprJ0G0/NXDT","8b3fVyOcBHbZyQpEdnbEc+","8b5PtIo75N4Zsqi8t8dT6F","8cclMHJvxECI7ygv3tgfvK","8c9r8VukhKW7qv/hADE3rd","8dLF7xRpVKPLH5jOo2hci5","8dMvp3G4RJQ73KvdyyF412","8dRYLiMp9EZpLdmQIQyXws","8daIQMTXNL5pRqjyKQ64YI","8eB1hzSoxOC6a9nS5zae4e","8eYC9bK+BLkpIGPypE4jAo","8eeGUssIRFb6lFbHU+fpxq","8ehfZb2HtFMJpuZYbJxqVm","8fUcEoOhhCm6jZ1K1pRjcN","8fcBrSaEdGKL8ctUhCphm8","8fdCc+yrZCsZ3cQIWTeE6H","8fmVhcdDJECLI8z1PXwxBn","90EhJwVKdPNasXRbOK7Ar0","90I9LH/h1BdoD4YG8f+kOp","90JP521TlAVa7KBk0euoSp","90JhK9cptL0L6IDeQMUGPn","90kAlvUoRLros8/jYXGjlg","90uZJpqGZDSoivbfD/LuO1","90wT3CH8lJs4ljokDUThJt","902Ll0yAFMQIr/UQZh7zYI","9060Lb64NKnaBboZsK5N8P","91AVajeU9Fj4oOh/2XkyMq","91eAZZ63FEuKneMeyb4m5O","92PjJDYipGlZWJc1UEFJj2","92SSKy9kBM65VIbln4Rw/2","92s+pFNDlPG4VC84H0D/cE","922cKMVw1NKKlfwWGB/EYv","93BflGsXdDSKt1FlEARxIM","93KhRyBg5Dp7dW9gKnW9vT","93Tcofn/dHBLTbEpJRCxVS","93VyvH7bZFiYE39weEnWkm","93mHPnzONDLbHf3esKIc3K","93zFMgI6JB6YSIEJIf50WO","937Fxh8pZNjZByUdzagUJ5","94maZbhJlMlb3MPlEr3X44","95jOMnMjhEl7RZnRFBRFE2","96+b4VOAlO27Ggo0B6pysf","96+kRG59xOeZChavhRitlp","97MtRfvfhOeYjw6e520Asc","97XZWHoWhAtq3gsWHNf937","97aL6usJJJkYBaBIiqTzQT","97iqTL8CpA/LRvp+ztQyq/","97m1dEdrxJwpqDUfdjuTrm","98itdXGBpEQqzrETMvT5/t","99uBy8e0xAcY4RRSoDRLOC","99xLu+lwpOmqsD/aRO0plM","9aJMsD8VpFi40UYd6f7HAO","9ar5lES7BDnI/i7Fa9zASP","9bOrW1eiRC9YHbwruDl5ke","9bUYOwI1BJsI4cMG/zS4XW","9bXK3Rxy1AWYNwzLixKRef","9bfNtL1whB85i8ECkGHEdd","9bj4v7nJFE85HB8fDwGitK","9cJwTXAZFAgIUfbb6jaRqH","9cX6Xc1bBGcJc4Y2BRJiUc","9cbzGacA5KPIgVzj9UW4J2","9daDMIZtRDqpQSNoba+IfR","9d6QUWeqlPHbtzzJFy60p/","9eXJwLIQdMgJtqYh1+orWp","9eXb3VeUZCxYXdzSotxrPb","9e2e1/SLJP+JlyLoXMP7Uy","9fdPa6t4NGh7SHdQCdv6ju","9f+hK7p0lEW5CkBpbqJtmN","a0PQc0C01NCbIA6OSNIHeS","a0egH/YYlIyYr+XFM2DD6Q","a1I+SziG9JW5E55VNr6hW4","a1X8BTiLNGMI0qVIrL2cKj","a1xO5QjThMeofA9OQVCyFR","a12dFiAO9KR7UUf6hz7LHO","a2JvnFFIBHQboT4ht4CXNI","a2MjXRFdtLlYQ5ouAFv/+R","a2nNJD+GBLBKOpHtMBM2bB","a2yyBk/wZNV7I+DyyDFcYV","a24ZAQaZJNPI8/O2kVcazv","a28v86ktdBtolw1XKzgOe5","a3BrgKmUpCBpkq5+C9lTfP","a3o+xCMDVCY7yb6qzgwHZy","a3w66nIgxK2bo5j+MSGPoz","a3+C33rYlGO6H9WlHfdCR9","a4icbDLEpNgo3VDrLGBMzk","a4nnmSLDtLPKyLVfytbNq0","a4s496d0ZFSbDUADFq2oTl","a4tttnfRRDJ7x7UuogLPK8","a48VrHuPpHNqi2ZCWva0BH","a5Fl++HwRPdJRnvBKBc1ob","a5fwYsVORMULJJBxebrkeZ","a6eKAdwgFMIZ0TUJiNNYMD","a6ijUA6BNIq4m9L3RobYDD","a6rLZl2mxHu6y3+Bd8nNxP","a6r3Cr3HdIoJM69gImZ/il","a7PFNWP8RCmozyZVvcq+kx","a76DpFJKRBt7OxAu66FFz/","a8GwDBkIZLA7P6x1b8UP1Z","a8Snisjp1P9LPiyAx6opC4","a8UrUa4hROmKjB51R5KDv+","a8749EexVK8K03w3w4d8tp","a89k33y9xA2I5Au2/jl4IV","a9VxDFtDtP5ZvOHJ/zu3kN","aaWejsLHBPJ7jLPj2wG5OA","aasBiJ1/dPw6flu0cxOEJq","aaw2Jep1NICI9Zv/mev2RC","ab4ZWmrz5F+5SVzRGtMHlk","ab5+eGkBZIQYtntM56pGmD","acgQpGATtO6I47tbvxxG9w","ac7XciOU1JpYUfWDL5SZuw","aeHPQwqvdGM7I3ceAtGTiQ","afDPCc4EhCSrX8U643k9Fe","afp/bFKFdOlaNvr6xI2qwa","aftzXnU0ZIHa+hfl9sEhLB","af7JeIUNdD9JYzTcF01x5K","b0PHi6pkJP6rMKIb/4NKUl","b0jcyeZnlBtY9IVeaZvT7l","b03ZzLae5BpqVYJqU2FFEI","b08vQ3MTlHYILmhSRebhRt","b09SWgXv5K74iazCIL6Ul0","b1GG7c3J1NHYm1pWLgONNK","b1PqakzdlOlpTm0QdQLCwa","b1aSaaU7BDgJZAJDbM+Ty8","b1nEVaOVdLOY0I+kLM9156","b1xGXj0sFMvY4Yb8pFN67O","b12dVxkD1GuZGhU3HrIVDZ","b1/BF1AcRKT7Bh5ZLu3DcD","b2SgVMFWpGRKwf/kC1yqg4","b2e01aZgtO+ozuv7XVR0vg","b3/nsPNXxNzajLtznDdLPS","b4AFFtZVlGOKYcGSo5q+Pr","b4PZa0ZjdJA4TUsxL11GyE","b4lVAry2ZPNYHSAjWxdkGi","b4mOhqlnNGfbuq1bFm1AO3","b49xD+R1VGPpCPExqrUcfE","b5D2EoWcFFNZRVifc0Ay6w","b5PifrGAFP4q1LLHTKXaBy","b5kYul4NRMXKLObXSBApIu","b5nhvKGPpMBqDCVCSHNv3i","b6PuAZ2rdOSpY3qiOeG7i3","b6XACU+iJE0L1bJfHCAZgl","b6fP55VwFHMKgHfWr9QI6Z","b6gGlaNZhJAp7iQDC9sINp","b6mdcfuXZMsYKHwedOD65x","b65nxPzQNBDbz0JlbnGzNk","b68p2ITUhEnYEUY1YPFzda","b8GDX7zxhCTbAxDpsrpCFV","b8uynyK11OhqFRHhE6COwB","b9BeW50BlKAqNq+jt7wS2Q","b9BvBuc5tMALtODt1tizM0","b9nS1vMDtIupqceCjy6qWP","b95ZKZwlBFx7hOeuH1g53S","baLsK4NABIGo2B/m/yWRfA","baXa8SiRFB5qHitzn5jmA7","bagDp4+WZOqr1BDQcWexf0","bare7gyuNDZ4rNe2DUMEPr","batQZ60UZK/4EjlOdu3vlO","bbOotoZ+1FPJdfomfUPTBr","bcWiuYwltMx4Sgm2BWFgJc","bcZ4MBLKVFy5WF+VpdRlac","bcvdV8vhpF64ayvG33BBW3","bcxQIIaa1OYbilYJyXMnXe","bdFYThV8RH06zjY3Mh0y8r","bdf107fP5HxrSkwYYS6LZT","bdsz1obrNHvasUMePPzfuR","bduaHK33JLh5CVonuIX5//","beKT0PV39LTpGgrPxzzh5T","beLamDFVNIaYswtwjdvgsN","be8FpYObRFCLg/NSA5fZgq","bfRbmOXuBHK7CTIyEizWZ3","bfX0mqrSZC/7a/+oR1lDD/","bfwelQEdhPo4E7fBd1Owxd","bf92jPD8VNsr4bea/D8+H1","c0gMYhcRNOlLTHJgJ/yDwn","c0nVMxr6JKXZXMlf0cCOne","c1214RXc1Al6B0750JQc6E","c2DcGXh/hNm5jCPw4qAno4","c2cXVdTYNAEqI46I8Om2YL","c25FdBZWVOhaM8jROQFM2i","c3zUCf231Eh7zzz/UGfF5T","c4RSufbytAJpt5nQ+Y6wQ3","c4rYfczZ1F4reZ6aOEH4qv","c45MJMGN1JjIePZFFVMr8t","c5k2UgrH5FBqL4IDWISlwv","c5mA7CJGRJOYROBaLZHrEc","c6Zihm05pG74u5y3XpcFRi","c66MILas9M/5SiENkaRLEz","c673GSalhCUK0hIZenUiPX","c8DfwjphxIfqqwngr9XSIR","c8fbm8SbdDwJQQC40CXON8","c8wqfAJOJLbpjB1pTBSP9d","c85OJu2rJJeqi978JSlAZy","c88auBRKVHQbs1pnhRbZlj","c9KvMaXwtIOa0IuTwYvI1N","c9hh355nNG4o5N4TQT4+VK","c9vc/xnExCzJ1RP1CGttdd","c99dQ3mG1CDaL2R94c1g+q","cbD7zdF95E7L15+VP+sfE1","cbg1pd60JL9721LIuI9JdR","cb3ooc4t1FBbov8DMTaEVC","cb55xB/6NHTKQI9JRL3OS4","ccUGBXV/dAR6XG85UxrX77","cdkLX+ZuJFjYSMryJ86bty","cdq1R3eYBAarHxycsNzlio","cd79wTWZZDUpL5pTdFWiLI","ceinIs8qVK3pfgy8FITWRT","ce3wWRFPtLAY2tvVxrvx/b","ce46sKvuRMsb7bnbWsKeBk","cfBgxfwHpGEZFjY9YHz1Pg","cfH7STfaVAt5YLF6NQGDov","cf6cVnTCVB24CennmFfG5r","d0A4gkPpZA1bkKZo5EqkEf","d0HS7wAvRJuYTskyhTYTTm","d0vHMaxhFJ94tbEqPRMz0o","d1ZgTV2C9ICbuET+uxzGqa","d1sLunIOxMoI7gIz/CXUIm","d1tU9BqGZLNq3H6ea+nImp","d19fHze2tBf54nmUgy4/eN","d2KyM/8GBN3aXK7P5ojpJy","d2Nfv9PmJMJpWHYomlRUrm","d2tEHvzN9AP4A97PyJ65sE","d20HYNKD1LTpb3h+0UJyjX","d3p+1pKdlAYbJlrXePFNW9","d3vqdDjT5H7qfphzS6COAp","d3zeOXB15KB6J4eWbeSqH9","d4eMmuudNCSYWmd1IJr0ps","d5AD77J8pJNaSKq0YGu0mZ","d5CqXMr6ZBz5mhMMFZWcEv","d5yoZXQzpDS7z52KjsUGAf","d6OwBhhbJOYrNpJ20I1iCZ","d6SR9pLKRPWoI8aEqPB1+J","d6cXcmCxhCEZ6BeyGQzbks","d7IphOQjFPLaSlAvrVoent","d7bND8f/ZCXIluJQ3iEVWW","d7bcGgRXhEVLvghjrmCjI1","d7cKOYcNlBoJo8dR6rnQWO","d7fzVbzEpLm4IhlRXZL/PU","d7hOhEddpKi5ACcVHXfLU9","d7kcWuAqVCx7rYqxx57Qh9","d7nTKeFGZNtZCFpMoNIpyg","d7uegT7odM17MxCjWFbQmA","d8CJb6H5hBdoCJxDgCRJ8R","d8IrKv3QtPpZp/a8Y6xVcJ","d8+P853eBEzLbNeF7/B9iP","d9j66Ruq1GGIETsdwLXTrA","daQyCrwDxHhZ/FFD1HngpB","da+6U5yhRPKaeMkp1TRTOP","dbCrIcC95HuJzddbyuvL5C","dbjHwB32FK277qFCUTt3xj","dbliQ45XtBA5dOZQGDSLHK","dbnaNg5j9KvKoWHcEzARr8","dcLF2UNCtG7otxyH/sIlnp","dcdk1jHZpKcbauBmxZBDiJ","dcg7Ava9xGarn9/bMqLI/d","dc062qbRpCf6YS4PYbZ/So","ddMlf8D/VDdrcphoVeOuwe","ddaIP2PfpOX5tFOsZLh5Xp","ddf0JMZitKE6JMN1BTlLN9","deD5XmAKBADJG9NPqqWDJD","deH/JCuYVIT45urXRUbUBY","debd2KXJFPPoWORyXpHBij","demSSKZB9PK6+UZYqYVqNM","dew6stBfJNvaoAy6hNuBTH","dfRsuHl35ATJ8hOtszzaPv","dfVdarTvBBaZnjAVLYZfea","dfiVdTKzRJs4Vw5jGAq9xm","e0HRc0+MhP56CIskcHcCGq","e1UrBT8DdKLZJzAvAy14XG","e1m+4O+89AxZmi25YTggpK","e13MaxhyFF4JVPOEvZwIoq","e2E4dhnElMbaHD/+A9Ydef","e2O7+WIw9BUJlnfMtBEO37","e2PGTwJEBFGokOqLWnM6Q1","e2PRyYYGdPyJZsDJ7g588B","e2Qh2sM8lDl49jH1ahiLF9","e2RgLd2m5PrrIKQ2ulFr6K","e2YCjOU6pMgo98oUJVteV7","e2bLRCwftKkaaOzq3mFGq8","e3YmlBsZBL76zfvxXmO+wK","e34pfKUvZBiLhshCUP705d","e4JKDEwZdJ65NKKqPf6hss","e4m1puXENJw5rgX6d1qdng","e4ooxPmUZBaJiMikH21nwS","e4tVrcRotCsaHUZoXFJ4Ek","e5H5/bw1pIdYrozO99kXEZ","e5cfaNWl9K7rXBvq2dMBhj","e5oEhOcqpA1amzYIkloVlr","e6E5KnHIRFo5LqCsPHcS4u","e6w4kQREBBq6Duwu9DH/tF","e7OK/I+WhNmLt/KeDGLSNO","e7SiPDxKJNj5wtxY9u6tTN","e72BXgPoZAMp2oAQav4/bB","e8O7o1nupCqrTTAa2PUatA","e8g9JoIMVGSqK9/bwyzgLO","e9zFE2zcdA4p7GeqGFhWH/","eadOBT+cRKUqXEUh1p3kwl","ebCbo/rI1IN5rZhT38PmuQ","ebUj7ufHdNYILtO+31lnqM","ebVrcc+aBE3L7SMzfEN74O","ebZ97Q+WxJYYfIOFgGK6PO","ebaP3famhFxqvsLd/0tNyT","ecEIe/qvRGqpLWmSIqIETQ","ecMSnCcn5Lsa+kzRFyon3n","ecOAYUQXJBrLB8eUCSxgr2","ecapXdTAZM1bCUDYHVBpc3","ecpdLyjvZBwrvm+cedCcQy","ecw348xXdGH7ycQfnHFmy2","edACAx3S1P34KkdhWa95mF","edUc8H2bJJ9p753JqcfYz8","eduaRbhCRILr5ghP0evySg","eeJsUmtXRBHIQKTDLV+kbQ","eeO9+j6aZKPrliM7ULdLuX","ee6mgUHppCRqr3vpCQ1I/q","efKQCN9FZPwrcAiaX6viTB","ef5v+LlQNPm5LWOdeWPXQp","f0A4ADUrtDYoZ/GsODAtNW","f0cD2WvVlI7Jqq85tVRt4y","f07Qs73FtEp4n3eRFLU0Tw","f1LMunimNNLKoUXc2wn8YF","f1bvgnU2dNSZ2LC/U1HWK0","f1p2nG3AJESYp9/nHQmSNu","f1zF4GgwdEubBJbDdA0Ulf","f2JdiLkm1Cdp4vpbRi0ki/","f2tdSD8MJJ4L/D7s0XZ53e","f3BVkzoepCxLjoJJjFfZgf","f3kdledi9CE7xpps1Guqlc","f3nSeYvklLxrJzxiATMhaj","f39/NS2/5Lr5imHIzAmhlt","f4MqTeQgdO8Ig1GhNXBG4r","f4S1We/qFC/b2X6GIGZP1W","f4nFE8gFBO9I/r1uPlZqSA","f4neoP2j1PHJS0cczhHBPi","f4+wJxIBpDbIvwdopvwOPh","f5UliXrZxKTaWu8TcSTPLw","f5q6GWRtZIy5aj0eJ+qRQD","f5vjl9cA1PupYs94Fx4vxV","f6FrukhhFMroRfrzMc7tlQ","f6nIZP9YBMzJW8Y55WkGKF","f7A93AG3NF0a410VPcrE2i","f7SVsj09ZEkox2Ir2fEtiB","f7W+d3ePVBs4k+xbnMAbe0","f7m7VEgIROC7iwO33PvqH5","f7pbs2dG9MyalhZN67A2rS","f7zeyaYR1N55Ws3CDFJ8+E","f8DHZlVEJHHYW0rMjo7wT/","f8EsNSVDpIiq0EIVZv9gAi","f8b8UocHVFp7aCV3T1Qa4T","f9BImytthHh4DtLu6Cvep7","f9947WXTRGDKAndQrpOtSn","faMzE6K7lOibi3yGAFsXZq","faRSV8ywROT4VmMGzZJbPL","faZR8reM5EoqMMhlfXITto","fazNtLCglL8JEGHTPa0m77","fa7uWDVB1CoLeDiSElG5dH","fa8asqGE9Bm4vwsHHwWdqE","fcNb7VlbxOQ7RTdAk58z+4","fcXib2RYVEjolMvGBDRabF","fdEjsv85dJnKS2AuSLl9IL","fdm1YX5hZNxJUEA/zCN/4A","fd5zI5En5EPZkMQGK2ineu","fd9QL5a35JVKXekUr8/2SF","feHikjVXBFV7RJ36oNzwUK","feyyKXsg1Ln5fua9UAdHVc","fe7GJAGHtKTYm6KW98YqY9","ffEE2vOCpPpb9v/4Nel+Uh","ffKzcIkCNF1bOnxmNjYCWT","ffPBPPzrJCWL9TujC3V+UT","ff6VzT4P9GZLDGFWnkSH5N"],"scenes":{},"redirect":[373,0,1146,0],"deps":["internal"],"packs":{"010d3718e":[459,474,546,640,830],"01384dc60":[150,537,930,1129],"013b48e4d":[451,475,912,281],"015ff42ab":[390,486,516,520,531,538,630,635,643,689,712,764,803,815,819,821,824,894,950,971,311,1039,1058,1097,1101,1198],"017be2b58":[773,943,1008],"018245a18":[193,889,1046],"01b522771":[385,418,445,503,542,564,616,618,656,703,724,728,737,740,749,758,777,805,809,825,842,918,941,944,964,978,312,1040,1067,1108,1126,1131,1136,1149,1185,1201],"01cc82e30":[886,1134,354],"01ed6bf96":[378,222,807,1179],"020bfa7a9":[808,827,961,330],"022e5b699":[391,576],"028036d42":[444,730,242],"02be6aab6":[402,904,300],"02d87d9ca":[627,232,905],"02e8f20eb":[729,1015,329],"032197cb6":[466,837],"0355f3dcf":[696,898,999,318],"035aaf12e":[370,599,352],"037e105eb":[154,715,794,1016],"0389af64c":[234,290],"038d6f721":[164,555,638,675],"045c7a631":[734,305],"047ab999e":[498,271,953],"0491c2e84":[146,457,754,829,900,1184],"04b58e334":[208,1080,1151],"04eecb5bc":[669,742,817,835,902,949,1003,365],"054520e5c":[368,386,571,658,800,253,982],"055cc11c9":[237,975,1013],"055d39b42":[168,302],"0582d40aa":[668,289,979,990],"0593fbc83":[461,634,241],"05a575709":[733,1078,343],"05aaf9821":[723,227,965],"05d29fca2":[156,526,1117],"060457b1e":[483,568,677,959,1023],"060784dab":[189,1148,1177],"061b1d0fa":[588,210,683,1092],"0621a8d74":[379,487,493,524,639,663,834,1095],"06a2efcb5":[600,1021,1044],"06f7bb3b9":[783,273,1028],"071f86cf6":[153,632,1140],"0734a42bd":[490,923,1170],"075766fc7":[174,861,1071,1199],"07997f53d":[796,278,1106],"07b71117b":[260,1019,1087],"07d5b132a":[427,440,203],"081c330e2":[710,744,882,974,1082,1162,1171],"0854dcf1a":[387,433,177,507,636,707,751,792,875,942,1113,1189],"087cab9c8":[540,236,878],"0882db065":[155,527,1020,1059],"088d11332":[258,970,1123],"08a5e2d89":[535,983,295],"08bfb89c9":[372,528,761,224],"08c24d45a":[678,722,274,1089],"0913e866c":[693,1002,328],"091c9244b":[178,864,938],"0925bdd65":[416,556,865,285],"0933b7296":[194,1045,1055,1208],"095c55d2e":[369,380,381,382,407,412,414,420,425,430,442,446,455,462,467,469,489,491,492,176,497,502,512,513,525,539,548,559,560,562,577,583,586,590,592,597,602,604,608,615,621,631,633,637,644,646,648,650,657,660,662,667,685,686,687,694,698,699,700,717,718,726,732,736,739,743,746,750,755,756,759,760,762,765,767,778,782,787,788,789,790,795,810,818,822,833,840,841,846,852,855,863,872,873,874,895,897,899,914,915,921,932,936,945,951,952,954,957,958,962,972,976,981,989,991,993,1007,1017,1018,1025,1031,1033,1034,1035,1036,1043,1056,1064,1073,1075,1076,1081,1098,1104,1107,1116,1118,1119,1127,1137,1142,1145,1150,1159,1164,1166,1173,1174,1175,1181,1188,1194,1200,1204,1205],"096278613":[406,432,437,439,460,476,523,530,533,552,572,201,731,738,806,828,849,853,866,1029,1042,1122,1125,1128,1192,1207],"09768b8d3":[436,596,353],"09a5ae550":[429,613,265,892],"09b284922":[1060,349,1187],"09c33ef08":[617,913,928],"0a13a7fe0":[397,244,910],"0a1a338bf":[251,839,1094],"0a2a8efd9":[187,601,814,847],"0a556990c":[553,216,776],"0af396e2e":[180,1121,1191],"0b0812f12":[264,1086,1157,1178],"0b14f1a46":[906,323,1135],"0b4269bd2":[366,374,417,423,434,450,452,453,167,471,477,479,481,565,603,612,659,664,702,704,741,748,753,763,774,813,823,845,857,862,909,920,955,973,996,1012,1047,1049,1062,1091,1096,1103,1180,1193],"0b49790f1":[470,499,574,727,745,233,1027],"0bbcebb7d":[454,195,651],"0c09011b3":[714,231,1132],"0c0feb52a":[518,888],"0cf6bdfbb":[468,1050,356],"0cfd8f700":[0,1,2,151,3,4,5,157,158,6,7,8,9,163,10,11,12,170,13,14,15,16,17,173,18,19,20,21,22,23,24,25,26,27,28,30,186,31,32,33,34,188,190,35,196,36,37,197,38,39,40,204,41,42,207,43,44,45,46,47,48,49,50,51,52,53,54,217,220,221,55,57,58,59,60,61,62,63,64,229,65,66,67,68,69,70,71,72,245,74,75,76,77,78,80,81,256,257,82,83,262,269,84,85,86,87,88,90,91,282,92,93,287,94,95,96,292,97,98,99,100,296,101,102,103,299,104,105,106,107,303,304,108,306,109,110,307,111,112,113,114,115,116,327,118,119,120,334,336,121,338,339,122,340,341,123,124,125,126,127,128,129,355,130,131,132,133,134,135,136,137,361,138,362,140],"0d263295a":[268,1065,1124,1206],"0d4922863":[384,398,441,159,456,463,478,496,541,544,566,569,581,594,607,671,676,682,684,695,697,752,768,775,785,798,804,820,836,848,868,927,929,940,980,985,992,301,1000,1004,1038,1053,1057,1093,1099,1130,1158,1165,1169],"0d5178806":[458,510,589,661,883,347],"0d7029600":[421,247,925],"0db89523e":[517,550,298,1183],"0dbf796fc":[504,226,1155],"0dc0d69d9":[371,375,389,419,426,438,472,505,549,567,605,626,645,666,705,709,716,720,838,890,922,997,1054,1066,1070,1077,1138,1153],"0dee0a001":[162,536,641],"0e1a8a4ea":[580,884,1085],"0e325d764":[713,243,1084],"0e60dceb2":[145,870,1111],"0e9fed4f9":[147,482,812],"0edaba0c8":[377,175,1052],"0ee67d460":[543,205,893,933],"0f5dfc476":[393,394,400,404,408,413,415,428,485,495,500,508,509,534,545,547,557,561,570,579,593,595,598,610,619,622,629,649,652,672,673,719,735,747,757,769,784,786,793,797,802,811,843,850,858,860,877,879,887,896,907,917,924,931,934,939,956,960,966,968,994,1006,1011,1014,1022,1032,1037,1068,1069,1072,1088,337,1100,1114,1115,1120,1141,1152,1154,1156,1160,1190,1202],"0f64d1f1a":[182,701,1063],"0f9088754":[484,506,692,277,984,1048],"0fb010185":[1079,1102,360],"0fd318157":[383,388,395,410,411,422,431,443,448,449,464,465,473,494,501,514,515,529,532,558,573,575,585,587,591,625,642,654,655,665,670,680,681,708,711,770,791,826,831,832,856,859,869,876,881,885,891,903,908,948,977,986,1041,1074,1090,1105,1112,1133,350,1139,1163,1168,1172,1186,1196,1203],"0fd3f85c4":[584,674,963,1026]},"name":"resources","importBase":"import","nativeBase":"native","debug":false,"isZip":false,"encrypted":false,"versions":{"import":[141,"20f16",367,"e5cce","010d3718e","725d3","01384dc60","8d70b","013b48e4d","297a4","015ff42ab","564c6","017be2b58","3cb79","018245a18","f4c02","01b522771","8b2a1","01cc82e30","e55f4","01ed6bf96","b49b0","020bfa7a9","347e0","022e5b699","25afb","028036d42","0fd29",142,"01295","02be6aab6","ec4fb","02d87d9ca","e5397","02e8f20eb","ef3dc",376,"78872","032197cb6","c4a0e",143,"f5e74","0355f3dcf","566cb","035aaf12e","71c67","037e105eb","223fc","0389af64c","c762f","038d6f721","ecb16","045c7a631","fc01b","047ab999e","973c0","0491c2e84","148c4","04b58e334","e210f",144,"4e9cb","04eecb5bc","df00b","054520e5c","f9bed","055cc11c9","30b94","055d39b42","1030e","0582d40aa","4162e","0593fbc83","59efd","05a575709","0d072","05aaf9821","0d468","05d29fca2","cadf6","060457b1e","12cc1","060784dab","59305","061b1d0fa","40b84","0621a8d74","1ffe7","06a2efcb5","d39db","06f7bb3b9","b7eac","071f86cf6","8c47e","0734a42bd","6a2d0","075766fc7","1e329","07997f53d","d5b97","07b71117b","2621f","07d5b132a","bfd29","081c330e2","1b240",392,"80e49",148,"955e3",149,"3f6b0","0854dcf1a","b3374","087cab9c8","5deca","0882db065","1f9dd","088d11332","efa99","08a5e2d89","6972c","08bfb89c9","ffc1b","08c24d45a","3be7b","0913e866c","c479e",396,"6ce10","091c9244b","0b41d","0925bdd65","12285","0933b7296","8ceb4","095c55d2e","88bbd","096278613","c6b8d","09768b8d3","b31b5","09a5ae550","97e60","09b284922","e7997","09c33ef08","3b610","0a13a7fe0","e070d","0a1a338bf","49030",152,"95de0","0a2a8efd9","0fd47",399,"411a0","0a556990c","532ed","0af396e2e","ab2b9","0b0812f12","f9494","0b14f1a46","d8863","0b4269bd2","6f02b","0b49790f1","3a630",401,"cbb0e","0bbcebb7d","3ff49","0c09011b3","d97aa","0c0feb52a","10db1",403,"6b0b2","0cf6bdfbb","8f505","0cfd8f700","8f043","0d263295a","9c4c7",405,"8308f","0d4922863","c2185","0d5178806","76326","0d7029600","80b5d","0db89523e","acc8a","0dbf796fc","83913","0dc0d69d9","d0365","0dee0a001","81e5f",409,"765cc","0e1a8a4ea","07582","0e325d764","2e12c","0e60dceb2","3e545","0e9fed4f9","7ee14","0edaba0c8","12bf5","0ee67d460","7c3f9","0f5dfc476","13539","0f64d1f1a","4dba5","0f9088754","f56d5","0fb010185","caa02","0fd318157","99724","0fd3f85c4","ca97b",424,"c0552",435,"d42d5",160,"3d047",161,"ae2e7",447,"8f08a",165,"15e6b",166,"db448",169,"470f3",171,"f2f7b",172,"d28f1",480,"feca0",488,"b919e",179,"1e573",511,"22d1b",519,"ee6fc",521,"4a27f",522,"e0ef1",181,"1b46c",183,"82636",551,"d3a8e",29,"bef6f",554,"53020",184,"75c71",563,"9e010",185,"b912a",578,"4e6d1",582,"35b2b",191,"adda7",192,"c84a6",606,"e8bc6",609,"63d7c",611,"a39fc",614,"2b3b4",620,"a2fc5",198,"f00f7",623,"b0bba",624,"0c214",199,"e7d0b",628,"e672a",200,"ac7c9",202,"41f5d",647,"1d733",653,"ae7f2",206,"635e0",209,"ccdd5",211,"224ac",679,"b4852",212,"63e48",688,"101d6",213,"4c522",690,"43f4c",691,"56595",214,"52969",706,"693f3",215,"b1230",218,"5d52c",219,"6883e",721,"bf18e",725,"a053e",56,"59406",223,"cf642",766,"ae92c",771,"6f609",772,"79093",225,"550ae",228,"d27a6",779,"47e88",780,"fcbc8",230,"96dd1",781,"26186",235,"44a15",799,"4442b",801,"5db7b",238,"98758",239,"9d00e",240,"5ade5",816,"13293",246,"2a035",73,"1f1c8",248,"5a628",249,"e579f",250,"ecf11",252,"13a4f",844,"68659",79,"88b58",851,"4c9f6",254,"0dcff",854,"9c4da",255,"50f50",867,"0a033",871,"4197f",259,"3ff77",880,"8380a",261,"11b30",263,"8e367",266,"0c6ee",267,"f3b47",270,"2a600",901,"4cdef",272,"1a3a8",275,"76961",276,"b3153",89,"b0df8",911,"69455",916,"7523e",919,"c9a79",279,"c885a",926,"26627",280,"ca6f2",283,"50073",935,"46dc1",937,"751c3",284,"a040f",286,"d7be1",946,"f7943",288,"0bddf",947,"df902",291,"60fae",967,"32e1a",969,"70182",293,"73fc1",294,"40116",987,"173fe",988,"90bfb",297,"1a7c6",995,"dc29c",998,"688aa",1001,"a0714",1005,"f0e0a",1009,"e317d",1010,"46c43",308,"4392c",309,"fa4cc",310,"65b27",313,"677ea",314,"98006",315,"47678",316,"8ba81",1024,"026c6",317,"e714d",1030,"c0d5d",319,"8297c",320,"e2318",321,"022e8",322,"4ef7a",324,"67196",325,"58da4",326,"b6763",1051,"1ba58",117,"8d0aa",1061,"96ba9",331,"401a6",332,"c1ad7",1083,"e9f14",333,"64210",335,"316c3",342,"e2c79",344,"f78f3",1109,"e82e6",1110,"d024d",345,"a755d",346,"95311",348,"16961",351,"fa67b",1143,"0c0e0",1144,"afa32",1147,"8b66d",357,"4c469",1161,"c66cd",358,"eb2d1",359,"91c4f",1167,"373e1",1176,"5c9f4",1182,"e1613",1195,"066cd",139,"39cfb",1197,"9ff4c",363,"48806",364,"de5ba"],"native":[0,"ff83c",1,"a2470",2,"e5394",151,"d84c3",3,"77f0d",4,"6a837",5,"69ff0",157,"ab868",158,"ca9e9",6,"939f6",7,"f4181",8,"69467",9,"096fe",163,"d947b",10,"94706",11,"1c246",12,"d3213",170,"b96aa",13,"92221",14,"4f85d",15,"f73cc",16,"77172",17,"c2911",173,"4c76d",18,"543df",19,"c5d92",20,"8e4a8",21,"cd843",22,"b682b",23,"e54a7",24,"805f7",25,"1129a",26,"61ad9",27,"43f1b",28,"db507",29,"0b2df",30,"85409",186,"a1369",31,"1b118",32,"afc3a",33,"f98d5",34,"a3173",188,"44408",190,"d7a29",35,"bc02e",196,"a230c",36,"f5380",37,"4c406",197,"d96b4",38,"a34fa",39,"62424",40,"4fe45",204,"7e739",41,"4bea3",42,"ed7ff",207,"4ebfc",43,"4e989",44,"921a3",45,"57b75",46,"bbf6d",47,"24bdd",48,"08d11",49,"839e9",50,"978e6",51,"1c46b",52,"49f06",53,"99714",54,"af537",217,"a23a9",220,"aed3b",221,"d3dfb",55,"35d38",56,"9aaca",57,"7a8c2",58,"c1489",59,"3b277",60,"254c7",61,"82e71",62,"fe6a3",63,"373b7",64,"34583",229,"d04bf",65,"5aa0f",66,"41a9a",67,"2a0e8",68,"767fb",69,"33f7e",70,"91e9e",71,"ac4fb",72,"8f986",245,"6c861",73,"9cbde",74,"168a6",75,"79165",76,"46d24",77,"0a1b2",78,"67aa5",79,"746e4",80,"56cbf",81,"61474",256,"1aea7",257,"99997",82,"32306",83,"e6f43",262,"ea948",269,"c813f",84,"fb0d9",85,"95c45",86,"b6982",87,"b2517",88,"04a9c",89,"d598d",90,"987d7",91,"0cb0c",282,"70490",92,"aa46e",93,"a6c62",287,"a8505",94,"90cd3",95,"01adb",96,"8ed23",292,"46f77",97,"9c979",98,"fc8bb",99,"e4566",100,"a6b87",296,"fc618",101,"d6a5f",102,"3149a",103,"94530",299,"6d08b",104,"ac03b",105,"1db25",106,"a56d1",107,"29ce7",303,"082ed",304,"ece3b",108,"38b3f",306,"0120c",109,"1eeb8",110,"bc5e7",307,"e2cf4",111,"f1c8c",112,"92166",113,"50272",114,"f4df9",115,"b562d",116,"8239d",117,"fd4bf",327,"4aedf",118,"f1a0a",119,"b4281",120,"2cbdf",334,"a70a6",336,"6b3b2",121,"e30df",338,"d1f45",339,"cf45f",122,"aec94",340,"57ce5",341,"8b60f",123,"2ba38",124,"f2041",125,"5472e",126,"57f53",127,"56b12",128,"4bfb4",129,"94cdd",355,"7c222",130,"74b77",131,"1a116",132,"f6e97",133,"aedd1",134,"a1518",135,"c4564",136,"9cd37",137,"7aaa9",361,"ee5b3",138,"4130c",362,"555d1",139,"2f3c0",140,"fa138"]}}