{"paths":{"0":["texture/respin_title/fi/respin_utw",3],"1":["texture/info_board/sv/infoboard_win_text",3],"2":["texture/info_board/id/infoboard_text",3],"3":["texture/info_board/pl/infoboard_text",3],"4":["texture/big_win/pt/bigwin_text",3],"5":["texture/info_board/es/infoboard_text",3],"6":["texture/big_win/da/bigwin_text",3],"7":["texture/big_win/ru/bigwin_text",3],"8":["texture/respin_title/ru/respin_utw",3],"9":["texture/info_board/fi/infoboard_text",3],"10":["texture/info_board/pt/infoboard_win_text",3],"11":["texture/info_board/fr/infoboard_win_text",3],"12":["texture/info_board/my/infoboard_win_text",3],"13":["texture/info_board/it/infoboard_win_text",3],"14":["texture/info_board/nl/infoboard_text",3],"15":["lib/setting_menu/texture/landscape/setting_menu_landscape",3],"16":["spine/zh/symbols",7],"17":["texture/info_board/zh/infoboard_text",3],"18":["texture/slot/normal_symbol",3],"19":["texture/big_win/de/bigwin_text",3],"20":["texture/info_board/fr/infoboard_text",3],"21":["texture/slot/wild_symbol",3],"22":["lib/setting_menu/texture/anim/turbo_vfx",3],"23":["texture/big_win/nl/bigwin_text",3],"24":["lib/setting_menu/audio/list_item_click",0],"25":["texture/info_board/ja/infoboard_win_text",3],"26":["texture/info_board/ru/infoboard_text",3],"27":["texture/info_board/es/infoboard_win_text",3],"28":["texture/respin_title/da/respin_utw",3],"29":["texture/feature/zh/fortunemouse_feat",3],"30":["texture/info_board/sv/infoboard_text",3],"31":["texture/info_board/id/infoboard_win_text",3],"32":["texture/big_win/bigwin_text",3],"33":["texture/respin_title/fr/respin_utw",3],"34":["audio/GeneralAudio",0],"35":["texture/slot/zh/wild_symbol",3],"36":["texture/big_win/tr/bigwin_text",3],"37":["texture/big_win/zh/bigwin_text",3],"38":["texture/respin_title/nl/respin_utw",3],"39":["texture/info_board/no/infoboard_win_text",3],"40":["audio/fs_reel_loop",0],"41":["texture/big_win/ro/bigwin_text",3],"42":["texture/respin_title/respin_utw",3],"43":["texture/info_board/ro/infoboard_text",3],"44":["texture/big_win/fr/bigwin_text",3],"45":["texture/respin_title/tr/respin_utw",3],"46":["spine/symbols2",3],"47":["texture/big_win/vi/bigwin_text",3],"48":["texture/respin_title/th/respin_utw",3],"49":["texture/info_board/ja/infoboard_text",3],"50":["lib/setting_menu/texture/hd/zh/setting_menu_locale",3],"51":["lib/setting_menu/texture/hd/setting_menu",3],"52":["texture/info_board/my/infoboard_text",3],"53":["texture/info_board/infoboard_win_text",3],"54":["texture/info_board/tr/infoboard_text",3],"55":["texture/respin_title/ko/respin_utw",3],"56":["texture/info_board/no/infoboard_text",3],"57":["texture/respin_title/sv/respin_utw",3],"58":["lib/setting_menu/texture/hd/setting_menu_locale",3],"59":["lib/setting_menu/audio/menu_icon_press",0],"60":["texture/respin_title/my/respin_utw",3],"61":["texture/big_win/fi/bigwin_text",3],"62":["audio/bgm_respin",0],"63":["texture/big_win/no/bigwin_text",3],"64":["texture/info_board/ko/infoboard_text",3],"65":["lib/setting_menu/audio/wallet_counting_above",0],"66":["lib/click_effect/texture/click_atlas",3],"67":["texture/info_board/vi/infoboard_win_text",3],"68":["texture/big_win/ko/bigwin_text",3],"69":["texture/big_win/id/bigwin_text",3],"70":["texture/big_win/ja/bigwin_text",3],"71":["texture/info_board/ru/infoboard_win_text",3],"72":["texture/info_board/ro/infoboard_win_text",3],"73":["texture/respin_title/id/respin_utw",3],"74":["texture/info_board/it/infoboard_text",3],"75":["texture/info_board/vi/infoboard_text",3],"76":["texture/info_board/th/infoboard_text",3],"77":["audio/spin_active_loop",0],"78":["spine/zh/symbols2",3],"79":["texture/respin_title/it/respin_utw",3],"80":["texture/feature/fortunemouse_feat",3],"81":["spine/symbols",7],"82":["texture/info_board/zh/infoboard_win_text",3],"83":["texture/big_win/my/bigwin_text",3],"84":["texture/info_board/infoboard_text",3],"85":["texture/respin_title/pt/respin_utw",3],"86":["texture/respin_title/de/respin_utw",3],"87":["texture/info_board/da/infoboard_win_text",3],"88":["texture/info_board/de/infoboard_text",3],"89":["texture/respin_title/pl/respin_utw",3],"90":["texture/respin_title/ja/respin_utw",3],"91":["texture/info_board/pt/infoboard_text",3],"92":["texture/info_board/da/infoboard_text",3],"93":["texture/big_win/sv/bigwin_text",3],"94":["texture/info_board/tr/infoboard_win_text",3],"95":["lib/setting_menu/audio/slider_effect",0],"96":["texture/info_board/fi/infoboard_win_text",3],"97":["texture/info_board/nl/infoboard_win_text",3],"98":["texture/big_win/pl/bigwin_text",3],"99":["texture/info_board/pl/infoboard_win_text",3],"100":["texture/respin_title/ro/respin_utw",3],"101":["texture/respin_title/zh/respin_utw",3],"102":["texture/respin_title/es/respin_utw",3],"103":["texture/big_win/th/bigwin_text",3],"104":["texture/respin_title/vi/respin_utw",3],"105":["texture/big_win/es/bigwin_text",3],"106":["texture/big_win/it/bigwin_text",3],"107":["spine/zh/symbols",3],"108":["texture/respin_title/no/respin_utw",3],"109":["texture/info_board/th/infoboard_win_text",3],"110":["spine/symbols",3],"111":["texture/info_board/de/infoboard_win_text",3],"112":["texture/info_board/ko/infoboard_win_text",3],"113":["audio/bgm_mg",0],"114":["texture/respin_title/no/respin_utw",6,1],"115":["load_res/symbol_payout_controller",2],"116":["lib/setting_menu/prefab/general/setting_slider_single_num",2],"117":["texture/info_board/ru/infoboard_win_text",4],"118":["lib/setting_menu/texture/hd/setting_menu_locale",4],"119":["spine/zh/symbols2",6,1],"120":["lib/setting_menu/texture/anim/turbo_icon_up",1],"121":["texture/respin_title/my/respin_utw",6,1],"123":["spine/zh/h_fu_atlas_symbols",5],"124":["load_res/slot_particle_effect_controller",2],"125":["spine/h_fu_atlas_symbols",5],"128":["texture/info_board/pt/infoboard_text",4],"129":["load_res/trail_particle_effect_controller",2],"130":["texture/respin_title/de/respin_utw",6,1],"131":["lib/setting_menu/prefab/others/land/payout_button",2],"132":["load_res/slot_controller",2],"133":["texture/info_board/my/infoboard_win_text",4],"134":["texture/info_board/it/infoboard_text",4],"135":["lib/setting_menu/prefab/others/rules_button",2],"136":["spine/symbols",6,1],"137":["load_res/pay_line_controller",2],"138":["lib/click_effect/prefab/click_effect_layer",2],"139":["spine/zh/h_orange_atlas_symbols",5],"140":["texture/respin_title/pt/respin_utw",6,1],"141":["lib/setting_menu/prefab/others/land/more_menu_button",2],"142":["texture/info_board/nl/infoboard_win_text",4],"143":["texture/info_board/ru/infoboard_text",4],"145":["spine/zh/s_wild_atlas_symbols",5],"146":["lib/setting_menu/texture/hd/setting_menu",4],"147":["texture/big_win/ro/bigwin_text",4],"149":["texture/info_board/fr/infoboard_win_text",4],"150":["spine/zh/h_peanuts_atlas_symbols",5],"151":["texture/respin_title/ko/respin_utw",6,1],"152":["spine/zh/h_coinpouch_atlas_symbols",5],"153":["spine/h_orange_atlas_symbols",5],"154":["texture/respin_title/fr/respin_utw",6,1],"155":["texture/info_board/fi/infoboard_text",4],"156":["lib/setting_menu/texture/anim/turbo_lighting_style_3",1],"158":["texture/respin_title/th/respin_utw",6,1],"159":["load_res/stacked_wild_effect_controller",2],"160":["lib/setting_menu/prefab/others/land/hide_more_menu_button",2],"161":["texture/info_board/th/infoboard_win_text",4],"162":["texture/info_board/tr/infoboard_win_text",4],"163":["texture/big_win/my/bigwin_text",4],"165":["texture/info_board/fr/infoboard_text",4],"166":["lib/setting_menu/prefab/general/back_button",2],"168":["texture/info_board/ja/infoboard_text",4],"169":["load_res/slot_tint_controller",2],"170":["spine/zh/symbols",6,1],"171":["spine/zh/h_fcracker_atlas_symbols",5],"172":["texture/big_win/ja/bigwin_text",4],"175":["texture/info_board/ko/infoboard_win_text",4],"176":["texture/big_win/bigwin_text",4],"177":["texture/info_board/ja/infoboard_win_text",4],"178":["load_res/wild_collect_effect_controller",2],"179":["texture/big_win/pl/bigwin_text",4],"180":["load_res/spin_button_controller",2],"181":["lib/setting_menu/prefab/others/land/rules_button",2],"182":["texture/respin_title/da/respin_utw",6,1],"183":["texture/respin_title/respin_utw",6,1],"185":["texture/feature/fortunemouse_feat",6,1],"186":["texture/info_board/da/infoboard_win_text",4],"187":["load_res/foreground_controller",2],"188":["texture/info_board/es/infoboard_win_text",4],"189":["lib/setting_menu/prefab/others/history_button",2],"190":["texture/respin_title/it/respin_utw",6,1],"191":["texture/respin_title/zh/respin_utw",6,1],"192":["texture/info_board/id/infoboard_text",4],"193":["load_res/background_controller",2],"194":["load_res/fu_effect_controller",2],"195":["lib/setting_menu/prefab/others/land/sound_button",2],"196":["spine/h_fcracker_atlas_symbols",5],"197":["lib/setting_menu/texture/anim/turbo_vfx",4],"198":["texture/big_win/zh/bigwin_text",4],"199":["texture/info_board/pt/infoboard_win_text",4],"200":["spine/h_coinpouch_atlas_symbols",5],"201":["texture/info_board/id/infoboard_win_text",4],"203":["lib/setting_menu/prefab/others/turbo_spin_button",2],"204":["texture/big_win/es/bigwin_text",4],"205":["texture/info_board/infoboard_win_text",4],"206":["lib/setting_menu/prefab/others/land/quit_button",2],"207":["texture/info_board/sv/infoboard_text",4],"209":["texture/respin_title/fi/respin_utw",6,1],"211":["texture/big_win/fr/bigwin_text",4],"212":["texture/info_board/da/infoboard_text",4],"213":["lib/setting_menu/texture/landscape/setting_menu_landscape",4],"214":["texture/info_board/fi/infoboard_win_text",4],"216":["texture/info_board/th/infoboard_text",4],"217":["texture/info_board/zh/infoboard_text",4],"218":["texture/big_win/it/bigwin_text",4],"219":["texture/info_board/vi/infoboard_text",4],"220":["texture/info_board/nl/infoboard_text",4],"223":["texture/big_win/sv/bigwin_text",4],"224":["texture/big_win/vi/bigwin_text",4],"225":["lib/setting_menu/prefab/others/spin_options_button",2],"227":["texture/big_win/ru/bigwin_text",4],"228":["lib/setting_menu/prefab/setting_menu/land/setting_menu",2],"229":["texture/big_win/tr/bigwin_text",4],"230":["lib/setting_menu/prefab/general/setting_slider_num",2],"231":["load_res/pay_out_effect_controller",2],"232":["lib/setting_menu/prefab/others/more_menu_button",2],"233":["texture/respin_title/sv/respin_utw",6,1],"234":["lib/setting_menu/prefab/others/land/smartbot_button",2],"235":["lib/setting_menu/prefab/info_footer/setting_info_footer_controller",2],"236":["spine/symbols2",6,1],"237":["lib/setting_menu/prefab/others/payout_button",2],"238":["spine/zh/h_angpow_atlas_symbols",5],"241":["lib/setting_menu/texture/anim/turbo_icon_loop",1],"242":["load_res/pay_select_effect_controller",2],"243":["texture/big_win/th/bigwin_text",4],"244":["lib/setting_menu/prefab/info_footer/land/setting_info_footer_controller",2],"245":["texture/info_board/infoboard_text",4],"246":["texture/respin_title/ro/respin_utw",6,1],"247":["spine/h_angpow_atlas_symbols",5],"248":["lib/setting_menu/prefab/others/quit_button",2],"249":["texture/info_board/ro/infoboard_win_text",4],"250":["texture/respin_title/pl/respin_utw",6,1],"252":["texture/big_win/no/bigwin_text",4],"253":["texture/info_board/de/infoboard_text",4],"254":["lib/click_effect/animation/click_effect",1],"255":["texture/info_board/pl/infoboard_win_text",4],"256":["texture/big_win/da/bigwin_text",4],"257":["spine/h_peanuts_atlas_symbols",5],"258":["lib/setting_menu/texture/anim/turbo_lighting_style_2",1],"259":["texture/respin_title/ja/respin_utw",6,1],"260":["texture/info_board/no/infoboard_text",4],"261":["lib/setting_menu/texture/anim/turbo_icon_1st_up",1],"262":["load_res/mouse_controller",2],"263":["lib/setting_menu/texture/anim/turbo_lighting_style_1",1],"264":["load_res/column_tint_controller",2],"265":["lib/setting_menu/prefab/others/minus_bet_button",2],"266":["lib/click_effect/texture/click_atlas",4],"267":["texture/big_win/de/bigwin_text",4],"269":["texture/info_board/de/infoboard_win_text",4],"270":["texture/feature/zh/fortunemouse_feat",6,1],"271":["texture/info_board/sv/infoboard_win_text",4],"272":["texture/big_win/id/bigwin_text",4],"273":["texture/slot/zh/wild_symbol",4],"274":["texture/info_board/tr/infoboard_text",4],"276":["lib/setting_menu/prefab/others/hide_more_menu_button",2],"277":["load_res/respin_title_controller",2],"278":["texture/info_board/ro/infoboard_text",4],"280":["spine/s_wild_atlas_symbols",5],"281":["lib/setting_menu/prefab/others/land/max_bet_button",2],"282":["texture/respin_title/id/respin_utw",6,1],"283":["texture/info_board/es/infoboard_text",4],"284":["texture/info_board/pl/infoboard_text",4],"285":["load_res/pay_line_number_controller",2],"286":["lib/setting_menu/prefab/setting_menu/setting_menu",2],"287":["texture/info_board/ko/infoboard_text",4],"288":["texture/info_board/no/infoboard_win_text",4],"289":["texture/info_board/vi/infoboard_win_text",4],"290":["texture/respin_title/ru/respin_utw",6,1],"291":["lib/setting_menu/texture/hd/zh/setting_menu_locale",4],"292":["lib/setting_menu/prefab/others/plus_bet_button",2],"293":["load_res/info_board_controller",2],"294":["texture/respin_title/es/respin_utw",6,1],"295":["load_res/big_win_controller",2],"297":["lib/setting_menu/prefab/others/land/history_button",2],"298":["load_res/slot_spin_effect_controller",2],"299":["texture/slot/normal_symbol",4],"301":["texture/respin_title/vi/respin_utw",6,1],"302":["lib/setting_menu/prefab/others/sound_button",2],"303":["texture/big_win/nl/bigwin_text",4],"305":["texture/info_board/it/infoboard_win_text",4],"306":["texture/respin_title/tr/respin_utw",6,1],"307":["texture/respin_title/nl/respin_utw",6,1],"308":["texture/info_board/my/infoboard_text",4],"310":["texture/big_win/pt/bigwin_text",4],"311":["texture/big_win/ko/bigwin_text",4],"312":["lib/setting_menu/prefab/others/smartbot_button",2],"313":["texture/slot/wild_symbol",4],"314":["texture/big_win/fi/bigwin_text",4],"316":["texture/info_board/zh/infoboard_win_text",4]},"types":["cc.AudioClip","cc.AnimationClip","cc.Prefab","cc.Texture2D","cc.SpriteAtlas","sp.SkeletonData","cc.SpriteFrame","cc.Asset"],"uuids":["07ZfypnglHCpDa0t+LqAl0","07xJ5jvc9PqrCa9U6xqd5d","08drKMBi1PhaauOCyUoE3L","0bPsHbHPZB9IHDv8IQiJi+","0ezEADkmBMr6YT5Hcibpum","0e3ENr5MhJO5DTCjrvWCCY","0fS8xL+zNMjqibO7k3c5Ze","0fpaukCsFLj4Oj/w5pJIR1","0f1OY/0DxD/KMLooWZvG+p","10yJ0/589HEa/qd6S9g3ij","11kpbxKGpK1YeCmJvMrW/5","11mLAZAMNJvYWpIwAGoRh9","1ap82ZCLRJQb2h+DcqcqRJ","1b0X2zu6dEYJ2ekKNgG06s","1foegoEy5NE48JbWRN/CL0","22lqnZQStKwbp2itKv/jia","222Ue/7HtJDapl3prODP/d","254C+wO6hOaLMETG94v8CE","27XxiVY5hMhb0jsTvrqmKQ","27qlXi3qNNNZwwZpd9F+ec","2cjFSyjFdD7pH9vlBSdk79","30UcjoOrNE/aYfhosHL+Ha","31tDZxlrBAMpJvSC5RmZkn","31wwJ80e9No5UAib8qp0Xr","36c3bdBEFIpbaimkDqGWHe","3dwVvssHBLyK8FlNgMjOnA","3e/d5bFHVGDIJ7hSi5zzbH","417tp5exZNa5iuyOf08vrK","42D4V5PZRPsYNHX1DgmaRR","4a6VleW/NHCYs5Dp48t5eu","4btGkYGMFP75dSgsZCZM+O","4fwm2bv/pDcbqQM7NLbXMw","51ONkHE5ZGGqGBVAXJa9Ky","51wZwf1QpDvqovkpuUyK3g","55SVs6+3BKtKvSJJG4xo2J","56sRuazaVIgY6VXTLNgnRK","59buctZOhDFavotAY6vdw8","5a5ovRdaRLGK5DuhkME2ct","5dhIbpn/pIZYZzEcJmo4gi","5dk3IO/N9ICKcbnICPwcRu","5dw0IXA2REM7ZeeCMlI4m6","5d0LZfuklAZKYWUZtK1T3F","5fqgqHi99E47sfWw9xyLOp","61p89vxrdI2pOCCbHrTkmM","62+vpT2CRImaJW74kwBhpa","64dUD7CqRLL7uoyUFyEKqX","64l+TE255Mb4YIbtr5vMaU","6abKNhkYdAOYDW2ttBh/ml","6ftR7oKx1EOpqy8kS8YJ5J","73FHG8Q7JPV4zGpMBWEmAf","73tULYH41JvpYzLwhm+ddm","755QemO8VKoYn/j8Mchu8M","7afoYF33NE/rFXO/kn0RJA","7dTrg/iq1KrZKM3lcgVlfV","80F1XHjzlIN5b/FO4c7RV0","86YuhkkGlMGq1MaxQWX2AS","86eYVG2f1Ie6hu+3/LRVxm","873A4cFnFJLJt+4yk8kDod","873OkQSWVMYI2sOjIYfPfk","8dQz7gkPNNaahYZ8JS6gup","8fBVrPdoRGAb6AhM76ioRZ","91Z4gDwjVFupYIfewss/yz","945+QGnwZCZoMMDpLM+3DA","960HbxiDBAxL5CaxA2sxjF","97oIezCItLhrLEKseXPEgo","a0PoqT6p1LA4t/JT3G9ozp","a0emHyPaVA67szpITHEsY7","a1+s0DCBZG/r5RGHwJgg15","a6+5wvuV1E3I9GjVqGUr13","aaugnZ4s1PepeBaS0Lxh0N","abHLU5npVNZqhEHRrXntqu","b0o37cN7FPrKFA5LSr+Paf","b1DLam5bZEm4CjXcN8mVXv","b39UQZTm1MK54tkiupMdos","b4YIsFwUdDBrjiPw8FMZH4","b5ALyr4+pC37o52Dw0w13z","b86orviJBPIrZADWzTzYcp","b9XpqVWQJPq7GhyUIQcBoy","b97BmelrlAHZ+vgS1E1aCx","b97U4J1AdNrLvGpe/nV4YS","bc0DxX1FdBy4b1XVPrFt10","bdPTRXci5IWLggS8P3PxY8","bep+FBrW1JvaHkExk+/726","bfxVlkzHRJPJs8591BocBx","c0JB5HR0dBmJ6hv4u4SB5r","c1q7mOci1HRYke1dxU6vXm","c2pIeQzZJOH58W8PFcvAXs","c4RaLSDeZF5b0r/jK7Z1+f","c5EOEAAyFDPZzKyL/NufNh","c7HP/Q681J4LZ6CNNk21Bk","c9rmRs/x5Dd6FxLkf8T74s","caMrxzlApH27hW1WCdw9ah","cajCljDklM6bPbq0MEqPxi","ccpU8ynuBNerWhUhcEILQG","cfeF6p10xNyZMuSQhlFrQF","d0TZJXuUZMu7O/UDk1TLN3","d0niafeBNBhac0tMSpwKho","d2SS3scrZN54MP+GnlUmvI","d5r/BC9ahLRIzDYH5f1NSx","dcLIQpB1JDPpfn8mAt5/k4","dfofyOWTRPmoab6aW0nxHZ","dfzXUOmNZMnIvpm4JI4hCM","e0mkP07sFC4L0CBAOHdw3B","e1M0wzgnBBY6tntCwFIlIK","e1OyfrZ+pJOpK3x76y37Sl","e8UgVCt/dNBayd6rDOX+/+","ebkPmZSGRHcZvEkw10HPun","f4pg79unZCvL9ahCKHqGB1","f81OCpSwBCo4esuVPDUtOA","f9pOc3dIdAu5nBKBSHCBZA","f9psmZFgNPFqZnfiFYDtLw","feUE5t00FOUrz1KiIeLM6V","feaCZNyWNIjrlYO2reZZOG","fe3OK8he5OU6Lzq+0Rkkr4","02DRQNUERIPbZPG4qMiPLG","026dRNTCRExpTzDzDaUWRC","03QEQiHqhPLrQE0HXRDaE2","0357Ve0LNMabuTI+6/DWB4","05cM49Jd5IPpWsETPQc4tg","05cQt2YYBI1KYNU5mpPhwc","08TaJZFSFCTpKM6/2/8Pyp","08e5JEOMlPNL3sQN83nVrl","0brvAGgAhCQZdRjiomi7AH","0c14BRZl1MOpZSdfTEUfKe","0dSc2wPV9BTp70XqAZZJUX","0do8ee5axEr4wVXlUiD4GS","0efVkiICpCX4AX7EZs/Pti","0eo9RKvvtOsJttXvMZKJgN","0f2LBkohRIyL6EbOV61kzY","10Fc9YrPdIJ5t+2OC02JEt","10vgLhkVlPyai2tzUjJudx","17MsA+5CtIF4/cbSpu+C2a","17TCiAhJZBkKAiGmFJWAOq","17mGLkk/dCRYxKozVcBQSX","1aVUjI/8xPcJNrT3CzrIlT","1a4Ls1X19M477cZ5ZpDVTJ","1bBihysbNNmJXlBVirm5QS","1cT87+9+lLTJyQF0zH4CLN","1dfmTFHexCxpeSh2HrcwrL","1d8Bdt6D5InIIxt5fPlF8F","1fTotVjV9GoaMk0DWIP2YO","22gpPiFL9L37CT0qDNokPT","23J1DcvTVF7ZIC/p8dt5Ub","26a0XkUZtBDIIFZcQHFQYn","26/024mxFCzKISDhbuA+af","27JGxfboVK/ZgeD2eYdkqz","27OKpY16NCU4xWpDSxorJZ","29xmoFS9dLb7aQs8werFUT","2cE3B4QgZDkauMBmNCQ8sm","2f6XVPZ/hNtJYXbYKJWWhy","31hTc24/BLKrayWKR1AloC","318wV1JVdEMbSHbWBOJgYe","33fyM8FRJK9q4Z3u9NWrzM","34/IiVdjZBVZCLBTizMd+f","36EPtad/dAvrGgpC+CIA5l","38nYif4llBhr76k5PgWibk","393E3xGRJB6JlOeZ1lhWR0","3aCYHT41ZG7rf+WsUlzTN8","3e+1l/5lFKmLraCdbPnh96","41EkgFw7hC2ZPn9/PUuVK/","42Jm0++sBKOK7O/gy/BCh0","42frd7oVdDg6Gy7Fsql4Mu","43V0zQAztJioJkuE5b55nS","45nfcQlwZBroRbj+43njGb","46VD+OqHBL25NYwRpwLs6L","47ovS8HGZJdaw9sBDSyxOS","484KNHTaNDfrM+lf3kJyBr","4bG3RaKv5GqYcLGeHmrpBY","4dW5S6jDhFkLj18hhHv71j","50PRYpKC9Nj5HdPYruLF2w","50dg2jVQRJrJ6Cg+4YsF/Q","54aZ6wfFdBEIRc4xTVWuoy","54j8qq+nlG0LCDFR9yImpG","56kjfRWPZGEbStPVHJZCUa","56l04PDB1DIIB9o9ywJFw0","56vqTG2bdK75URsopobb3n","579bY6WthFJKSVlPWi4eDs","59juQbxqxLMqN5BFcqaLqV","5cOGtykqpJ667YFEBVJ6RO","5dy4KKf6NFkZND7q9FLd2d","61x2fVDDpD56bR7CIq57Ct","632MF1jC9Ctbhi6DcaVyfg","64UqSFMFhHcrLN36XiShtD","644sxvlLlMGJ8YBAUZpHBi","67hChEqgxNobV3S4Efs+Ja","68QLS0s25G/owqXTPyMoKo","694IAFkX1Nc5WtRXiVOo/m","6bA+4w2NJFCZ7L4jEXGPAT","6bXKgFafBJ7qPBzzT4s3h+","6eX1vHPz1Ppr545GRdbGax","6fh21waMBG5ar5lo1N39Ak","6ftqHJXepHgJ2xBYSyqTZP","6f3MPyRutJdLk5FXaoEVbc","70PIya/NNG17qNuhlwjGAr","72CnlEXh9ETao5vF+oETgW","73xtl+bzVAN4q2K/fwxC6N","747oP2DiRCGKlnMdj8cCAj","75uL6mrWBEb7TB3Kdkr43W","76AB88gupIzrH0MvJA0PqA","76QtsE5MhP17o1wrHzojju","76e69cd9JNwJW3lQR6Epir","78l2x3JzFI6ZLVuVvMOL0P","7aHVNu5DNGgaZhVdUdPrcR","7bR0PPWv9J+64Eu+m6Q3He","7dahDmuthHwowrSARcBgDu","7duqao2sFMAYMRPDa6ABzH","7eIXa4CpxIu4pq9jsTOyeH","7e7LzjlxxOg7WRfNE+iuD4","81AkXT/lVMqIX2LzvVSoDR","84CHnQU1dAj7xbT4ZQU+EF","85A/y2AKVFJJ6BdUsEVoGw","86zbfGB9pFkZxdB6y39Ei1","869p9v/ApHd5cA6arPbPQY","879q9vbdFE7b9UXnMp4Sii","88MrlSEvRInrk0Kh47tk0Y","8aOyAPfRdCHK67ROlTPjVp","8cG8xPH3xC5IzTX7bm50eg","8c/lQHZGtJHLAxtlC3JuvG","8dQW3EMT1C+YAtQ/FUGmfq","8eGAtiwnVHoLw83DzD/LMb","8esyLCwPlDG7q9DvBR8ZsN","8fhAocdhJJILtQtZm0GxVU","90HKfczlhO+KFQUpIgHAVl","90id6CakRNPJW1DUudF+lN","94N3rsiglAub2x9AdSshtn","95Duaf8flBjrJF7bIIOD36","95Q0wYoA9E9pqXcr7Vbry4","95cJGeRlpAjIvYVmMMJwYm","95gOPzwnlE+o4wdzZRTEzR","99R5NHHthERb5ocai7hBfv","9cpeJY8NtGlo2Iz7+hPAmk","9fVBiDystBSKFOKcl8MSk/","9f91nz6mhAzrPCNpRyJmRt","a3oflmT1RDn67GuFwpRg8V","a465B1mTBI3rT7k2H7Lvkc","a8NGW0Iz5FmoYtp2wWEMdw","aafsR/5y5I44u/MH5euvN6","ablIS9P4VJn40J2sVTxaW3","acmyqR7ohL+aoSntrsq4o3","acti3CIXVEUrzTPaqoNyi5","aeCJ7K7+hHY61TOgFtBC9h","aehRTVPVNHfJ+I3C8T1eE5","aft1qqtwJMpLKrObqsadOS","b1TZe51ZNIq7FNPihhv2s7","b2xCWA5edC6qr7bo4xjFIH","b3vVH+QB5AgZ4+0P86tWIb","b4DwxzRIpMBr+WhI862a3y","b8al7+18VFPrl7Wpwtmlk8","b9ZbRiO1BDsLeZTwo8Ic8D","b9dpkOT41KPIgonyxzoMAQ","b9+bifD2hKHbA3BqrVj03J","bbnSxTdtJMC5ScsXdZkF1P","bbqe5PDV5KZbFjuKfKPyQ5","bbrw03HulIMoSBStD5g5JO","bdVzb8341HO5RSqGy4JgSl","beMsy7aVtNOJDVPOoOMjqT","bfoFb5eohHoYcQtn0XQ85B","bfsP5QKB9A1YFM0zJ2iRn/","bf5Nikv9dO1I6udsDti50h","c06XqfSOJK3Il3etpSC9kx","c1hHeeQE9HiKEazIUIRLuc","c2Jmi3BXFGkqcqVAqHyNsd","c3adM6ZK5N6K7pbU8kx/24","c3ytrgSltFF6os9uyuXTvp","c30yuZgVZP3qZ1sbWLBx1D","c4SRzEdVxAk4tSp6uRqZgt","c4mnEZNmVD2q8ibELZ5qGd","c5eNMU0HxKTpVjZlimLRqJ","c57EHtY6lA5YfHB3/Qv9Fe","c6kvKQzSJHdJR5p5EnPE48","c8mFGmyZdDK6rOhQbB6JGU","c80I1RqL5NoaRxt+/yrOqy","c8+NoWfZZIb7l41lo47XF3","cacE+B5WZKjqjiKdGL3sXt","caslYAHqhB45d4ncllfbvb","cb0aT+y8JKQ5AGSlXgd1sK","cdBANGEO9AxppkjsqUe/06","ceAyAeTSxFKoJttithdYHu","d0LFxxjOVEm6qiJr+u1Sbt","d2LLeSmuZG5blJncScSHoI","d4t4WV3+dCXY8N2AXlRTBp","d6h3uYavJIarQdfPmBRA8f","d61PGZvbVIm6R458PXS9wQ","d7s0qAZFRMI5aRLMXQE+Zr","d71LTcw2BAK7WsJ1SZDcpp","deFKBjo3RCTbhVGuskggIZ","dfzoz27NJPK6dG2GxfeNRy","e0UeQn5lVNGIl6GDpgKMfb","e4Rk7P4vdJArvCmJMRV1B9","e6AWust4hINZ7+hkxrGWkd","e6j0W7SZBHJ6+TTb+wWYjr","e7uTB/hGZMt7vnQe6Wcb/J","e7xi6BRfBO1rTP7Nhh3l/s","eahSxAVM9KcLmptshnVk6s","eaqu6sP4VL4bNuW5KhVCF6","f0JzFCbnZAULFDzr5mNCjb","f0VXg5LcVAR4qqj2KBLdKE","f1UbJM2kpHw5Vly1r9+/OF","f1ZFVvlgNOipOz9bV9A6bL","f1/Kx+MSxHTLKOglD1bLT/","f2zmZdf0tBXLlzWVISuCCu","f22NUcfglPoIb9aqNszktz","f3dCiTeWBN4qsIWpKKJaiQ","f5vVk4hJxLW5mv2x0fO5V2","f61D1xgc9OsJbnkPaMrJ3U","f7aR4MTYhElJ83lIM1+L0T","f8UY4sDUlDVIUojezjBZPS","fb0VpRV1RCko1Q1trvR0qV","fcA72RnnxEpptBoWMp7ChZ","fcJ/EDwItHnanMqu2pj91y","fcWgoZ5OVHqpoJUyQwu0Aj","fc/otjzvZAbr9Qt0q6l91R","fdMZfeRqZCmq73xtPD7qp+","fdkpXZtLlD9bIy10687icb","fdqPM7QhBEHLItAgHCG99c","ffnPRiGAZCQbYYYpi+fITm","ff+0LYFHVGBYhSkifZN9HY","00qDfyKG1JkawqZhYNWTzJ","00zRVpb6JKUr5s3sW94CoI","00+qE4zIRCTp6jLtr26c+H","02SbgQ99ZH+q/aSpsAdTd0","02delMVqdBD70a/HSD99FK","02e58u0ftGNb8DQmaHqkF5","04UugpxchFvrvGTZcA71N7","04oDxphxxIyKifXsAId6F/","050WegsWVIYLfO4pTsbuZD","06wX27FXFNV5BQjDamSeDf","062cQf97xEzJ6lgOLCRMe9","064pFRe+BID4xDBIzhTfau","07IF+nRsVBPYnf50u8nSRm","07lYJ8jfZDjaIX0BWOr0aJ","077HRNnyRNxb17fl94e43B","077wayLbtGia6Ts4UlVZkB","08asf3X9NONY9A4mXaXkl8","0aWJB+dONNG4Xm4FZHdw4v","0bUJc1mQFAuay81iv2/tg7","0bU2pE81dIMrXhEzkTgSXc","0bc4FZxhpJM5tIqsFDsDjz","0bqE2c8RxND4FNZ0yJ6E92","0bwFpQEVhGUq2/h6mW5gZW","0cEdgKvXVKu6dHI46uSdHI","0dptssh8xAj6S4mPYxevqe","0d5LOhQlBA77WfYzV6ubjD","0d7JGmnBdOtYQM/ve27ml2","0e0yvcWVpHmKnZmKymQ8Gl","0e68y2MCRPk7+ioSDWBQzx","0fdDeeEPdCcrP2nZLFK/z6","0fqimdgwlFEpJ5CIbad96l","10KzcVCFxJSY3AADmVAcwd","10W1cy1wdLSJraMxqupyep","10g1HahY9EMoR8jajpoFZZ","1063QW+L1B/7egg4acz3Gm","11PpNbPZlCVpZINR4FnjEa","11dcZDrb1DibSDUZ+xWCF5","12I5ffEVZKxrG1l9XFy7xv","12ppurMY9N/67I7ri61y5e","13CHEa5HtEAbdfLuP1AgrY","13PqXETQNFEqslUn5MeuQx","13mHlIjQhB96oCxUL4fklC","135M5jXFtP6I7n3++Y6hPh","14NV8H1TNPOJMoHOcR3AGG","14afLVZuhFn6SJTjKfCaX2","14hOt+dqBLGqph6ApACU83","142iBBFwFNSp2AukUaQlsR","15jgep+JdFsqIL18cN9XYW","16H/bnqDND97Y6NmPQ/f8q","16e/XgWTlG+LRfs7sC0WzL","17s5YLHFhJJpzaBNnarz3X","18g3doVMRET5CzzfonpKui","19Q9g3r71Fpq4TGIr3c1n2","19fs7wCfFCCa8Ec+PgGi1d","19zcUhYJRMuoVvbmrt310J","1aG7ssIr9BDKTXv7N1R4vj","1aHwpMQw9GlY9A7JLbGt/j","1aH0H/qFhJXJ/XxIaqrzhV","1awWwRC8FEHY+UF6+uxck1","1a4oGIt1NOcYdCv2Oev/4M","1bKBhn2SlC3oNRhRBWc9PA","1bo9ZqXhJDop6YvlvOjw0y","1cXJH0D6NP1J+m8vO2jyKz","1cXNyDkHRHPY75av2T+r8L","1c1usqLCFD6JGxoxDlESHH","1dB4oQd1pHVrNyqxxZLs8i","1dZA14AOhC7L27NIOP7RSB","1dd7tYKD1CYZVyV9yCugxL","1d8fmKNXtIRr97hpLGZ3wF","1egbwmp8tMRL9ApvI5qy/s","1elU6Bew9K6ZukeYRQeckE","1fEPfQFmRH/ZX7KdeOgSGb","1fTJyVV5JP+ovEx4eaPCwl","1fic2K4PpMupJ9ln6iy/+a","1f4ulw0/lAtoE7Q8Yn0Elg","1f5l+m1xREkpbU7oO5HAdL","20F+dC45FIbrvAdHAl0BmP","201tutLaxICYssn6E8wvtt","22edqvTnZEmKLtV51J15AI","228njkKlpDJLabPC4/c7H7","23so478LtDO4eLhxET5TNc","23xNcOlFdACb+iNcR19LeP","24DbePl2xNL7cMb0B2xla1","24MhCLmJhOsJUv7jXegpR6","24en8MZHRBXKuX+zdUsReA","24g3qBUdZLy6MXZ3xgnD7a","2496Zs7z1GxKBlO1/VxYVz","25Y3tJ5rRMDIrHSUXcBDmM","25ku4IFX1I9qyYgHY7V/cu","26eUCoZMhAO6DFfwHF38La","26lAJppmlM8ZQ+8ZwQxWW+","27Lz28iwpImYhuqC12PNDY","27ocjjz9RCUKoUDz2tGENY","28Bu7X2TBMm4cns0fGWk/1","29pdtFhdVIfqcoihLI6YQs","2aJBI5Pc1OqaCC8OaF1S1X","2aj37IYqVBQZ7XGfcumtiw","2alpCCGn9Orr4t2xVPGAWa","2attKJeKhDG6OR7yEWXIJ1","2ayLIs6XxOl4jthbRj+iMz","2bAoTkvSpFbbXkFZ8chuXt","2bjeg72aNM1qOzPs0ol9oc","2buQwl7IJPqIuVe/qoByqs","2b+eUsgjxCQYILCcsoTkQZ","2cR0scUOhF1Jg2rJVklYuF","2cvuJdKwpFIKDv+vue42vg","2dy6kmQH5OfIiPfmyYS3n8","2ewacW49JLTYvPaZ6xTCD2","2e3KTd525HgqClBrNsPqiu","2fAksLLxRLF63AVSNZb7OT","2fqKUjl1NNd7sKK+Rktmhk","30FJ2T1UxEdp6BIlvj8DvH","30VpdSt3pCn6V47b3rdr4O","30tXPZeHlOD4WZPTsoa/+X","3041uCYj1Nd6pobPY48Jys","32lgsUZHFOVJjkYUGjblFE","336SJcFUdMEKBohotzm00N","34UwFwLDdFl47hvAi2AYz/","341BTE5+pElIrFUu1TRhYg","35QUuK4BNExKPvIxaYqdJx","35iDVe3/xA0IbTe0jJnzGe","35mQ6lar9MF4hM410nQpQV","36Zx6LUa1MSJ1PkIHbjEbT","37pgAtNlNDpJ2DEKxCzYsN","386zJ7BelDwJNdxzvDpDIC","39sdtYtt9KHrx8HsPpkJOG","3928qbnAZJbpI/tV3gcRd1","396jsy/U1OTrPrmTOuFzbV","3aLnQSoDFMqLEClKsTBBcc","3aZW7OmGdNhoLYfBqMnGXq","3amIlgdjRG+7AvNolOWGLN","3baRcQwXJJoK9cEpgpM4sl","3cE16s8ARNCL7pkGXJ+ZeZ","3cesTyRT1JIYS97WMoLpUk","3cnotQsMxJgYbZbABwUeGk","3cv/+R7HlO0Lgth6bTlm6g","3dM3mlybFDLZYMKLGyzvlk","3dnXuoHu1KPpfStYJqe1M1","3ehVgA+dJOGp+JclZWtqyv","3ey3+9IJRE9qmUJikWPXpX","3e8+kwFbRFWJxIveEZevO4","40REE3gBBDZ6hIGUfC9xWc","40qpmYvr5IMLMKiWZ0WThm","41QqGXJfBMqrjBjTAp6F5V","41ZWgEe/lEUITDJpoHjmN4","426WzoEC5EpKiXa5FIIlBf","43PrEJfY1L7IeclrmolvBG","43YlV44RxOl5G9QuCVK/iB","44P1bFwNJA9KTgtK5q5Hk4","44iIAm8d9DEp+7DXxafvjn","44lPpfEdBK1ZaBYXqzFm8Y","45OGgdV7dJUZslVmKlWQTU","45kr8nGFxC4LrLUBystzd6","452pARCUpEuIEun9t4MfIs","46bvAxHj9DPZ6HjbcZ/46J","46dxxsUhhNQ5gOMqO+4h81","46nWR3hwJFx6o/7w8/J5W8","46oqT8IxFFFo+q3F6lsBIr","46zN46/+BDYK15z4oAg64U","463g7EKedGwpgUJEBqGNwS","47E4QUlIBHN6QJpczjk6Ai","47wikhIotPCqmmsGRp+jUn","48PZf39x9GWp3S45DkISiL","48SvQyF55DXZxa5+mckwbP","48lKoMuHlLZKfzIjowe8K5","496zGM7rVLVZti/CHk39J1","4aQl1F/UVJYpxFNsbUI2Tr","4aZNOE9PpAHZAbqQw9kLk9","4bZn4vMGVKA62AYroabITd","4cMSCy+HlLbLjZ6h91zfko","4cTP3PHH9NdbB7Kd03Km3O","4dQzfDxNFPDYNp2zv3w8TU","4dTd1wmHdGRLE3Yx7+lAM2","4deK3gcD1JgomDvjSYqFlk","4drIDsjZxG4piE/Bom5DFg","4ea4zSboxAXq27X2RhmFbM","4eb52MUaxAo6/hWYXOmqYV","4fTSC3MeBLSKQztSpgUXRE","4f+x0E4WdFjqPK4MehnuwZ","50zBcQoFZFzodh6wFXN5mN","51nlHR1dVFh6JX6seAMTFH","54cGoq2p5DraA34O5zgorV","54vuw01FFDxIcOubmAmrwN","54xrLw93dGua6aZWPHU7HC","55IrH6Kh9MAphdanu8Carm","55KO04DGVDH6GO1BIpgwdK","55q4bCmeFHTI9q1k92yau5","56+D+WoyBFn5Xe9S8Ns1id","58Y+LHGAxLeZPPq1SG0dkg","58sxFiajNKjJkDwu4cAKsw","582B08ktZBm5ZwYOyTcrnQ","59T3n/6C1MS40tFDrdicD0","5aGJmpfatOQ7jvX1YuBBp2","5aMmDkJaxMSa5zApAWhbIm","5aXIBM5nNH86jDkThRYBrR","5ae0jRdRxI7Y5pnT9yiD15","5afZED8pNHXaH0fP/l6QFL","5afgu+sUpJK4pNeT5hbv4n","5auZJkF/xN9qXxrAp90Gge","5b+10RMjFCJoJbxIlOi6Ky","5cKzu96qxMaKJXcaSchHJ/","5dPRCiYNNCm5pqWMz92ukI","5dP5SuH9ZFXqg96Hp+hO2R","5dhYfe9TlFc4JNLqtoyqa0","5d7JNvOvhCNaw2sCDErAEE","5eEvlTkgtAHrRkNk5/WAy4","5er/sTBapJS5FNtWIayL5w","5ewqhknhRL+K8yaObmefX7","5e37Npmc5MBbF+igKNmVV5","5fYenRB29OiK0wwtdDMaX0","60H2DwEWJDz4KV6S3nQlbY","60W6tDQGhGgb09VkQyO3So","61KvKiKehItLVH1dzI1ZyN","61f4AkNZtPjZC4JNcBdF4O","61uR7ocoFDjoDThGbLc6Sy","62Dp/CIyZHUIvbs++mBldk","62UtG0PAtM/Z4xfkS+RuaX","62XifsjhJA/LExfvVa7WET","62ZhdcPH9CZJMK1g78WE8R","63Qu+0q6lAlKzq9j1LfEC9","63mqQmkMdCnoNfNjgGZfhT","64DpiW7kdFnZxpOBHXWO+u","64IXMFNWhDTay87FvWuOpH","6554EGm7hI66Jyp3SyOtAY","66RFR8KIlBu5SDyKbyKxtX","68PzKkexZNNIuJYaOQ8D8K","68y5Cpbq9B2oBBb6zFEWEU","68/ytNC5dNI50PrI+zlUUM","69rbCvwOZOWIuGF/MltR6J","6aA+CemTZPYZqQnbswSMex","6ab4F+OeFIjqG2Pu55vupr","6agsFtd8pGR7emXnL3NFdb","6a3H3AUy1H4rs4zNMvwE2b","6bbIvvgs9Cf5j0g428cDIE","6biz1RlzxBqrjzvACJ0QNx","6b59xGM7ZBDIgaenjBgmNj","6b/4qWw9RAbYtSdZXHz7fr","6cAFSHPGxOEo+OBQUAbIbg","6csuLTuEpHpYQgRl23iO2b","6cz6ensz5Lq6hbppqiZCGM","6dDarU/2RNBZXZftzrWoiB","6dc+QAhbJPDaMUYSrg3dg4","6d4YeNrPZDMpntYS2u5kvO","6el1fWPzFBDZFClPx8oPU5","6fGRus3+xNKJUYtupiwweN","6fcYEcbb5Lmp+6g3H51X9h","70LPAi/vdJXLlqE476x18j","70cjtV13VDmbUXjvy9u+M7","70g705kNRCbq8eUWcsx+SJ","70g8iQDUFLPpaWA2GX3of7","70+ubnUkNM5LDmB7AHAhz3","71VQ+f5DRD8bOM6sgVyvnv","71n/6OhlxL1Z+C40hHrQOB","71sm6xxglAf5BO5v7wPIAa","72dIOQaOlJuYFLuQ3rSvdI","72qm5ODGNG+a332m/L4KQS","726LH3fvRAG4wKB/OskKF3","73eKfz1vNByosiQTsPcMnQ","73fBZpUntJg4pNk5Ej8iQz","73qzwVM35A1LzERSWLU/CA","73ufY6DeBCub4yTkgZGZ7u","74EnIsbrVAAoL2y/yK8g2E","74E5Q9+qtBDJhrYaRBVecD","74GwI1q5JJzKApJmSiTrew","74Nz4oKzZK+aQxVbUZpIoG","74QKBftS9Kzb8NrhFUez3x","74WC8N29NGupDikvokgD7q","74+kewi11Hb6mVi76QcJr6","75X6csCVpCpKxpj608Aodm","75hbFtceNIf6yFl9Tqar4p","75/0wCK0RFHLImDG1pWeD2","76yX1p0nRB5IljeQuOmvBa","77oOkpx/NOS4Jq5a3u+QNe","77qj4KefxJoJRW9Mdkyum2","7764KB4yVJ4qMMqyVb3Rpe","78g7psRwxN6KyORQcTOCZH","79jgwXcFxHLIhIDaDRYytK","7aJMhEV1RIqZHOTvgOpsii","7aUAWAGxBP6qzmwLz1xoSC","7af+FIT+dDy5FDKJK36LMC","7akXYV9UJGBpbLhDf7gIW4","7a/cS3GoJIho+OEHsbEajl","7deVW62FJCrp5APNNNCd3h","7dqE4aDXhLGKM/kQRp8ywl","7dxjFgpA1CXKdWixcl0Os0","7dzYUk735CKbXUF0Aum0AK","7eymce0A9PgYdNwv0zsH2Z","7e8AGzeG5HVYQl7OCOBHMS","7f2KbgCUJPkqxcAqKTdRu3","81UPXMgyRFv69jOKfTa0vI","81d+TASwVCv7gW87qbl4gS","81hns0lblNHKbbBOuhi2pT","81lN3B1DJAzY3HZxSA7Siv","82fPLPtrpEa5ZXEPYihnDZ","82rq2piyRD9btJjDXuSKMT","827bfwnWBEHIkCwfS9O1qs","83dDh3cKNPOrJN25dkwrRV","83jGJnX21O2Za3fsqYdRmZ","83uddwEndIa4b9/b9DmXzx","838UknRRhNrovXuFZ5G/FR","84dAtMJxJGMb6bzEzvKhjf","841Pvlq7lKvqQSXL5wez/d","85AaFre/5BMaaXu4zCseuw","85qbFaA+pMk6+KTz3jM0lb","86m/fzEXdCUrzqIdxHAo6q","862qk2a0tH9JeIdVuJuPTS","87aGf/XqpJ5pvneR95sWld","87mDuhcxtJTYlc9ZBrQCLs","88GoAY2SBAQaZTSaS4DSC3","88KtX97gNPJZvBBFxBfqFT","88W22lmStFnak5giyAge4/","88mOLxMm1OpaRqMLxHZ4b6","88mUIGYFxO97fn0/BDdxAr","88mcdSrs9NtrS+uc3rcxJr","891q2n4GpDiqaAknmkvEa8","8ag+onUoRDrJCgDWp0T3fQ","8ah/oXqG9JDaxiKf7QwDsA","8cSLJ1vJhLZr91NV9iNdZE","8cclMHJvxECI7ygv3tgfvK","8cgUIVRg5B4LeS2PfaMJO4","8c+cnBg4pNirMoRAcBLXll","8d9zKAULBGkbGrwK9pPLqF","8eFybbOltFX69X5YU55wsz","8eqDo9eTJCYatqm1Ifu8fc","8e2PSIIbBGcpRLIuWpWEfx","8fI+jXaXZHDIrDbDBUyRDG","8fKrVhkFhOpbXMhZclXkvP","8fY32fnpJM27rewAFq8S4c","8fhmGq5nZHHa5QxLIfoLrT","90rMSpjfxLk4hUhHljs4/w","91BeTIjUdATp2CIN/doPtk","91mj/UITFLn7yUDhgEkN7e","910Sqj4YpNSKoS1SBUP9E8","92SL5HnyRHbowDP8shC9ba","92s+pFNDlPG4VC84H0D/cE","923Wq/98RPrLj6uBdb2stt","93R5qUY65NeootcftluIBy","93Tcofn/dHBLTbEpJRCxVS","93beJhJy1P16xw/ua0bO1b","94maZbhJlMlb3MPlEr3X44","95MzTEFV5IXqFyvFfbLLHU","96Eg5dUohHqLxIYAjcOJQr","96+b4VOAlO27Ggo0B6pysf","96+kRG59xOeZChavhRitlp","97MtRfvfhOeYjw6e520Asc","97m1dEdrxJwpqDUfdjuTrm","97vK8+N9NJIY+3kQKtWrZM","971wVwu3VNorVk2HyAjdLj","98AARzpDRBHKTkm8taEGU8","98hfDSR+ZAkYfpFVQCQ3sm","984GoJFvBAqI8o7+kw1aWo","99KwTO6j5HAqtO7mJlQ2zY","99hZM0jXVE6b2rccox0GRW","99wFCT4cBCgb2VwabOtPdv","9aC9zH6xlA4aypF1w5xdGP","9aI4foOy1MoKhbUUol+KFg","9at6m+KvtP9LzBR7NB/7Nn","9a9/p93HdFPK2ifRMJ/QKo","9blkBdrZZAt4SixxKN+TRW","9buzcGXNVNNY7/RtN8d6PM","9bwXQMAEhGxK2MF/M/VFd1","9cGg7NeflI5Zh9CKM834/j","9cX6Xc1bBGcJc4Y2BRJiUc","9cbzGacA5KPIgVzj9UW4J2","9d/jfe7RJMvZBOcqPHaOnA","9eBJ3WkQ9GqKGraz3BCIc9","9eRGRZYppDnaWCbdnFzUvQ","9fOpLYJwNIaKTr2FM5pra5","9ffqqfRllCT40etW7Hd4/2","9fgvUf3MpBSKdR+MLJkjYd","9fvY5bb+NBnLlbV9gxb/h7","9f2KP/99FBfJukgRAYz8TB","a0pietun5KToK7McqtrRX9","a1HHZiojxLV4P++zbOplV0","a1RcV1UtFNfKypDrYxdrej","a1SDIBCZ5FKKGHrIUhmVru","a1xO5QjThMeofA9OQVCyFR","a2MjXRFdtLlYQ5ouAFv/+R","a2MkIRhblIqqb2NayUwfbY","a2uAFRCNFHAKAID5VyiQBq","a20C2SGAJOdpoQQxlpCRUX","a207LhgGdI665DbKO4tn11","a23I1WqjlIOpYd4Jh4eJTX","a24ZAQaZJNPI8/O2kVcazv","a259a6OVBEebS4YL/ZA13u","a2/bZYkqRL2aJ1UF7drgaS","a3F9CFYcFPuZYu/iQXpUa6","a3PtGw7QxLw4HNwDP2pfdy","a3TGBmkbpE1awLUtA1YNVI","a3w66nIgxK2bo5j+MSGPoz","a4kHw60QNKmJaKRSyRwOJi","a4tttnfRRDJ7x7UuogLPK8","a4vQZW/eRAFooHpwDfk/E9","a5aY0JJGxM4oW6mpCLnXYH","a5dNI4SptItLiX55eyCeLL","a5q6vscPdNho29oRvFnMpJ","a59qERDohKB5CC0W0nUDcb","a6ZM3zXftCCpcIrlnr8/XB","a6dFDiaOREvotOhbNeoTAM","a7XgnLwR1CvotDvL2k7gRa","a7yEe+mfVFzbe3/N4DONNf","a74bBx65FE/4c+X0tBDTOh","a76DpFJKRBt7OxAu66FFz/","a8OnRZcsNCE4bdoXy/qsag","a8Uso0O95NL6hjAeFfohHV","a89k33y9xA2I5Au2/jl4IV","a8/O6SehVO6IQTbEh3mJGT","a9Vgv25itGa5QQJw1fQpus","a9VxDFtDtP5ZvOHJ/zu3kN","a924zkbTtIs4PWiNSaQxBx","aa+BGm3TVHA6fGhQBtF8HU","abDY4Ph+1Kk5nrwkkyH3hO","abFRKa881COJLmkMs2MCyY","ab0WfyPQNGm7+HhU/BRkJY","ab4JGRdINFP4N+B6vaoxE8","acDzW72bdKT79oXmrgR1va","acq47M4LlBYIhe2KkncPWm","adI1XsACZJi46ZKax7Rhg3","adTRHSAtxPAK2VbQG1pbgH","adZNPUinZNrJ5yeNqSJYwW","adxCGdS5JG4JpDGNAGuXOU","aeld4tUQ9MoZX4sqIK/E96","aeudb9LtVCnpV8bYmsYggh","afUxQuiTJHu5JiqOcHD515","afXeYSR+hBKpunntDQYSn2","afrHtqID5GMIbv8iuH1+eJ","b0QgQT/XlCYKMnY/Gx0f30","b0Qr7i2LVEiINPqMDZJUbh","b08vQ3MTlHYILmhSRebhRt","b1R2JgcmVKco9XqQcgnm5d","b1aSaaU7BDgJZAJDbM+Ty8","b13+CB/1xEQpVwhrZbIfNr","b2SqnBJntI467CQzS9g/+Q","b2e01aZgtO+ozuv7XVR0vg","b3seXLpt1CAZDd24nfHb5z","b31HJs7X5ARo0SZXWS1TE7","b4G9UOOadFObPl0sfnhccJ","b4M1MMJlVPz5V/wD7ruNU7","b4QhA5IbxF9pzQbYtsXpCn","b4mOhqlnNGfbuq1bFm1AO3","b47dE5LyxH9q0RefJTPoqr","b5SbY5sCxEJYBo8Mf8k0zg","b5+tFpRDdIrIT3vNGoS7az","b6ElIMdThIfJx39zBnZ1F2","b8DCzU/E9Lea3GjOBS1V53","b9NpJo9/hN1I7dGZH/zgkU","b9a1Q1rBNHO6gpgsqTjnfv","bagDp4+WZOqr1BDQcWexf0","bajVb3TzxNBa6GARsgwl6e","ba6zHC4P9GKZEALm5vi4+Y","bbPpdsGrlHorYG0W5Op48Z","bbeTsPxOBPdbaifFY8EmuV","bbp6hbIqNLtLmG29RJMNZ5","bcHKfeempEM4oxd/LWa3kr","bcafHJYYBFIbIvgkOujdE2","bcvdV8vhpF64ayvG33BBW3","bdJTvewiNEdbCktmwIcG98","bdcydwa+JOI6pI+O3XC1vv","bdr9WeK3ZFkIBVJZORvGpn","bdsz1obrNHvasUMePPzfuR","bd1/tBFK1KTb0Ymi3wifcC","bd92iHdwdBN4PCs13qIIWy","beHSZq8CBOd4iKxrGX2Y40","beLamDFVNIaYswtwjdvgsN","beW4Y6Hb5DF4tOqRP/WVq+","bedgJd8RdJKr+4DaAhH4Ob","begneP1ERFi4sYZWqsQ2CT","bfAMxaKlZOKr7e64pqLwjK","bfbJi6cIBC7rk/cV5QTrpb","c0AhTERFtHALfd95NBAPNM","c0VwwkvIBG/aQ7btpzmqv2","c0cOCc4ShI+4N027BzfO5B","c0f9Yg43VASJknacRbSG0M","c0nxuuKgVE9oudKkuxsYmQ","c1Gn9VnLxAM6h1Xc4TVWAC","c2btJkQvlONKAknfs32/Hh","c2pEP9XE1K1ZMKq0Q+w+fW","c2rVMXnbFKSr9tDFbOLdMJ","c3DzcW+KpBnrTCBQcfPnnK","c3E0KGtU9FjbHAx37Bljvl","c3NNK7y2hNq4nDmSopihWl","c3t0AMvgxElYQECOTfg/q+","c3yaTGtyFP2JR3ezXciwL3","c4RSufbytAJpt5nQ+Y6wQ3","c4iWSz11xGvpGC8n2m/IpN","c4tS22atFDN5Bgvnyb8ZL6","c44gWj3+lBZ534kBqA1K5K","c45MJMGN1JjIePZFFVMr8t","c4+a6UNChEHKtDfjxDQYHh","c5P5fqHcFI7qmX0HkLuIan","c6Zihm05pG74u5y3XpcFRi","c6bkOdybhJ94TcqFGi+Q7q","c6tz2b4blGj5fqz7oWY93k","c6+GLM5r1LMaHL/KhuX6L8","c77kqP32BJnJpftVtZOslk","c8SIXwgZFHFbGkGPag93Kh","c8fbm8SbdDwJQQC40CXON8","c9xQrNwLZGDbUfh0goW2wF","caOiN/Y3VNWa4ulD0toE2W","caVMbfcWFFk4yY1HJfDj/H","car/Jd2rpILLpY7gffIf7/","caxoMkNRxEbrJ+iZUnVwT+","cbfu53kzlMXpOmra6BR2Wg","cbkaJEmu1DQqRbTs7k14hK","ccTNaNeeJLcaEOtXdr0JCp","ccfCdSMPRD57dK4bF14W+a","ccyJ5qcj5JJ5qeMDA+Vf0g","cdq1R3eYBAarHxycsNzlio","cdt8IJSKdHFL9hgVicaRT2","cdyoGx0bhO1oWhRFaKIeLe","ceaXgLq8pEUoSKH4IOmXwX","cef25PYJZOKrUXBkjs3UdG","cenBCGO21G56oH22PxZa10","cfK06jJHpNNodcXidqUTnV","cfWJ0LpKlDeaV77xYpVUyp","cfgMOHfcZBWLazAfs7Veon","d2ExBgEMlPiZjt+NQGLscG","d2dXrPJkFKC6V1plcFWGAf","d4i+JSyqxLELxd03Prn+OF","d4oZ0bI+ZBg61a2V5lDE8W","d5CSNxthtMf4pMW1Ly7+wt","d5RoRcklBCoJKIXGzYXPr7","d5+8qEAARLRJ8k2E/cWBIM","d6B5UrqnJNoYREDabgtY42","d6sztlMEtNXr/F5T/LxH+i","d7UroO9lJBTLOwvSSUH3lH","d7zQYqlatOT5pIfk14FJLW","d79QRWiuZBXqaFjR97QApL","d8CJb6H5hBdoCJxDgCRJ8R","d8VhBrsgNNg4cQGIeT2Tg6","d8wMUb/Z9Ns4RP1qOSpZrX","d9Zld6/cNPcJijPUZ+OE/Z","d9fyyHlbxDCL4KMcEhxFfJ","d9j66Ruq1GGIETsdwLXTrA","d92IOMbGFIg7MXXfwNWsQS","daEiNdMtpLM6UOVraXsX4q","dats8TyzFCWL2eBgQ6nIwY","dbAzm83R1PLJFPCfc1gJPt","dbFjk9zh9EV659gfBnAlU4","dchglTOWRCs4B5mVUaNGZR","dcmAWDCh9DmrKHSCu00O5k","dcyHH3bHdF062zWF3CzIhq","dc062qbRpCf6YS4PYbZ/So","dd+O/kFdZHuoWgfdKZAPg1","dd/q2Lr1FBJaJh7dletfSd","dePmCka4FNWKYbTDzPSVXx","dehG0iSa1Es6aa9pqlLncC","dfZcYU2oVI8bYx58wUNx7/","dfm700RtBPT59Ofe87ww4b","e0HOzQOhZBx5RxCOuoLBTv","e0/Nf/GdZDDapKrUfKTEvr","e2PGTwJEBFGokOqLWnM6Q1","e2Q0hLuVJEL7VKHEKUcjZV","e2ay8Glk5Bf7hxjFH2NZmW","e28V0nn2VGP7xL31YVdFn7","e292QmmhRDHKT9Fw0YCBkS","e4IHykPGhKpK/AP+WBR9TT","e4javsSQlH76t17uIHe7Jb","e4yrI6UNNEt72WMgbaQTkJ","e5PlOLpDRCV6DLcKqX0vUA","e6Wbpm38xBhb9Kt7DwB2Gk","e6x2j0XVFJA7aFChDX6470","e6zlGeONBFmK6n9wRh0dcQ","e7PUXLR7pC3b5EOoPU8kJF","e8MI6y9KlLDbxNL+bFRona","e8lQEApexOhpJTcnUGKLfB","eaDGNO9BpGNZzx/ztEqbFl","ebn9JzCrVO5rHkCWeRjM3Y","ecMSnCcn5Lsa+kzRFyon3n","ecOAYUQXJBrLB8eUCSxgr2","ecSCbWAw9H8Ks2iRP2h9Di","ecpdLyjvZBwrvm+cedCcQy","edPEaZm5VL34hVC8GhBkj3","edRNpWP+JNVo34Ea37sqAL","edVdblhA9FlIiPPtj2d3sr","eeF510KrBNHrxi55AgCmYJ","eePBURTZlL3IghNT9J4EXg","eeaX2HZjtJb57nqCchRx/f","efMN75MBhEvo2Vxii2Bfme","ef2ZbgIw5KELrVsOu6gkkL","f0Nhv0uFNAu4wjMG0Puq41","f1p2nG3AJESYp9/nHQmSNu","f1zF4GgwdEubBJbDdA0Ulf","f2DGcgMz1Lebcf1Ld1vdBV","f3Nl/B/ONLK4D6oGRuJwVt","f3bOPgOBNIuJpdjbOU3059","f3wQvRV0JJUJ3/Igf/MnlW","f355g7ZjBGwYbOrx9Krmn5","f4PezHIMdMPZ8CcUYEOSf3","f4S1We/qFC/b2X6GIGZP1W","f4llbLl/tA2r+3mxrZVaLP","f4nFE8gFBO9I/r1uPlZqSA","f4xJbqX8ZAH4UfdS0V5NfI","f45E3PWONBL6cehbhLLe7q","f5MWAQ1yJHUJYIuV9Y6u7A","f5pxe9XN5P7rT/288FSUHk","f5vjl9cA1PupYs94Fx4vxV","f7VQIAC+BIGrjBpVL0AAic","f7bRxPm1hLrKGg2YnLyJWh","f7zeyaYR1N55Ws3CDFJ8+E","f8fumphHFMNIF+VWf0k9aX","f9GCZS0j5CG5vtcR+G5hEN","f9LoJDJ9JCcLTCh7iiv1/C","f9947WXTRGDKAndQrpOtSn","fajYjTmoRHGKYe2wCpVEiA","farGVolFxA96q6rVvKa34G","fa2jmJoRpOeIDKEhDdSbe2","fbYMsCfrNFcrRTF79gsdRK","fcTXXdobtPIbu308KDcx/F","fcfRVhU7BCXrqj7rhwyNoA","fdFiAwrSlCio99OaBFD4KS","fdYnJFVVVGcLAsHxG11vyM","fdcxhAhB5HwJSwMIgEa1CB","fdu3Ad+mpN/52DWc+38FnS","fdzh97YyxCC59qz3EbPwRp","feICVHbp9Pcb3Yxt6K9Nj2","feONqKGBpGMbQE7R/Yk/b3","ffWEACK21Hiahdi2cXctLK","ff0Ga3cahFg7G2IPiiWYmY"],"scenes":{},"redirect":[321,0,888,0],"deps":["internal"],"packs":{"010d3718e":[382,395,435,493,626],"011f7cf90":[330,684,256,915],"0135ff10d":[383,907,313],"017be2b58":[577,725,780],"01b516c06":[399,143,778,792],"01df485c9":[367,388,176,670],"0223b3530":[400,419,425,274],"02289e8ca":[456,529,227,736],"022e5b699":[331,448],"02387dfc9":[348,426,272,828],"0241edc02":[527,744,260,934],"026472587":[492,749,774,283],"02aea134e":[162,849,851],"02d66e755":[428,478,835,287],"032197cb6":[393,632],"03408c7e4":[355,699,921,314],"0360f72c8":[149,611,793],"03803b2f5":[142,643,731],"0389af64c":[203,241],"03dff27af":[434,155,598,729],"0468d4af9":[449,459,582,252],"04842c986":[129,711],"0491c2e84":[118,379,556,624,679,916],"04e3458cd":[177,630,779],"04fc6c31d":[204,649,831,879],"0501d804b":[442,188,854],"050e8cda0":[398,625,637,220],"052f4cb6e":[410,539,601,284],"0547f31ed":[773,787,278,863],"055d39b42":[138,254],"056ed707a":[475,544,199],"058ae91c5":[0,1,2,3,122,126,127,4,5,6,7,8,9,10,11,12,13,14,15,17,144,18,19,148,20,21,22,23,157,25,26,27,28,164,29,167,30,31,32,33,173,174,35,36,37,38,39,41,42,43,44,45,46,184,47,48,49,50,51,202,52,53,54,208,210,55,56,57,58,215,60,221,222,61,226,63,64,66,67,68,69,70,239,240,71,72,73,74,75,76,78,79,251,80,82,83,84,85,86,87,88,268,89,90,91,92,275,93,94,96,279,97,98,99,100,101,102,103,104,105,106,296,300,107,304,108,109,110,309,111,112,315],"05d9932d0":[377,437,223,707],"060457b1e":[397,443,509,745,804],"0619b5b5d":[317,332,132,554,597,704,713,718,760],"0621a8d74":[324,401,405,423,491,503,631,859],"0648a22b8":[525,739,243,777],"06a2efcb5":[460,800,824],"0704b52fd":[325,375,409,466,501,538,540,771,856,860,882,893,299],"073060526":[432,799],"0734a42bd":[403,706,906],"07547a1b4":[480,217,765,872],"076cce15f":[464,242],"07707c161":[413,205,823],"07a15418f":[362,559,633,303],"081c330e2":[533,547,659,756,845,899,908],"08334ef99":[623,216,737,817],"08467530b":[385,187,589,627,822],"0854dcf1a":[329,357,146,412,486,532,553,596,654,722,868,920],"086cb6d83":[376,165,809,904],"08a1487a0":[172,563,690,875],"08aa74a23":[477,487,498,516,521,579,607,866,892,905],"08aab8a06":[504,231],"08c12873e":[473,207,616,919],"08dbcfebf":[524,549,201],"09069a75d":[319,537,682,253],"0965a0a91":[574,212,818,833],"09853ac45":[592,269,820],"09c33ef08":[474,693,708],"0a19c3ffa":[318,333,344,373,446,461,495,497,507,515,523,548,599,615,665,676,697,705,795,798,806,285,876,878,902,909],"0a866e8e1":[320,322,326,327,338,351,360,365,366,394,414,427,433,441,463,485,500,531,542,546,560,562,571,594,602,603,609,617,619,622,645,652,657,664,671,678,681,683,685,687,698,715,716,720,730,733,740,741,758,769,783,784,786,789,796,812,829,830,839,846,869,883,887,889,890,295,900,910,912,918,922,926],"0aa928711":[343,137,444,452,470,479,514,543,545,557,613,614,640,644,648,672,691,709,746,754,781,852,865,877,894],"0ab7110fb":[323,612,628,311],"0ab85e912":[363,402,751,310],"0adf8e996":[496,186,762],"0ae2ff43e":[513,695,316],"0b2a98c26":[620,811,273],"0b2e84625":[345,465,490,267],"0b2ee9830":[342,396,219,901],"0b5af811a":[134,528,658,861],"0b8857895":[384,224,666,696],"0b9a6baff":[436,192,775,923],"0bb1c9d26":[370,458,588,211],"0bbc42e3a":[194,618],"0c0feb52a":[421,662],"0c2960f81":[518,606,218,727],"0c5189a57":[457,298],"0c6bbeb92":[347,386,305],"0cb50f8b6":[390,512,289],"0cc79fd50":[168,642,650,808],"0cc9dcf0c":[391,161,841],"0cf85593b":[578,214,688],"0cfebc9ba":[341,175,610],"0d04578db":[133,757,794],"0d274ad8b":[346,350,361,378,406,415,440,469,488,180,581,590,604,646,647,663,742,752,855,857,858,871,880,933],"0d3dd490a":[163,484,583,895],"0d3ea4bd8":[552,634,288],"0d5178806":[380,417,455,502,660,291],"0d7564619":[337,471,519,245],"0d77d02a8":[354,389,424,159,482,494,511,517,522,530,550,551,565,568,569,572,587,605,608,621,668,677,702,721,723,728,734,748,763,791,805,825,840,853,911,930,935],"0dbfc00f3":[408,564,249],"0debf8d15":[124,782],"0e1854bdd":[356,387,418,179],"0e1a8a4ea":[451,661,850],"0ef649a4e":[371,262],"0f0fd788e":[147,526,832,925],"0f11a9b8f":[117,584,797],"0f48e0b8b":[506,567,198,768],"0f50e3e1f":[422,536,770,308],"0f6507d8b":[353,372,420,438,447,462,476,481,505,566,576,580,585,593,636,638,641,655,667,669,701,724,735,767,790,810,842,843,870,293,896,928,931,932],"0f7caa26e":[439,472,271],"0fa272216":[364,255,788],"0fbaa89ef":[128,595,726,914],"0fc0f9f50":[407,229,712,929],"0fd3f85c4":[454,508,747,807],"0fdbaefb2":[193,600],"0ff496b51":[115,368,411,429,450,468,483,489,586,591,759,766,785,814,821,874,891]},"name":"resources","importBase":"import","nativeBase":"native","debug":false,"isZip":false,"encrypted":false,"versions":{"import":["010d3718e","725d3","011f7cf90","c8b3c","0135ff10d","75a4d","017be2b58","3cb79","01b516c06","bf85a","01df485c9","40222",114,"c0b0c","0223b3530","bed10","02289e8ca","34fde","022e5b699","25afb","02387dfc9","7623a","0241edc02","fca9c","026472587","2df41","02aea134e","08b0f","02d66e755","96aa1","032197cb6","c4a0e",116,"f5e74","03408c7e4","442ef","0360f72c8","ef71d","03803b2f5","d8b4e","0389af64c","c762f","03dff27af","87cf3","0468d4af9","28916","04842c986","0cc94","0491c2e84","148c4","04e3458cd","9e5ea","04fc6c31d","bee54","0501d804b","7423a","050e8cda0","caa78","052f4cb6e","10a4a","0547f31ed","629e6","055d39b42","1030e","056ed707a","8d425",119,"dff53","058ae91c5","8468c","05d9932d0","01a19","060457b1e","12cc1","0619b5b5d","43f34","0621a8d74","1ffe7","0648a22b8","91c4c","06a2efcb5","d39db",328,"fa7de","0704b52fd","47307","073060526","09559","0734a42bd","6a2d0","07547a1b4","ee50d","076cce15f","0c802","07707c161","ccf82","07a15418f","06065","081c330e2","1b240","08334ef99","74faf","08467530b","8ef71",120,"3f6b0","0854dcf1a","b3374","086cb6d83","3b0e1",121,"233bf","08a1487a0","4f954","08aa74a23","c2a39","08aab8a06","0bc21","08c12873e","97201","08dbcfebf","e798d","09069a75d","f5c83","0965a0a91","dea52","09853ac45","e47bf","09c33ef08","3b610","0a19c3ffa","a71b7",334,"7472d","0a866e8e1","735e3","0aa928711","cbb5d","0ab7110fb","80578","0ab85e912","fc0ae","0adf8e996","ffd70","0ae2ff43e","20cb2","0b2a98c26","c490e","0b2e84625","1c60c","0b2ee9830","dab99",335,"c2c5d",336,"cbb0e","0b5af811a","64367","0b8857895","c95ad","0b9a6baff","59a8f","0bb1c9d26","ce48d","0bbc42e3a","36312",339,"49ade","0c0feb52a","10db1",340,"abd14","0c2960f81","d59b7","0c5189a57","70a9a","0c6bbeb92","18308","0cb50f8b6","13755","0cc79fd50","73735","0cc9dcf0c","ad3cc",123,"d66bb","0cf85593b","61175","0cfebc9ba","3bc8e","0d04578db","76b56","0d274ad8b","a4976","0d3dd490a","db458","0d3ea4bd8","586c2","0d5178806","76326","0d7564619","70290","0d77d02a8","9e1cf",125,"94a21","0dbfc00f3","c5df1","0debf8d15","fea2b","0e1854bdd","4f5c4","0e1a8a4ea","07582","0ef649a4e","8f9f8","0f0fd788e","bb18e","0f11a9b8f","4c71c","0f48e0b8b","62571","0f50e3e1f","7668d","0f6507d8b","306b8","0f7caa26e","87d5a","0fa272216","e6f67","0fbaa89ef","5e7dd","0fc0f9f50","08954","0fd3f85c4","ca97b","0fdbaefb2","fe51f","0ff496b51","ae3ff",349,"c0552",130,"128f0",352,"471fd",358,"fe2d5",359,"4be07",131,"ae2e7",369,"5bdf8",374,"b87e7",135,"db448",136,"9ba52",381,"0f6b8",139,"ea344",140,"19ca6",392,"a43d4",141,"d28f1",16,"26d74",404,"da411",145,"7bec6",416,"c82fd",430,"9594f",431,"91b3b",150,"1f22d",151,"a19c1",152,"4f832",153,"cf6b6",154,"3934f",24,"bef6f",156,"b912a",445,"70046",453,"35b2b",158,"811a8",160,"adda7",467,"a39fc",166,"f00f7",169,"6912c",170,"78d9b",171,"fd5d5",499,"d4afe",34,"dec8c",510,"3ed05",178,"1ed06",520,"56595",40,"e938a",534,"6a601",535,"6d0bc",181,"5d52c",182,"36a5e",183,"6af81",541,"8b848",185,"d8fc9",555,"640a8",558,"7981f",189,"cf642",561,"208a4",190,"f99aa",191,"83fb8",570,"28605",573,"f9098",575,"6f609",195,"550ae",196,"56b7c",197,"d27a6",200,"17bcb",206,"98758",209,"b192e",213,"ecf11",629,"c78bb",635,"68659",59,"88b58",639,"96f15",651,"4197f",653,"4de6f",656,"8380a",62,"3339d",225,"11b30",228,"8e367",673,"cdb88",674,"95d81",675,"83c89",680,"4cdef",230,"1a3a8",686,"3cfae",232,"b3153",65,"b0df8",689,"725bf",692,"e9a7f",694,"7523e",700,"c9a79",703,"9a6e4",233,"7db20",234,"ca6f2",710,"d11cb",714,"1139a",717,"3c1e2",719,"751c3",235,"a040f",236,"3bd67",237,"0bddf",732,"57c3f",238,"519a2",738,"0de79",743,"b893c",750,"70182",244,"73fc1",246,"42570",753,"76818",755,"9cd68",761,"fe42e",247,"7f35c",77,"47ab2",248,"1a7c6",250,"5d62d",764,"dc29c",772,"a0714",81,"26d74",776,"f0e0a",257,"913eb",258,"fa4cc",259,"58739",261,"65b27",263,"677ea",264,"6d32a",265,"98006",801,"4fb53",266,"47678",802,"cdf72",803,"6e48f",813,"c0d5d",270,"fdca4",815,"84a61",816,"20499",819,"65659",276,"4ef7a",826,"1cee2",277,"7604a",827,"48491",95,"8d0aa",834,"ae9d4",836,"a81cb",280,"3a8b3",837,"ee7ef",838,"a8a83",281,"401a6",282,"80372",844,"e961b",847,"d4452",848,"a9f14",862,"2d152",864,"3c52f",286,"e2c79",867,"8435e",873,"e033f",290,"b6877",292,"16961",881,"8fd0a",294,"fc8d4",884,"f64bb",885,"0c0e0",886,"afa32",897,"473c9",297,"4c469",898,"c66cd",301,"d8081",302,"91c4f",903,"8af18",913,"5c9f4",306,"a2c19",917,"20747",924,"485c7",307,"b9161",927,"1d966",312,"48806",113,"965fc"],"native":[0,"22ef8",1,"4ed41",2,"5d7b5",3,"d150f",122,"cbf66",126,"8f9d3",127,"3661f",4,"9d529",5,"9bc44",6,"57695",7,"7c872",8,"e3228",9,"c1dab",10,"7fbaa",11,"30904",12,"704df",13,"7ed2f",14,"b0515",15,"77172",16,"08bcd",17,"bebc0",144,"c8920",18,"54c83",19,"35a8e",148,"cab05",20,"3f121",21,"071ea",22,"1129a",23,"1fc5d",24,"0b2df",157,"cbf87",25,"9464f",26,"cc7b6",27,"13ae7",28,"153d2",164,"ff8f3",29,"1812e",167,"913b4",30,"9d641",31,"ae55c",32,"6c195",33,"0b189",34,"b5782",173,"7dd2e",174,"e1560",35,"8c11e",36,"e53c3",37,"5587b",38,"def0c",39,"9634b",40,"489cf",41,"f6f9d",42,"0f5ce",43,"5de97",44,"0c2ae",45,"9ab41",46,"ac256",184,"8e06d",47,"c5d4e",48,"118a3",49,"4673b",50,"82e71",51,"34583",202,"53614",52,"6bdbe",53,"189e8",54,"24423",208,"0251a",210,"25a68",55,"4ca26",56,"eb6c5",57,"ea12f",58,"168a6",215,"1fa9b",59,"746e4",60,"36ef5",221,"7f86a",222,"9533c",61,"87fe2",62,"f08e4",226,"7e9ff",63,"28459",64,"da43c",65,"d598d",66,"987d7",67,"d3d11",68,"7a1d3",69,"915fa",70,"76ceb",239,"7a715",240,"767ee",71,"2d056",72,"31f5a",73,"5df4b",74,"e3a0e",75,"dc6c8",76,"08df2",77,"17503",78,"ac256",79,"6f51d",251,"f8b68",80,"5a1d6",81,"27a4b",82,"2c013",83,"33841",84,"85dd7",85,"4206e",86,"81d4b",87,"8f96e",88,"fab4b",268,"72b56",89,"6fb90",90,"498f3",91,"5773b",92,"33e8a",275,"d37f2",93,"5ef25",94,"2e4be",95,"fd4bf",96,"7574f",279,"f6a30",97,"bf569",98,"cae89",99,"e514a",100,"c75bc",101,"77d93",102,"7ce5d",103,"ec816",104,"aed7f",105,"8f654",106,"54809",296,"fbe65",300,"6f6d3",107,"8b6a1",304,"fbf55",108,"62dae",109,"61f07",110,"0db83",309,"c7319",111,"06de7",112,"836d8",113,"0e685",315,"6e136"]}}