[1,["fcJ/EDwItHnanMqu2pj91y","acti3CIXVEUrzTPaqoNyi5","11dcZDrb1DibSDUZ+xWCF5","8e2PSIIbBGcpRLIuWpWEfx","426WzoEC5EpKiXa5FIIlBf","5b+10RMjFCJoJbxIlOi6Ky","81d+TASwVCv7gW87qbl4gS","eeF510KrBNHrxi55AgCmYJ","74E5Q9+qtBDJhrYaRBVecD","f4PezHIMdMPZ8CcUYEOSf3","54cGoq2p5DraA34O5zgorV","47E4QUlIBHN6QJpczjk6Ai","e0HOzQOhZBx5RxCOuoLBTv","4cTP3PHH9NdbB7Kd03Km3O","5d7JNvOvhCNaw2sCDErAEE","4bG3RaKv5GqYcLGeHmrpBY","74GwI1q5JJzKApJmSiTrew","48lKoMuHlLZKfzIjowe8K5","73qzwVM35A1LzERSWLU/CA","99hZM0jXVE6b2rccox0GRW","bbPpdsGrlHorYG0W5Op48Z","1aG7ssIr9BDKTXv7N1R4vj","75X6csCVpCpKxpj608Aodm","a259a6OVBEebS4YL/ZA13u","3amIlgdjRG+7AvNolOWGLN","8cgUIVRg5B4LeS2PfaMJO4","2b+eUsgjxCQYILCcsoTkQZ","8d9zKAULBGkbGrwK9pPLqF","a9Vgv25itGa5QQJw1fQpus","fdzh97YyxCC59qz3EbPwRp","e2ay8Glk5Bf7hxjFH2NZmW","c0nxuuKgVE9oudKkuxsYmQ","984GoJFvBAqI8o7+kw1aWo","adTRHSAtxPAK2VbQG1pbgH","d7zQYqlatOT5pIfk14FJLW","feICVHbp9Pcb3Yxt6K9Nj2","58Y+LHGAxLeZPPq1SG0dkg","70g8iQDUFLPpaWA2GX3of7","35mQ6lar9MF4hM410nQpQV","79jgwXcFxHLIhIDaDRYytK","ef2ZbgIw5KELrVsOu6gkkL","fdYnJFVVVGcLAsHxG11vyM","463g7EKedGwpgUJEBqGNwS","f2zmZdf0tBXLlzWVISuCCu","8aOyAPfRdCHK67ROlTPjVp","95Q0wYoA9E9pqXcr7Vbry4","d7UroO9lJBTLOwvSSUH3lH","93beJhJy1P16xw/ua0bO1b","c6+GLM5r1LMaHL/KhuX6L8","32lgsUZHFOVJjkYUGjblFE","c3yaTGtyFP2JR3ezXciwL3"],["_textureSetter","value","node","_spriteFrame","_defaultClip","root","mediumWinAnimation","levelTwoBgNode","smallWinGlowNode","smallWinAnimation","bounceNode","infoboardMessageController","winDisplayNode","numberDisplayNode","data","_parent"],["cc.SpriteFrame",["cc.Sprite",["_sizeMode","_isTrimmedMode","_dstBlendFactor","node","_spriteFrame"],0,1,6],["cc.Node",["_name","_opacity","_components","_prefab","_contentSize","_parent","_children","_trs"],1,9,4,5,1,2,7],["cc.Node",["_name","_prefab","_components","_parent","_children","_contentSize","_trs"],2,4,12,1,2,5,7],["cc.Node",["_name","_active","_parent","_components","_prefab","_trs","_contentSize"],1,1,2,4,7,5],["cc.AnimationClip",["_name","_duration","sample","curveData"],0,11],["cc.Prefab",["_name"],2],["d9237cyY11EsrptxXomkPBH",["node","numberDisplayNode","winDisplayNode","infoboardMessageController","bounceNode","smallWinAnimation","smallWinGlowNode","levelTwoBgNode","mediumWinAnimation"],3,1,1,1,1,1,1,1,1,1],["cc.PrefabInfo",["fileId","root"],2,1],["cc.Layout",["_resize","_N$layoutType","_N$spacingX","_N$affectedByScale","node","_layoutSize"],-1,1,5],["cc.Mask",["node"],3,1],["e13cc9FLShL66GevrFVSv5p",["maxContainerSize","nodeNumberWidth","nodeNumberScale","commaWidth","commaY","commaScale","decimalWidth","decimalY","decimalScale","decimalNumberWidth","decimalNumberScale","multiplySpriteWidth","node","numberContainer","numberSprite","numberBlurSprite"],-9,1,1,3,3],["cc.Animation",["node","_clips"],3,1,3],["6ce4aSiKeVGJZPyEX2VbsSD",["node","displayController"],3,1,1],["f962cm61b9P6rw9Yco9B/O4",["node","maskNode","spriteMessageNode","sprite","numberRollController","numberDisplayController","winText","totalText","winDisplayNode"],3,1,1,1,1,1,1,1,1,1]],[[8,0,1,2],[1,3,1],[5,0,1,2,3,4],[3,0,3,4,1,2],[2,0,5,6,2,3,4,2],[2,0,5,2,3,4,7,2],[4,0,1,2,3,4,5,3],[1,2,0,1,3,4],[1,3,4,1],[12,0,1,1],[6,0,2],[3,0,4,2,1,2],[3,0,3,2,1,5,2],[3,0,3,2,1,5,6,2],[2,0,6,2,3,4,2],[2,0,1,5,6,2,3,4,3],[2,0,1,5,2,3,4,7,3],[4,0,2,3,4,6,2],[4,0,2,3,4,5,2],[7,0,1,2,3,4,5,6,7,8,1],[9,0,1,2,3,4,5,5],[1,0,3,4,2],[1,0,1,3,4,3],[1,2,3,4,2],[10,0,1],[11,0,1,2,3,4,5,6,7,8,9,10,11,12,13,14,15,13],[13,0,1,1],[14,0,1,2,3,4,5,6,7,8,1]],[[[{"name":"ib_bar_a_mask","rect":[0,0,94,95],"offset":[0,0],"originalSize":[94,95],"capInsets":[0,0,0,0]}],[0],0,[0],[0],[15]],[[{"name":"ib_bar_glow_mw_05","rect":[416,770,413,125],"offset":[0,2],"originalSize":[413,217],"capInsets":[0,0,0,0]}],[0],0,[0],[0],[0]],[[{"name":"ib_bar_glow_mw_10","rect":[416,188,413,169],"offset":[0,4],"originalSize":[413,217],"capInsets":[0,0,0,0]}],[0],0,[0],[0],[0]],[[{"name":"ib_bar_glow_06","rect":[1,361,450,70],"offset":[0,0],"originalSize":[468,78],"capInsets":[0,0,0,0]}],[0],0,[0],[0],[1]],[[{"name":"ib_bar_glow_mw_08","rect":[1,733,413,147],"offset":[0,3],"originalSize":[413,217],"capInsets":[0,0,0,0]}],[0],0,[0],[0],[0]],[[[2,"info_board_2_glow",0.9444444444444444,18,[{},"comps",11,[{},"cc.Sprite",11,[{},"spriteFrame",12,[[[{"frame":0},"value",6,0],[{"frame":0.05555555555555555},"value",6,1],[{"frame":0.1111111111111111},"value",6,2],[{"frame":0.16666666666666666},"value",6,3],[{"frame":0.2222222222222222},"value",6,4],[{"frame":0.2777777777777778},"value",6,5],[{"frame":0.3333333333333333},"value",6,6],[{"frame":0.3888888888888889},"value",6,7],[{"frame":0.4444444444444444},"value",6,8],[{"frame":0.5},"value",6,9],[{"frame":0.5555555555555556},"value",6,10],[{"frame":0.6111111111111112},"value",6,11],[{"frame":0.6666666666666666},"value",6,12],[{"frame":0.7222222222222222},"value",6,13],[{"frame":0.7777777777777778},"value",6,14],[{"frame":0.8333333333333334},"value",6,15],{"frame":0.8888888888888888,"value":null}],11,11,11,11,11,11,11,11,11,11,11,11,11,11,11,11,0]]]]]],0,0,[0,0,0,0,0,0,0,0,0,0,0,0,0,0,0,0],[1,1,1,1,1,1,1,1,1,1,1,1,1,1,1,1],[16,17,18,19,20,21,22,23,24,25,26,27,28,29,30,31]],[[{"name":"ib_bar_glow_10","rect":[1,577,450,70],"offset":[0,0],"originalSize":[468,78],"capInsets":[0,0,0,0]}],[0],0,[0],[0],[1]],[[{"name":"ib_bar_glow_mw_01","rect":[831,416,405,125],"offset":[1,2],"originalSize":[413,217],"rotated":1,"capInsets":[0,0,0,0]}],[0],0,[0],[0],[0]],[[{"name":"ib_bar_glow_04","rect":[1,217,450,70],"offset":[0,0],"originalSize":[468,78],"capInsets":[0,0,0,0]}],[0],0,[0],[0],[1]],[[{"name":"ib_bar_glow_05","rect":[1,289,450,70],"offset":[0,0],"originalSize":[468,78],"capInsets":[0,0,0,0]}],[0],0,[0],[0],[1]],[[{"name":"ib_bar_glow_mw_02","rect":[416,516,413,125],"offset":[0,2],"originalSize":[413,217],"capInsets":[0,0,0,0]}],[0],0,[0],[0],[0]],[[{"name":"ib_bar_glow_mw_00","rect":[1,1009,3,3],"offset":[-205,107],"originalSize":[413,217],"capInsets":[0,0,0,0]}],[0],0,[0],[0],[0]],[[{"name":"ib_bar_glow_mw_06","rect":[416,897,413,125],"offset":[0,2],"originalSize":[413,217],"capInsets":[0,0,0,0]}],[0],0,[0],[0],[0]],[[{"name":"ib_bar_glow_07","rect":[1,433,450,70],"offset":[0,0],"originalSize":[468,78],"capInsets":[0,0,0,0]}],[0],0,[0],[0],[1]],[[{"name":"ib_bar_glow_mw_09","rect":[1,572,413,159],"offset":[0,3],"originalSize":[413,217],"capInsets":[0,0,0,0]}],[0],0,[0],[0],[0]],[[{"name":"ib_bar_glow_mw_11","rect":[1,393,413,177],"offset":[0,4],"originalSize":[413,217],"capInsets":[0,0,0,0]}],[0],0,[0],[0],[0]],[[[2,"info_board_1_glow",0.6666666666666666,18,[{},"comps",11,[{},"cc.Sprite",11,[{},"spriteFrame",12,[[[{"frame":0},"value",6,0],[{"frame":0.05555555555555555},"value",6,1],[{"frame":0.1111111111111111},"value",6,2],[{"frame":0.16666666666666666},"value",6,3],[{"frame":0.2222222222222222},"value",6,4],[{"frame":0.2777777777777778},"value",6,5],[{"frame":0.3333333333333333},"value",6,6],[{"frame":0.3888888888888889},"value",6,7],[{"frame":0.4444444444444444},"value",6,8],[{"frame":0.5},"value",6,9],[{"frame":0.5555555555555556},"value",6,10],{"frame":0.6111111111111112,"value":null}],11,11,11,11,11,11,11,11,11,11,11,0]]]]]],0,0,[0,0,0,0,0,0,0,0,0,0,0],[1,1,1,1,1,1,1,1,1,1,1],[32,33,34,35,36,37,38,39,40,41,42]],[[{"name":"ib_bar_b","rect":[0,0,841,108],"offset":[0,0],"originalSize":[841,108],"capInsets":[0,0,0,0]}],[0],0,[0],[0],[43]],[[{"name":"ib_bar_glow_00","rect":[1,1,450,70],"offset":[0,0],"originalSize":[468,78],"capInsets":[0,0,0,0]}],[0],0,[0],[0],[1]],[[{"name":"ib_bar_glow_mw_03","rect":[1,882,413,125],"offset":[0,2],"originalSize":[413,217],"capInsets":[0,0,0,0]}],[0],0,[0],[0],[0]],[[{"name":"ib_bar_glow_mw_07","rect":[831,1,413,135],"offset":[0,2],"originalSize":[413,217],"rotated":1,"capInsets":[0,0,0,0]}],[0],0,[0],[0],[0]],[[{"name":"ib_bar_glow_mw_12","rect":[416,1,413,185],"offset":[0,5],"originalSize":[413,217],"capInsets":[0,0,0,0]}],[0],0,[0],[0],[0]],[[{"name":"ib_bar_glow_01","rect":[453,1,450,70],"offset":[0,0],"originalSize":[468,78],"rotated":1,"capInsets":[0,0,0,0]}],[0],0,[0],[0],[1]],[[{"name":"ib_bar_glow_mw_04","rect":[416,643,413,125],"offset":[0,2],"originalSize":[413,217],"capInsets":[0,0,0,0]}],[0],0,[0],[0],[0]],[[{"name":"ib_bar_glow_mw_15","rect":[416,359,413,155],"offset":[0,-18],"originalSize":[413,217],"capInsets":[0,0,0,0]}],[0],0,[0],[0],[0]],[[{"name":"ib_text_glow","rect":[0,0,540,162],"offset":[0,0],"originalSize":[540,162],"capInsets":[0,0,0,0]}],[0],0,[0],[0],[44]],[[{"name":"ib_bar_a","rect":[0,0,622,95],"offset":[0,0],"originalSize":[622,95],"capInsets":[0,0,0,0]}],[0],0,[0],[0],[45]],[[{"name":"ib_bar_glow_02","rect":[1,73,450,70],"offset":[0,0],"originalSize":[468,78],"capInsets":[0,0,0,0]}],[0],0,[0],[0],[1]],[[{"name":"ib_bar_glow_mw_14","rect":[1,1,413,195],"offset":[0,5],"originalSize":[413,217],"capInsets":[0,0,0,0]}],[0],0,[0],[0],[0]],[[[10,"info_board_controller"],[11,"info_board_controller",[-12,-13,-14,-15],[[-2,[19,-11,-10,-9,-8,-7,-6,-5,-4,-3]],1,4],[0,"e6G5zeNGVIiYtpqEK7AKlI",-1]],[4,"win_display",1,[-17,-18,-19],[[20,1,1,15,true,-16,[5,450,200]]],[0,"051K/KDOVKG4z9wDiSoroJ",1],[5,450,200]],[14,"info_board_level_one_bg",[-21,-22,-23,-24],[[21,0,-20,3]],[0,"91ft/MrlNGbqM4enLftuIF",1],[5,889,135]],[17,"number_display",2,[-25,-26],[0,"0633hSeltGlZURIB98VLMp",1],[5,450,75]],[4,"message_mask",3,[-28],[[24,-27]],[0,"9doOi7fyJGmaRD2mLbw9JE",1],[5,780,115]],[15,"info_board_level_two_bg",0,1,[-30],[[22,0,false,-29,5]],[0,"a6/iue+y5BeJrTsZ9WQ6+9",1],[5,1200,154]],[3,"bounce_node",1,[3],[0,"08LgYRLPtNd4KOTai8rVzI",1]],[3,"sprite_message",5,[-31],[0,"52KMyF76lLboMKAAvvtccI",1]],[12,"info_board_1_glow_animation",3,[[[7,1,0,false,-32],-33],4,1],[0,"531WWRS8pCyp2Dt8yHFWAj",1],[5,935,156]],[13,"info_board_2_glow_animation",6,[[[7,1,0,false,-34],-35],4,1],[0,"e0W+3RuohJqo9WZ5HD2qzi",1],[5,1212,640],[0,-3,0,0,0,0,1,1,1,1]],[16,"small_win_glow_sprite",0,1,[[23,1,-36,6]],[0,"c30aYZI2tNJIO70IqIXzxh",1],[5,540,162],[0,0,0,0,0,0,1,2,2,1]],[25,450,50,1.428,28,-15,1.428,30,-12,1.428,50,1.428,0,4,4,[7,8,9,10,11,12,13,14,15,16,17,18],[19,20,21,22,23,24,25,26,27,28]],[18,"sprite",8,[-37],[0,"9f+thn3rNHnanIe/ous4KP",1],[0,0,0,0,0,0,1,1.428,1.428,1]],[1,13],[5,"left_mask",3,[[8,-38,0]],[0,"52tPM3DOJMTqesgVJKHCGz",1],[5,94,95],[-377,0,0,0,0,0,1,1.428,1.428,1]],[5,"right_mask",3,[[8,-39,1]],[0,"ddrEy09PBDsIJnAtxtAdN6",1],[5,94,95],[377,0,0,0,0,0,1,-1.428,1.428,1]],[9,9,[2]],[9,10,[4]],[6,"total_win",false,2,[-40],[0,"4aHgXsGaRHU4cMwq0X4RLN",1],[-15,0,0,0,0,0,1,1.428,1.428,1]],[1,19],[6,"win",false,2,[-41],[0,"cc1nGLq2JNIpdkrTBiPLpJ",1],[0,0,0,0,0,0,1,1.428,1.428,1]],[1,21],[26,4,12],[27,1,5,8,14,23,12,22,20,2]],0,[0,5,1,0,-1,24,0,6,18,0,7,6,0,8,11,0,9,17,0,10,7,0,11,24,0,12,2,0,13,4,0,2,1,0,-1,7,0,-2,6,0,-3,11,0,-4,2,0,2,2,0,-1,19,0,-2,21,0,-3,4,0,2,3,0,-1,5,0,-2,15,0,-3,16,0,-4,9,0,-1,12,0,-2,23,0,2,5,0,-1,8,0,2,6,0,-1,10,0,-1,13,0,2,9,0,-2,17,0,2,10,0,-2,18,0,2,11,0,-1,14,0,2,15,0,2,16,0,-1,20,0,-1,22,0,14,1,3,15,7,41],[0,0,0,0,0,0,0,0,0,0,0,0,0,0,0,0,0,0,0,0,0,0,0,0,0,0,0,0,0,17,18],[3,3,-1,3,-1,3,3,-1,-2,-3,-4,-5,-6,-7,-8,-9,-10,-11,-12,-1,-2,-3,-4,-5,-6,-7,-8,-9,-10,4,4],[2,2,3,46,4,47,48,5,6,7,8,9,10,11,12,13,14,49,50,5,6,7,8,9,10,11,12,13,14,3,4]],[[{"name":"ib_bar_glow_08","rect":[525,1,450,70],"offset":[0,0],"originalSize":[468,78],"rotated":1,"capInsets":[0,0,0,0]}],[0],0,[0],[0],[1]],[[{"name":"ib_bar_glow_09","rect":[1,505,450,70],"offset":[0,0],"originalSize":[468,78],"capInsets":[0,0,0,0]}],[0],0,[0],[0],[1]],[[{"name":"ib_bar_glow_mw_13","rect":[1,198,413,193],"offset":[0,5],"originalSize":[413,217],"capInsets":[0,0,0,0]}],[0],0,[0],[0],[0]],[[{"name":"ib_bar_glow_03","rect":[1,145,450,70],"offset":[0,0],"originalSize":[468,78],"capInsets":[0,0,0,0]}],[0],0,[0],[0],[1]]]]