[1,["93R5qUY65NeootcftluIBy","7dqE4aDXhLGKM/kQRp8ywl","19Q9g3r71Fpq4TGIr3c1n2","8fhAocdhJJILtQtZm0GxVU"],["node","_spriteFrame","root","sparkleParticleSystem","bgSpriteNode","data","_textureSetter"],[["cc.Node",["_name","_components","_prefab","_contentSize","_parent","_trs","_children","_eulerAngles"],2,9,4,5,1,7,2,5],["cc.Sprite",["_sizeMode","_srcBlendFactor","_dstBlendFactor","node","_spriteFrame"],0,1,6],"cc.SpriteFrame",["cc.Prefab",["_name"],2],["cc.Node",["_name","_parent","_components","_prefab","_trs"],2,1,2,4,7],["f5ddfUyhRhBBK/0KJeh/j0H",["node","bgSpriteNode","shineSpriteNodeList","sparkleParticleSystem"],3,1,1,2,1],["cc.PrefabInfo",["fileId","root"],2,1],["cc.ParticleSystem",["_dstBlendFactor","_custom","totalParticles","emissionRate","life","angleVar","startSize","startSizeVar","_positionType","speed","speedVar","tangentialAccel","node","_startColor","_startColorVar","_endColor","_endColorVar"],-9,1,8,8,8,8]],[[6,0,1,2],[0,0,4,1,2,3,5,2],[1,1,2,0,3,4,4],[3,0,2],[0,0,6,1,2,3,2],[0,0,4,1,2,3,5,7,2],[4,0,1,2,3,4,2],[5,0,1,2,3,1],[1,0,3,4,2],[7,0,1,2,3,4,5,6,7,8,9,10,11,12,13,14,15,16,13]],[[[[3,"background_controller"],[4,"background_controller",[-7,-8,-9,-10],[[7,-6,-5,[-3,-4],-2]],[0,"cf54306PVLR4YGbeTRGg+B",-1],[5,1080,2340]],[1,"bg_sprite",1,[[8,0,-11,0]],[0,"ccwLlAJU1ARryY0e17u2r/",1],[5,1188,1984.5],[0,268,0,0,0,0,1,1,1,1]],[1,"bg_shine_sprite_1",1,[[2,1,769,0,-12,1]],[0,"d4h54vMBhL24cdLMQgCsWp",1],[5,1080,1038],[0,-570,0,0,0,0,1,1,1,1]],[5,"bg_shine_sprite_2",1,[[2,1,769,0,-13,2]],[0,"10HWInRdZBZJpxGLyxXW48",1],[5,1080,1038],[0,-570,0,0,0,0,1,1,1,1],[1,0,0,15]],[6,"sparkle_particle_system",1,[-14],[0,"01s+zAy/5IVJgtZs+CWCFo",1],[-13,-584,0,0,0,0,1,1,1,1]],[9,1,true,250,50,4.5,90,30,30,1,90,90,0,5,[4,4294967295],[4,0],[4,16777215],[4,0]]],0,[0,2,1,0,3,6,0,-1,3,0,-2,4,0,4,2,0,0,1,0,-1,2,0,-2,3,0,-3,4,0,-4,5,0,0,2,0,0,3,0,0,4,0,-1,6,0,5,1,14],[0,0,0,6],[1,1,1,1],[1,0,0,2]],[[{"name":"bg_main","rect":[1,1,756,1263],"offset":[0,0],"originalSize":[756,1263],"capInsets":[0,0,0,0]}],[2],0,[0],[6],[3]]]]