[1,["aeCJ7K7+hHY61TOgFtBC9h","e4javsSQlH76t17uIHe7Jb","bfbJi6cIBC7rk/cV5QTrpb","29pdtFhdVIfqcoihLI6YQs","7764KB4yVJ4qMMqyVb3Rpe","0brvAGgAhCQZdRjiomi7AH","5b+10RMjFCJoJbxIlOi6Ky","81d+TASwVCv7gW87qbl4gS","eeF510KrBNHrxi55AgCmYJ","74E5Q9+qtBDJhrYaRBVecD","f4PezHIMdMPZ8CcUYEOSf3","54cGoq2p5DraA34O5zgorV","47E4QUlIBHN6QJpczjk6Ai","e0HOzQOhZBx5RxCOuoLBTv","4cTP3PHH9NdbB7Kd03Km3O","5d7JNvOvhCNaw2sCDErAEE","32lgsUZHFOVJjkYUGjblFE","c3yaTGtyFP2JR3ezXciwL3","ba6zHC4P9GKZEALm5vi4+Y","b5+tFpRDdIrIT3vNGoS7az","30VpdSt3pCn6V47b3rdr4O","4dTd1wmHdGRLE3Yx7+lAM2","45OGgdV7dJUZslVmKlWQTU","4aQl1F/UVJYpxFNsbUI2Tr","18g3doVMRET5CzzfonpKui","3cesTyRT1JIYS97WMoLpUk","edVdblhA9FlIiPPtj2d3sr","ccTNaNeeJLcaEOtXdr0JCp","75hbFtceNIf6yFl9Tqar4p","c9xQrNwLZGDbUfh0goW2wF","81AkXT/lVMqIX2LzvVSoDR"],["_textureSetter","node","root","data","_spriteFrame","numberContainer","popOutItem","popOutTint","numberHolder","background","spine"],["cc.SpriteFrame",["cc.Node",["_name","_opacity","_prefab","_contentSize","_components","_trs","_children","_parent","_color","_anchorPoint"],1,4,5,9,7,2,1,5,5],["cc.Sprite",["_sizeMode","_enabled","_isTrimmedMode","node","_spriteFrame"],0,1,6],["cc.Node",["_name","_parent","_components","_prefab","_contentSize","_anchorPoint"],2,1,2,4,5,5],["cc.Prefab",["_name"],2],["7c05ali6OlCEJ+GOnxbYWHT",["node","popOutItem","popOutTint"],3,1,6,6],["cc.PrefabInfo",["fileId","root"],2,1],["58b31+llD1BAb9tUvY4+l2s",["node"],3,1],["8c2807NxrBFQaahSKlJ8o1P",["node","spine","background","payoutNumber","payoutValue","numberHolder"],3,1,1,1,2,2,1],["e13cc9FLShL66GevrFVSv5p",["maxContainerSize","enableComma","enableDecimal","nodeNumberWidth","nodeNumberScale","commaWidth","commaY","commaScale","decimalWidth","decimalY","decimalScale","decimalNumberWidth","decimalNumberScale","multiplySpriteWidth","node","numberContainer","numberSprite"],-11,1,1,3],["sp.Skeleton",["node"],3,1]],[[6,0,1,2],[4,0,2],[1,0,7,4,2,3,5,2],[9,0,1,2,3,4,5,6,7,8,9,10,11,12,13,14,15,16,15],[1,0,4,2,3,2],[1,0,1,4,2,8,3,5,3],[1,0,6,4,2,3,9,2],[1,0,7,6,2,3,5,2],[1,0,7,6,2,8,3,2],[3,0,1,2,3,4,5,2],[3,0,1,2,3,2],[5,0,1,2,1],[2,0,3,4,2],[2,1,0,2,3,4,4],[2,0,3,2],[7,0,1],[8,0,1,2,3,4,5,1],[10,0,1]],[[[[1,"symbol_payout_controller"],[4,"symbol_payout_controller",[[11,-2,0,1]],[0,"2blmwBTBVO27FhYk9MyS9v",-1],[5,1038,873]]],0,[0,2,1,0,1,1,0,3,1,2],[0,0],[6,7],[2,3]],[[{"name":"6","rect":[244,1,32,45],"offset":[0,0],"originalSize":[32,45],"capInsets":[0,0,0,0]}],[0],0,[0],[0],[0]],[[[1,"pop_out_tint"],[5,"pop_out_tint",180,[[12,0,-2,0],[15,-3]],[0,"dcxB6xlYtBU4crK9GsPLdt",-1],[4,4278190080],[5,1080,900],[0,15,0,0,0,0,1,1,1,1]]],0,[0,2,1,0,1,1,0,1,1,0,3,1,3],[0],[4],[4]],[[{"name":"2","rect":[72,1,33,46],"offset":[0,0],"originalSize":[33,46],"capInsets":[0,0,0,0]}],[0],0,[0],[0],[0]],[[{"name":"7","rect":[141,1,31,46],"offset":[0,0],"originalSize":[31,46],"capInsets":[0,0,0,0]}],[0],0,[0],[0],[0]],[[{"name":"4","rect":[1,1,35,47],"offset":[0,0],"originalSize":[35,47],"capInsets":[0,0,0,0]}],[0],0,[0],[0],[0]],[[{"name":"5","rect":[311,1,31,45],"offset":[0,0],"originalSize":[31,45],"capInsets":[0,0,0,0]}],[0],0,[0],[0],[0]],[[{"name":"3","rect":[38,1,32,47],"offset":[0,0],"originalSize":[32,47],"capInsets":[0,0,0,0]}],[0],0,[0],[0],[0]],[[{"name":"comma","rect":[344,1,16,27],"offset":[0,0],"originalSize":[16,27],"capInsets":[0,0,0,0]}],[0],0,[0],[0],[0]],[[{"name":"ui_reel_mask","rect":[0,0,540,539],"offset":[0,0],"originalSize":[540,539],"capInsets":[0,0,0,0]}],[0],0,[0],[0],[5]],[[{"name":"1","rect":[278,1,31,45],"offset":[0,0],"originalSize":[31,45],"capInsets":[0,0,0,0]}],[0],0,[0],[0],[0]],[[{"name":"0","rect":[207,1,35,45],"offset":[0,0],"originalSize":[35,45],"capInsets":[0,0,0,0]}],[0],0,[0],[0],[0]],[[[1,"pop_out_item"],[6,"pop_out_item",[-9,-10,-11],[[16,-7,-6,-5,[-4],[-3],-2],[13,false,0,false,-8,24]],[0,"58SSSDXaBEaKku46dZTDZd",-1],[5,645,308],[0,0.735,0.5]],[7,"number_holder",1,[-12,-13],[0,"c8J0HtG/JHYalT3hfunf4U",1],[5,275,200],[-346,0,0,0,0,0,1,1,1,1]],[2,"number",2,[[3,450,false,false,50,1.428,28,-15,1.428,30,-12,1.428,5,1.428,0,-15,-14,[0,1,2,3,4,5,6,7,8,9,10,11]]],[0,"a4FZfYSwRPqpov4JeoAhDW",1],[5,50,0],[-100,0,0,0,0,0,1,1,1,1]],[2,"value",2,[[3,450,false,false,50,1.428,28,-15,1.428,30,-12,1.428,5,1.428,0,-17,-16,[12,13,14,15,16,17,18,19,20,21,22,23]]],[0,"24yDWQ08pEvbiP+BqOF3wj",1],[5,150,0],[50,0,0,0,0,0,1,1,1,1]],[9,"background_sprite",1,[-18],[0,"42AfMImCVFGodH4LfOvxS/",1],[5,645,308],[0,0.265,0.5]],[14,0,5],[8,"spine_holder",1,[-19],[0,"ecAsFPF6RBWpYSx3zmOaEW",1],[4,4294634475],[5,346,300]],[10,"spine",7,[-20],[0,"d8A2W4gN1FmotqZ+a5q/he",1]],[17,8]],0,[0,2,1,0,8,2,0,-1,4,0,-1,3,0,9,6,0,10,9,0,1,1,0,1,1,0,-1,5,0,-2,2,0,-3,7,0,-1,3,0,-2,4,0,5,3,0,1,3,0,5,4,0,1,4,0,-1,6,0,-1,8,0,-1,9,0,3,1,20],[0,0,0,0,0,0,0,0,0,0,0,0,0,0,0,0,0,0,0,0,0,0,0,0,0,6],[-1,-2,-3,-4,-5,-6,-7,-8,-9,-10,-11,-12,-1,-2,-3,-4,-5,-6,-7,-8,-9,-10,-11,-12,4,4],[6,7,8,9,10,11,12,13,14,15,16,17,18,19,20,21,22,23,24,25,26,27,28,29,1,1]],[[{"name":"decimal","rect":[344,30,16,20],"offset":[0,0],"originalSize":[16,20],"capInsets":[0,0,0,0]}],[0],0,[0],[0],[0]],[[{"name":"9","rect":[174,1,31,46],"offset":[0,0],"originalSize":[31,46],"capInsets":[0,0,0,0]}],[0],0,[0],[0],[0]],[[{"name":"ui_paytable","rect":[0,0,452,216],"offset":[0,0],"originalSize":[452,216],"capInsets":[0,0,0,0]}],[0],0,[0],[0],[30]],[[{"name":"8","rect":[107,1,32,46],"offset":[0,0],"originalSize":[32,46],"capInsets":[0,0,0,0]}],[0],0,[0],[0],[0]]]]