[1,["0efVkiICpCX4AX7EZs/Pti","7akXYV9UJGBpbLhDf7gIW4","26/024mxFCzKISDhbuA+af","a74bBx65FE/4c+X0tBDTOh","077wayLbtGia6Ts4UlVZkB","a3PtGw7QxLw4HNwDP2pfdy","6cAFSHPGxOEo+OBQUAbIbg","00qDfyKG1JkawqZhYNWTzJ","b6ElIMdThIfJx39zBnZ1F2","a59qERDohKB5CC0W0nUDcb"],["node","_spriteFrame","_textureSetter","root","data","slotSpinEffectControllerHolder","bonusSlotBackground","slotHolder","slotItemPrefab","symbolImage","attachmentHolder"],["cc.SpriteFrame",["cc.Node",["_name","_opacity","_prefab","_contentSize","_parent","_components","_trs","_children"],1,4,5,1,9,7,2],["cc.Sprite",["_sizeMode","_isTrimmedMode","node","_spriteFrame"],1,1,6],["cc.Prefab",["_name"],2],["cc.Node",["_name","_parent","_components","_prefab","_contentSize"],2,1,2,4,5],["b51b3D3XN5Phpw2GjwMG4k+",["node","slotHolder","bonusSlotBackground","slotSpinEffectControllerHolder","slotItemPrefab"],3,1,1,1,1,6],["cc.PrefabInfo",["fileId","root"],2,1],["3cb6dabPNlK07tshmL8RaKC",["node","attachmentHolder","symbolImage"],3,1,1,1]],[[6,0,1,2],[2,0,2,3,2],[1,0,4,5,2,3,6,2],[3,0,2],[1,0,7,5,2,3,2],[1,0,4,2,2],[1,0,1,4,5,2,3,6,3],[1,0,4,7,2,3,6,2],[1,0,4,5,2,3,2],[4,0,1,2,3,4,2],[5,0,1,2,3,4,1],[2,0,1,2,3],[7,0,1,2,1]],[[[{"name":"ui_reel_top","rect":[1,226,836,167],"offset":[0,0],"originalSize":[840,167],"capInsets":[0,0,0,0]}],[0],0,[0],[2],[0]],[[{"name":"f_reel","rect":[1,1,756,634],"offset":[0,0],"originalSize":[756,634],"capInsets":[0,0,0,0]}],[0],0,[0],[2],[2]],[[[3,"slot_controller"],[4,"slot_controller",[-6,-7,-8,-9,-10,-11,-12,-13,-14,-15,-16],[[10,-5,-4,-3,-2,10]],[0,"bde66U2n9B+ZTzyEuRUG8d",-1],[5,1000,900]],[6,"bonus_background",0,1,[[1,0,-17,5]],[0,"6e5IsoTKhKhKSDmWQw6NBv",1],[5,1088,914],[0,2,0,0,0,0,1,1,1,1]],[7,"slot_holder",1,[-18],[0,"ea0rUQ3YBONolK6jPCY32S",1],[5,1000,900],[-2,9,0,0,0,0,1,1,1,1]],[2,"fire_cracker_holder_top_left",1,[[1,0,-19,0]],[0,"aadPhRIY9LVb8jQA16UoCv",1],[5,237,381],[-530,238,0,0,0,0,1,-1,1,1]],[2,"fire_cracker_holder_top_right",1,[[1,0,-20,1]],[0,"81HqXFACNLWbnuwFulLMST",1],[5,237,381],[530,238,0,0,0,0,1,1,1,1]],[2,"fire_cracker_holder_bottom_left",1,[[1,0,-21,2]],[0,"a1nnDklFhEXoFgMK3La1K/",1],[5,237,381],[-355.5,-592,0,0,0,0,1,-1,1,1]],[2,"fire_cracker_holder_bottom_right",1,[[1,0,-22,3]],[0,"0ciFOXDjpJR6EFrOJHO2eT",1],[5,237,381],[355.5,-592,0,0,0,0,1,1,1,1]],[8,"normal_background",1,[[1,0,-23,4]],[0,"82apBjgxJHrJmgq7I1StN6",1],[5,1080,905]],[5,"slot_spin_effect_controller_holder",3,[0,"937xugXedOzYTHZJcC20fp",1]],[2,"left_pillar_sprite",1,[[1,0,-24,6]],[0,"5f/teQTvVMUq9ucGuY+ASF",1],[5,192,427],[-419,-703,0,0,0,0,1,1,1,1]],[2,"right_pillar_sprite",1,[[1,0,-25,7]],[0,"f3qljq2/NMxrLpfzkbOHqe",1],[5,192,427],[421,-703,0,0,0,0,1,1,1,1]],[2,"top_red_bar",1,[[1,0,-26,8]],[0,"bc/y5LXgFEqoD8AcB6bWQv",1],[5,1200,238],[0,550,0,0,0,0,1,1,1,1]],[2,"bottom_red_bar",1,[[1,0,-27,9]],[0,"4cX96HC9xI6rAWrMoaT20J",1],[5,1124,89],[0,-475,0,0,0,0,1,1,1,1]]],0,[0,3,1,0,5,9,0,6,2,0,7,3,0,0,1,0,-1,4,0,-2,5,0,-3,6,0,-4,7,0,-5,8,0,-6,2,0,-7,3,0,-8,10,0,-9,11,0,-10,12,0,-11,13,0,0,2,0,-1,9,0,0,4,0,0,5,0,0,6,0,0,7,0,0,8,0,0,10,0,0,11,0,0,12,0,0,13,0,4,1,27],[0,0,0,0,0,0,0,0,0,0,0],[1,1,1,1,1,1,1,1,1,1,8],[1,1,1,1,3,4,5,6,7,8,9]],[[{"name":"bg_pillar_right","rect":[302,64,134,299],"offset":[0,0],"originalSize":[134,299],"rotated":1,"capInsets":[0,0,0,0]}],[0],0,[0],[2],[0]],[[{"name":"bg_cracker","rect":[603,64,160,263],"offset":[2,1],"originalSize":[166,267],"rotated":1,"capInsets":[0,0,0,0]}],[0],0,[0],[2],[0]],[[{"name":"bg_pillar_left","rect":[1,64,134,299],"offset":[0,0],"originalSize":[134,299],"rotated":1,"capInsets":[0,0,0,0]}],[0],0,[0],[2],[0]],[[[3,"slot_item"],[4,"slot_item",[-5,-6],[[12,-4,-3,-2]],[0,"73853xoZxC7Jc+LvxYe+qG",-1],[5,344,300]],[9,"content",1,[-7],[0,"66BXk5xTBLQpPCNJVWPTRf",1],[5,460,480]],[11,0,false,2],[5,"attachment_holder",1,[0,"22qu5jDAFP8Ir2TI+BNFgO",1]]],0,[0,3,1,0,9,3,0,10,4,0,0,1,0,-1,2,0,-2,4,0,-1,3,0,4,1,7],[],[],[]],[[{"name":"ui_reel","rect":[759,1,756,634],"offset":[0,0],"originalSize":[756,634],"capInsets":[0,0,0,0]}],[0],0,[0],[2],[2]],[[{"name":"ui_reel_btm","rect":[1,1,785,61],"offset":[0,0],"originalSize":[785,61],"capInsets":[0,0,0,0]}],[0],0,[0],[2],[0]]]]