{"version":2,"assets":{"favicon.ico":["0db95","743409b041"],"history/index.json":["8e36f","3dcca8fd1d"],"paytable-rules/index.json":["71e15","53e336dbb8"],"shell-game-res/appearance/appearance.json":["c5987","b9e3f59f38"],"shell-game-res/appearance/da/appearance.json":["c5987","54a5ef9165"],"shell-game-res/appearance/de/appearance.json":["c5987","386f30f710"],"shell-game-res/appearance/en/appearance.json":["c5987","bfec105966"],"shell-game-res/appearance/es/appearance.json":["c5987","f5b961aa2c"],"shell-game-res/appearance/fi/appearance.json":["c5987","084d83a866"],"shell-game-res/appearance/fr/appearance.json":["c5987","e357b9b6ff"],"shell-game-res/appearance/id/appearance.json":["c5987","fa52ebd3a1"],"shell-game-res/appearance/it/appearance.json":["c5987","f0f378d115"],"shell-game-res/appearance/ja/appearance.json":["4d00a","c2c4761810"],"shell-game-res/appearance/ko/appearance.json":["4d00a","20c025ed58"],"shell-game-res/appearance/nl/appearance.json":["c5987","65551a3013"],"shell-game-res/appearance/no/appearance.json":["c5987","ff820a3227"],"shell-game-res/appearance/pl/appearance.json":["c5987","d93c35bf71"],"shell-game-res/appearance/pt/appearance.json":["c5987","a139100f29"],"shell-game-res/appearance/ro/appearance.json":["c5987","f378cd6648"],"shell-game-res/appearance/ru/appearance.json":["c5987","9050316bb3"],"shell-game-res/appearance/sv/appearance.json":["c5987","fc3008afe1"],"shell-game-res/appearance/th/appearance.json":["c5987","de5a698810"],"shell-game-res/appearance/tr/appearance.json":["c5987","9146241efb"],"shell-game-res/appearance/vi/appearance.json":["c5987","d757ffa3c8"],"shell-game-res/appearance/zh/appearance.json":["4d00a","58b1e4d4a8"],"shell-game-res/locale/da/locale.json":["d71e3","4439682ffb"],"shell-game-res/locale/de/locale.json":["41275","5969a81043"],"shell-game-res/locale/es/locale.json":["8c681","b9fefaeb5e"],"shell-game-res/locale/fi/locale.json":["8159b","279563c6a9"],"shell-game-res/locale/fr/locale.json":["8127f","f77b419b67"],"shell-game-res/locale/id/locale.json":["7c56d","8f5497e519"],"shell-game-res/locale/it/locale.json":["ea2c0","3d8460ffad"],"shell-game-res/locale/ja/locale.json":["a0df3","fdd5d47011"],"shell-game-res/locale/ko/locale.json":["1cb3b","b1c7041da5"],"shell-game-res/locale/locale.json":["7746d","717c75df04"],"shell-game-res/locale/my/locale.json":["08d26","19b2ae2dc1"],"shell-game-res/locale/nl/locale.json":["dcc20","9453b29800"],"shell-game-res/locale/no/locale.json":["a41c7","4135d273d0"],"shell-game-res/locale/pl/locale.json":["e7aca","71a6c1c2e6"],"shell-game-res/locale/pt/locale.json":["f2c72","cc48a1af02"],"shell-game-res/locale/ro/locale.json":["f1cc7","512b905194"],"shell-game-res/locale/ru/locale.json":["7fa21","32e7fc6992"],"shell-game-res/locale/sv/locale.json":["0032b","abd52a26d6"],"shell-game-res/locale/th/locale.json":["ad478","98b2fa0bac"],"shell-game-res/locale/tr/locale.json":["45226","83a1e49014"],"shell-game-res/locale/vi/locale.json":["a017e","877679d15d"],"shell-game-res/locale/zh/locale.json":["4eec8","e68be9326e"],"shell-game-res/plugin.json":["1d861","06ebce26fa"],"shell-game-res/splash/da/splash.jpg":["4cb0a","88bd56cfcf"],"shell-game-res/splash/de/splash.jpg":["7bef6","57c04c9330"],"shell-game-res/splash/es/splash.jpg":["193fd","344e615b10"],"shell-game-res/splash/fi/splash.jpg":["7c8f7","1eedd8cdb0"],"shell-game-res/splash/fr/splash.jpg":["25cc0","0cf73679af"],"shell-game-res/splash/game_icon.png":["48c9f","e0da78c227"],"shell-game-res/splash/icon_android_144.png":["41f1f","abdab85827"],"shell-game-res/splash/icon_android_192.png":["932b1","cc5612ea8f"],"shell-game-res/splash/icon_android_96.png":["508cd","d03105aa3c"],"shell-game-res/splash/icon_ios_180.png":["334d7","a1851ebe8d"],"shell-game-res/splash/icon_ios_60.png":["2a7e2","dcfb9104f1"],"shell-game-res/splash/id/splash.jpg":["8e733","8435ff7c99"],"shell-game-res/splash/it/splash.jpg":["883a5","88e0d906ea"],"shell-game-res/splash/ja/splash.jpg":["21813","369100ce68"],"shell-game-res/splash/ko/splash.jpg":["4d29c","2c4bb2170f"],"shell-game-res/splash/launch.jpg":["452f3","501b9c6144"],"shell-game-res/splash/my/splash.jpg":["e51de","e2c65bf3ad"],"shell-game-res/splash/nl/splash.jpg":["97c18","7c9666adb3"],"shell-game-res/splash/no/splash.jpg":["ef09c","c641e575ae"],"shell-game-res/splash/pl/splash.jpg":["cc8b2","5eba23d37d"],"shell-game-res/splash/pt/splash.jpg":["77a8b","3837b5ee8e"],"shell-game-res/splash/ro/splash.jpg":["824f6","f222eeb07d"],"shell-game-res/splash/ru/splash.jpg":["be6d2","dec32f46d1"],"shell-game-res/splash/splash.jpg":["2591b","96a410a724"],"shell-game-res/splash/sv/splash.jpg":["731ed","15b028f384"],"shell-game-res/splash/th/splash.jpg":["4f230","086b38d6ac"],"shell-game-res/splash/tr/splash.jpg":["613c1","a43327eccc"],"shell-game-res/splash/vi/splash.jpg":["6c612","96f7f31982"],"shell-game-res/splash/zh/splash.jpg":["76718","ed60750540"]}}