{"FM":{"Title":"Fortune Mouse"},"InfoboardMessage":{"Win":"Win","TotalWin":"Total Win"},"SettingMenuHelper":{"QuitGameTitle":"Quit Game","QuitGameMessage":"Are you sure you want to quit?","Cancel":"Cancel","Quit":"Quit","ReevaluateBet":"Bet Options have been updated. Please select a new betting option.","Select":"Bet Options","RetryResLoad":"Loading resources failed, system retrying... (%{times} time)","HistoryOK":"OK","SmartBotTitle":"SmartBot","SmartBotMessage":"Would you like to try SmartBot?","NextTime":"Next time","TryNow":"Try now"},"SettingMenu":{"WalletLoading":"Loading","SettingSliderNumNone":"None","BalanceWord":"Balance","WinPrizeWord":"Win","WalletRetry":"Retry","SettingCloseWord":"Close","SettingHistoryWord":"History","SettingPayoutWord":"Paytable","SettingRulesWord":"Rules","SettingSoundWord":"Sound","TurboSpinEnable":"Turbo Spin Enabled","TurboSpinDisable":"Turbo Spin Disabled","BiggestBet":"Maximum Bet","SmallestBet":"Minimum Bet","SettingSmartBotWord":"SmartBot","SettingQuitWord":"Quit","Bet":"Bet","Max":"Max","FreeGame":"Free Game","RollOver":"Roll-over"},"WalletHelper":{"Cancel":"Cancel","Confirm":"Confirm","Acknowledge":"OK","View":"View","NextTime":"Later","ChangeWalletTitle":"Change Wallet","ChangeWalletDesc":"Switch to Cash Wallet?","WalletReminder":"Offer Reminder","NewWalletDesc":"Congratulations, you have new offers! Check it now?","WalletReminderDesc":"You still have ongoing offers! Check it now?","Balance":"Balance","TotalWin":"Total Win","FreeGameCounter":"Free Game: %{count}","RollOver":"Roll-over: %{amount}"}}