[1,["3e8+kwFbRFWJxIveEZevO4","26/024mxFCzKISDhbuA+af"],["node","_spriteFrame","_textureSetter","root","data"],[["cc.Node",["_name","_components","_prefab","_children","_parent","_color","_contentSize","_anchorPoint","_trs"],2,9,4,2,1,5,5,5,7],"cc.SpriteFrame",["cc.Prefab",["_name"],2],["2f676GNldRAFbQcbwobDSS4",["node","onSpinGlowNodeList"],3,1,2],["cc.PrefabInfo",["fileId","root"],2,1],["cc.Sprite",["_dstBlendFactor","_sizeMode","node","_spriteFrame"],1,1,6]],[[4,0,1,2],[0,0,4,1,2,5,6,7,8,2],[5,0,1,2,3,3],[2,0,2],[0,0,3,1,2,2],[3,0,1,1]],[[[{"name":"ui_spin_glow","rect":[1517,1,154,453],"offset":[0,0],"originalSize":[154,453],"capInsets":[0,0,0,0]}],[1],0,[0],[2],[1]],[[[3,"slot_spin_effect_controller"],[4,"slot_spin_effect_controller",[-6,-7,-8],[[5,-5,[-2,-3,-4]]],[0,"0eV+Z5OWhG55r8LmDKgPCv",-1]],[1,"left_glow_sprite",1,[[2,1,2,-9,0]],[0,"57mA/jEW1M3L9iS+qLDylX",1],[4,4278190080],[5,154,453],[0,0.5,1],[-350,445,0,0,0,0,1,2,1,1]],[1,"center_glow_sprite",1,[[2,1,2,-10,1]],[0,"0ffSNhnpNBcLbtWU2exoQt",1],[4,4278190080],[5,154,453],[0,0.5,1],[-4,445,0,0,0,0,1,2,1,1]],[1,"right_glow_sprite",1,[[2,1,2,-11,2]],[0,"3fc+IpUsJEo5PARLI0AgEl",1],[4,4278190080],[5,154,453],[0,0.5,1],[344,445,0,0,0,0,1,2,1,1]]],0,[0,3,1,0,-1,2,0,-2,3,0,-3,4,0,0,1,0,-1,2,0,-2,3,0,-3,4,0,0,2,0,0,3,0,0,4,0,4,1,11],[0,0,0],[1,1,1],[0,0,0]]]]